index,A GNRC,Standard_dev,label
0,-59.75955879428386,2.7889970865118685,-1.0
1,-60.17260426339672,2.7889970865118685,-1.0
2,-60.36472055854409,2.7889970865118685,-1.0
3,-60.60796948217471,2.7889970865118685,-1.0
4,-62.82268226170746,2.7889970865118685,-1.0
5,-63.01818598150795,2.7889970865118685,-1.0
6,-65.00838318030787,2.7889970865118685,-1.0
7,-63.416229664303344,2.7889970865118685,-1.0
8,-62.243686162850906,2.7889970865118685,-1.0
9,-63.04971761764381,2.7889970865118685,-1.0
10,-64.86313444721215,2.7889970865118685,-1.0
11,-64.99007071434977,2.7889970865118685,-1.0
12,-65.39843785156489,2.7889970865118685,-1.0
13,-66.45056157666468,2.7889970865118685,-1.0
14,-66.86310156098776,2.7889970865118685,-1.0
15,-67.14960380014784,2.7889970865118685,-1.0
16,-67.55633033592021,2.7889970865118685,-1.0
17,-67.86688490750817,2.7889970865118685,-1.0
18,-68.8004644236297,2.7889970865118685,-1.0
19,-66.5973846442806,2.7889970865118685,-1.0
20,-68.31899792084914,2.7029168519564073,-1.0
21,-71.21077706996279,2.836688723877954,-1.0
22,-74.11155896617319,3.211049455214278,1.0
23,-71.87131180662851,3.2001106609038463,-1.0
24,-73.91195420975771,3.464531961614431,1.0
25,-76.05836510326932,3.8541626787448267,1.0
26,-76.7967429080494,4.284285251046911,1.0
27,-77.47380960054946,4.571245768358908,1.0
28,-78.56847042914997,4.740799106946854,1.0
29,-76.50964052839709,4.672737912532523,1.0
30,-73.0888213437551,4.5030680277101105,1.0
31,-71.33462825109528,4.2766988425129355,1.0
32,-70.5160455993998,4.052428559740982,1.0
33,-72.48315345126069,3.8732198530307627,1.0
34,-70.40175064080063,3.710623583385326,1.0
35,-71.92324630994746,3.529177797705195,1.0
36,-70.49969335131013,3.380508040661527,1.0
37,-69.4062428306162,3.2877037106851326,1.0
38,-65.96228130703331,3.5093121703199674,1.0
39,-65.88398555901719,3.5739163255816195,1.0
40,-67.03472436057791,3.6600225262294845,1.0
41,-67.35548107094996,3.815969885952889,1.0
42,-65.40288213419446,4.058649771157067,1.0
43,-63.494440182448166,4.445593966096867,1.0
44,-63.96603550713955,4.677145295505467,1.0
45,-63.22839510273923,4.78333904231291,1.0
46,-62.49726422865685,4.7930892920055435,1.0
47,-61.57798476209952,4.692231734384126,1.0
48,-59.79495485371247,4.455843659498722,1.0
49,-59.29424567588238,4.308157979273407,1.0
50,-57.633038847452,4.494819200238326,1.0
51,-56.17805411671563,4.811837012483336,1.0
52,-53.3010168880121,5.327922677367177,1.0
53,-52.258097760525416,5.617672446584438,1.0
54,-51.65493594167414,5.934988528990313,1.0
55,-47.73624419425842,6.346071886213716,1.0
56,-46.52875088287556,6.749637110343916,1.0
57,-43.93445527263301,7.266577078750122,1.0
58,-42.99110536628167,7.855779808003981,1.0
59,-41.4895119932452,8.376350631134953,1.0
60,-43.15047185350204,8.477471373226809,1.0
61,-42.50375975257831,8.419018585535518,1.0
62,-42.44717672697793,8.337087416362715,1.0
63,-40.864460523864224,8.342485438951249,1.0
64,-39.68839289316206,8.221736455499206,1.0
65,-39.034848586817056,8.018054432558264,1.0
66,-40.95074070249714,7.576692471978253,1.0
67,-39.61965783851494,7.104829927626251,1.0
68,-38.106629380883874,6.70130126143204,1.0
69,-36.03506850502627,6.271402031781904,1.0
70,-37.3679533869008,5.7009213883445256,1.0
71,-35.59621583966162,5.181385049491769,1.0
72,-34.82057743474698,4.839765540047847,1.0
73,-34.09993046977536,4.471495746503125,1.0
74,-32.8821362216133,4.052636450226812,1.0
75,-30.08017855868902,4.197441044584738,1.0
76,-27.066746095387487,4.62145914043078,1.0
77,-27.954823439661237,4.936878704498859,1.0
78,-27.886400990379563,5.176036138557167,1.0
79,-26.069242819150304,5.54213319707751,1.0
80,-26.870732606057626,5.602665795120832,1.0
81,-22.582059517823502,5.957544158161419,1.0
82,-23.19733187069012,6.075037275177029,1.0
83,-20.488439832873368,6.39375983485548,1.0
84,-20.266411890291145,6.638014016871982,1.0
85,-20.541038018107574,6.754088987786784,1.0
86,-18.35204390201794,6.737825109305667,1.0
87,-18.161293790194076,6.664892591136151,1.0
88,-18.193421643316626,6.549638310589234,1.0
89,-16.7535024491715,6.557269091997902,1.0
90,-15.788165055172172,6.353879959554276,1.0
91,-16.369538037977897,6.096888373410281,1.0
92,-16.538685403558652,5.736598341850114,1.0
93,-15.224253879163712,5.355617460046173,1.0
94,-15.031683578717384,4.928090292475461,1.0
95,-13.314879045813656,4.755717323348221,1.0
96,-11.580753691370106,4.861088070708093,1.0
97,-10.707587531179604,4.822814617066803,1.0
98,-9.328738682991393,4.746130529963429,1.0
99,-9.233476250225124,4.68898106642936,1.0
100,-7.317593909045193,4.542545760350999,1.0
101,-5.638584923597023,4.812250866509861,0.0
102,-5.23220638239205,4.897453456770885,0.0
103,-3.5431327080232293,5.20874111385929,0.0
104,-3.38386635894738,5.3945501503650775,0.0
105,-3.0924095075865097,5.4384259747905705,0.0
106,-2.6640341260277154,5.549497660275498,0.0
107,-2.815339549111592,5.547011957837769,0.0
108,-2.857005618033078,5.426223526546445,0.0
109,-3.357720312504263,5.285403353374503,0.0
110,-2.698942273651042,5.164123759605263,0.0
111,-1.3099707521754669,4.97339415589273,0.0
112,-1.260938579298532,4.632151665371417,0.0
113,-1.1814494726463494,4.288434453891026,0.0
114,-1.6599397509614915,3.782211565247266,0.0
115,-1.0810875131934523,3.3497836328419455,0.0
116,-1.7389588358448833,2.9539343795829347,-1.0
117,-0.915129408064942,2.571296703823805,-1.0
118,-0.4795364355597939,2.260974921396455,-1.0
119,0.1009335307093124,1.8481171794390614,-1.0
120,0.3676807902803816,1.5991939701825602,-1.0
121,0.7735287251537386,1.5189406953848372,-1.0
122,0.81925684125207,1.4200454141705607,-1.0
123,0.5192672326231289,1.4178470044893114,-1.0
124,-0.3103871290475766,1.3562488492848315,-1.0
125,-0.3835257082396737,1.295649790073636,-1.0
126,-1.0385918317116063,1.2427175474412695,-1.0
127,-1.9263538479344149,1.1901105172584128,-1.0
128,-1.0661888658665646,1.1059219624761742,-1.0
129,-2.961833125853332,1.0621311146144812,-1.0
130,-2.8279699306401938,1.0741384933368137,-1.0
131,-2.803872772721548,1.154677403483714,-1.0
132,-3.129469301359471,1.2523841815446415,-1.0
133,-3.38698462010354,1.3576043119263392,-1.0
134,-4.747539768214658,1.5758775330174633,-1.0
135,-4.928467092587404,1.7693107148304439,-1.0
136,-7.006592345757959,2.1560565865569337,0.0
137,-7.538152844312812,2.499639628279723,0.0
138,-7.817223100529866,2.7731569520789217,0.0
139,-7.532227514675888,2.922713670144345,0.0
140,-7.628571680018851,3.0056663932026,0.0
141,-8.432678885949358,3.0620954699723053,0.0
142,-8.061620209359845,3.014831099823588,0.0
143,-8.072350805480802,2.9252007653118457,0.0
144,-6.838925928789223,2.7845519299171513,0.0
145,-9.62435038234213,2.7611289439338447,0.0
146,-9.05338313204244,2.680055684768904,0.0
147,-9.337781515859284,2.6327047834614503,0.0
148,-8.21139313177364,2.3807196466015887,0.0
149,-6.813227070275445,2.2307550413684036,-1.0
150,-6.686654083360921,2.0376991796965442,-1.0
151,-7.947733373844656,1.807410823218482,-1.0
152,-8.272707760222396,1.5550659595423724,-1.0
153,-8.625005133740274,1.2566256922030976,-1.0
154,-8.481271794956982,1.063925742931558,-1.0
155,-8.654732234428842,0.8258401323079442,-1.0
156,-8.752089812075958,0.8037266299265712,-1.0
157,-8.458432536742855,0.7950123221847266,-1.0
158,-7.828365429691892,0.7947595624810376,-1.0
159,-7.687044920328702,0.7889982008716674,-1.0
160,-7.607930396074956,0.7897615359723781,-1.0
161,-8.089361923198886,0.7875340677961458,-1.0
162,-8.055302285215937,0.7875748539090035,-1.0
163,-7.7834014639024,0.7918078025588928,-1.0
164,-7.783191821285399,0.7363248002190835,-1.0
165,-8.014886073337244,0.6544418516928289,-1.0
166,-9.1116127554888,0.6589865482009051,-1.0
167,-9.041239936802462,0.632722966636273,-1.0
168,-9.0501888369565,0.6676596895845025,-1.0
169,-10.73885390829556,0.8180413759934158,1.0
170,-11.316090463871532,0.9686344024347189,1.0
171,-11.269213267559586,1.1287423003936479,1.0
172,-10.11473617836078,1.1639767373991683,1.0
173,-9.029639174947988,1.1638680290225658,0.0
174,-9.91540871983898,1.1843824706583863,1.0
175,-10.284350336138672,1.221017533644511,1.0
176,-10.19981491404981,1.248368061991815,1.0
177,-9.948146723690371,1.254451373054024,1.0
178,-10.031954452460027,1.2293894031814183,1.0
179,-10.420992799023644,1.1976172529717264,1.0
180,-9.587489293356754,1.1219696381444668,1.0
181,-9.05167675844138,1.0785687030652031,-1.0
182,-8.140597248977357,1.0725517384885799,-1.0
183,-9.26398867840664,0.992947673014227,1.0
184,-9.804181816877282,0.8946084432386601,1.0
185,-9.794501811922068,0.7999178538260827,1.0
186,-9.04777133492948,0.8029551401721405,1.0
187,-8.858631072863922,0.8130424288612246,-1.0
188,-9.326182325154065,0.8020315142482617,1.0
189,-8.726980925872347,0.805193457109074,-1.0
190,-8.251745697656055,0.7737513315906488,-1.0
191,-7.867155915720332,0.7502924612971676,-1.0
192,-7.680848121479109,0.8195947854562922,-1.0
193,-8.968540740117916,0.8206181317255463,-1.0
194,-8.773773478394503,0.8121849021000783,-1.0
195,-8.776684323203405,0.7755266735439355,-1.0
196,-8.862767348510374,0.7346478102164119,-1.0
197,-10.428825538472545,0.7721639642112307,-1.0
198,-11.675234478236677,0.946233082924914,1.0
199,-9.831132869680845,0.9136712452051777,1.0
200,-7.445421529163035,0.9810204578709606,1.0
201,-6.429896669266249,1.1400802971042534,1.0
202,-5.652866633917384,1.3444308487460415,1.0
203,-4.901456782754401,1.5917831058356695,1.0
204,-4.480030512281672,1.803092901548358,1.0
205,-4.1414251883398165,1.9882545490887322,1.0
206,-3.7875651352941233,2.1817455731286555,1.0
207,-1.7022810624811768,2.545691656804866,1.0
208,-1.5128019822710712,2.817248561855687,0.0
209,-1.7044772877008896,3.0203101372775296,0.0
210,-0.0304017496515669,3.333200901913576,0.0
211,-0.5796188481875078,3.5372045654457445,0.0
212,-0.5778456510739147,3.6985451382411085,0.0
213,-0.2914287898316274,3.7799161907784704,0.0
214,1.3319244318145709,3.9324286380753217,0.0
215,0.7818574654249417,3.975388097140335,0.0
216,0.3847626039774212,3.929318881053126,0.0
217,0.3274455201366564,3.678412441329074,0.0
218,0.9212031201267692,3.1762451929297484,0.0
219,1.56996213379945,2.783677599178009,0.0
220,2.438902714243824,2.619150382998568,0.0
221,2.330975362074988,2.461848591419943,0.0
222,1.6496252592323728,2.2633113691551423,1.0
223,1.1697021424825709,2.0532229553975956,1.0
224,0.8085080703733709,1.812302761625157,1.0
225,1.2056610681869984,1.549274841666687,1.0
226,1.508389455269402,1.2486807285594175,1.0
227,1.5309279020174529,1.1540600142785038,1.0
228,1.5514177031723193,1.048556214112931,1.0
229,2.230481224469955,0.9107758602213618,1.0
230,2.469624252989128,0.9313456138217514,1.0
231,2.1718842690969,0.8651185046082145,1.0
232,1.457961970038383,0.74729465913945,1.0
233,2.0228179079544404,0.6478267694817466,1.0
234,2.1618210932682587,0.6633454290423891,1.0
235,2.077600749795735,0.6490700523971308,1.0
236,2.087021360246858,0.5903526163881888,1.0
237,2.714895085809097,0.5407824672763785,1.0
238,3.704783179141323,0.6490020727091871,1.0
239,4.21863807856046,0.817270249126125,1.0
240,4.814658428789066,1.0202943279219092,1.0
241,5.315937506108739,1.236698366392433,1.0
242,7.752490446287563,1.7163465358351107,-1.0
243,6.306035793194713,1.8615218711397907,1.0
244,7.219673464306485,2.0261264315282794,1.0
245,5.331170687436099,2.0195939955614395,1.0
246,5.176648144859854,2.002158474464787,1.0
247,6.427802979490163,2.0329598957604826,1.0
248,6.726125261308756,2.052789104543872,1.0
249,6.903923636816955,2.092070115524406,1.0
250,7.082638108755237,2.1274832748330095,1.0
251,7.489016993647617,2.142399693375996,1.0
252,7.805808573342755,2.082875928362323,1.0
253,7.77042109365226,2.021848123447198,1.0
254,7.9530933413760465,1.9384678259722925,1.0
255,8.505979544151053,1.828378302202248,1.0
256,9.163096400840857,1.6980164561236586,1.0
257,10.357173156198831,1.6803565377633167,1.0
258,12.243981840668056,1.919945081015128,1.0
259,12.94379700359341,2.1745112685893906,1.0
260,13.542609276371802,2.432928295758814,1.0
261,13.653940439086572,2.6364676330902577,1.0
262,13.179088265311368,2.8259892799484394,1.0
263,13.887504974556805,2.979687958587617,1.0
264,14.385787072146217,3.158542547411997,1.0
265,14.934991690158782,3.216660024162407,1.0
266,15.77750686025847,3.2520895284072,1.0
267,16.104105515744322,3.32753101444876,1.0
268,18.78463048440648,3.5905267936190866,1.0
269,19.321106835830417,3.799004877593721,1.0
270,20.17680822161903,3.9863254975429876,1.0
271,22.115624351718843,4.272961132665672,1.0
272,22.827030220416844,4.508923589092668,1.0
273,23.212285940352768,4.637569488790161,1.0
274,24.499041013577138,4.759691454257112,1.0
275,25.39139881137584,4.860523047140572,1.0
276,26.103289657595184,4.9305696860848,1.0
277,27.83175500722944,5.111095964133964,1.0
278,29.88312344718287,5.47533830774636,1.0
279,31.258557900722224,5.852400898911258,0.0
280,32.747642187267935,6.240487229947808,0.0
281,33.66863882892855,6.546477478736727,0.0
282,34.500477443232505,6.716083606630812,0.0
283,35.35944644201768,6.835520326705164,0.0
284,35.78989548678861,6.853390927641852,0.0
285,36.600958615842735,6.805295798077276,0.0
286,37.72514429361027,6.737909053399886,0.0
287,39.063697705980616,6.613893084747879,0.0
288,38.71022116333528,6.519068182099775,0.0
289,38.91869523435881,6.324830868359934,0.0
290,38.64450571353338,6.030574878552545,0.0
291,37.733979208692055,5.721662618598527,0.0
292,37.11770958993382,5.325635159779424,0.0
293,38.06787216049869,4.870226510398877,0.0
294,37.99733390002429,4.399650387832789,-1.0
295,38.123261638423486,3.8789092428594496,-1.0
296,39.216651362089415,3.31056634930112,-1.0
297,39.20970882890075,2.7770682557339903,-1.0
298,39.28181423738476,2.3592092102520605,-1.0
299,39.60875268004878,2.0042967994776557,-1.0
300,39.70624701806745,1.7399336580831855,-1.0
301,38.68144492462449,1.4591114731276256,-1.0
302,38.64954590831431,1.2083403994251771,-1.0
303,38.26588719622143,1.0051116824008814,-1.0
304,39.06841383962439,0.8137675590652887,-1.0
305,38.4578618467359,0.6779375170291096,-1.0
306,37.00639716061988,0.7433435352687546,-1.0
307,35.951357064714344,0.9366320863862859,-1.0
308,35.05314132503053,1.197751614184882,-1.0
309,35.24836832359644,1.3583807973141888,-1.0
310,34.84525230075027,1.5267494472945358,-1.0
311,34.77164909778915,1.6764393823137307,-1.0
312,31.129593124230517,2.231752322674217,-1.0
313,30.85828227677773,2.661897659277314,-1.0
314,30.83167942458199,2.990554139763358,-1.0
315,31.506391066069888,3.184342155065255,-1.0
316,31.844654148165475,3.2628746403571323,-1.0
317,32.074943207874895,3.2833107108662167,-1.0
318,33.559809414968946,3.197644012262493,-1.0
319,33.68847532862319,3.0540367743234693,-1.0
320,33.52095084067905,2.8661680217644623,-1.0
321,32.532357373361194,2.749767914246158,-1.0
322,31.419867193076293,2.6407511002774955,-1.0
323,30.86870580713649,2.5399828080457354,-1.0
324,29.808934099224423,2.3489402284300556,-1.0
325,28.894737901833597,2.201510270483848,-1.0
326,28.132460264357736,2.1971569415776644,-1.0
327,27.021722588391363,2.325454079922354,-1.0
328,26.69524576952256,2.471704453500998,-1.0
329,24.50418966428566,2.756761385141201,-1.0
330,24.259805881423123,2.972322011273508,-1.0
331,23.109909227573112,3.2036612624190064,-1.0
332,21.56585994535322,3.67578643490486,-1.0
333,16.691426035915654,4.612453692739443,0.0
334,15.62707848340276,5.413366656144353,0.0
335,14.760222245302373,6.075343125148879,0.0
336,13.773469697643833,6.639113409550595,0.0
337,14.048112939868847,7.002623913776749,0.0
338,14.873239204983712,7.078125939996703,0.0
339,14.395047924600178,7.044438492511365,0.0
340,14.036601114847937,6.906136172017093,0.0
341,15.41249305511802,6.633353717541148,0.0
342,15.40347005757847,6.332050277917798,0.0
343,16.58291762537225,5.915983831942986,0.0
344,17.309771573245275,5.466093237511545,1.0
345,16.94259460635592,5.001858036250272,1.0
346,17.91186174771646,4.489466188832441,1.0
347,17.985813470699902,3.986341070659066,1.0
348,17.967493059520432,3.394458304194097,1.0
349,18.258440341456566,2.9621982737725387,1.0
350,18.79880383810281,2.4736247116082546,1.0
351,19.61364396114299,2.097082337233773,1.0
352,18.821478530655444,1.8273438489265221,1.0
353,19.55405164427677,1.95408330627392,1.0
354,20.377473339762933,2.1114775983981207,1.0
355,20.734202952823864,2.2212751724302082,1.0
356,20.93634239326408,2.2273403305788193,1.0
357,20.435269825587675,2.163615850809336,1.0
358,21.43523729997635,2.1909999531954196,1.0
359,22.571129193762395,2.2169747427122015,1.0
360,23.264841079147708,2.187323351066304,1.0
361,24.011278126106493,2.2846877898436073,1.0
362,24.53864625402383,2.3463313165220785,1.0
363,25.07757004270329,2.478887829653538,1.0
364,25.68969978957407,2.6446724396731636,1.0
365,26.054519972049267,2.7381259091996784,1.0
366,26.231916513435344,2.842025355162372,1.0
367,26.87374727984528,2.93748277346137,1.0
368,25.28996588405896,2.855437156339603,1.0
369,27.196015202960115,2.8678274726816135,1.0
370,28.23373091531752,2.937135014403969,1.0
371,29.369045562777742,3.0905324918860764,1.0
372,30.391818033611465,3.1842019482832464,1.0
373,30.375480031659983,3.2340563331034327,1.0
374,31.468296559722276,3.3564990978042792,1.0
375,33.6697666732472,3.6236811486239753,1.0
376,34.969658780845734,3.9073969599631075,1.0
377,35.846017860494285,4.089555193352009,1.0
378,37.30757312932472,4.355967566855849,1.0
379,38.51363413035979,4.67597235643527,1.0
380,40.3133222750748,5.070765698352207,1.0
381,41.53244450153103,5.466802028773946,0.0
382,42.04151851815004,5.7789607438233626,0.0
383,41.25487501795798,5.91576219978445,0.0
384,40.62680041039279,5.936148768096318,1.0
385,41.85426865164837,5.961505093889359,1.0
386,42.77832698560018,5.950314514540013,0.0
387,42.84369956266124,5.874135603166916,1.0
388,43.95131864311217,5.593255829899633,1.0
389,44.86079842722767,5.400422505200448,1.0
390,45.08852157199827,5.170423630419035,1.0
391,45.53763449997668,4.933982778648871,1.0
392,45.66473020695606,4.663480717538972,1.0
393,46.08845443528951,4.258257770064517,1.0
394,45.51045138662476,3.7660097941182498,1.0
395,46.70123893554732,3.4518673472809196,1.0
396,46.93056206300494,3.16389548861761,1.0
397,46.431709902608205,2.811826740773687,1.0
398,46.75838001956845,2.533618503322153,1.0
399,47.77144004959571,2.363879802213664,1.0
400,48.17912473055037,2.3325963691969727,1.0
401,49.42274127591056,2.447282343838839,1.0
402,49.72903582401681,2.5569604634675374,1.0
403,50.051277225455735,2.5631020344424895,1.0
404,50.67026060101455,2.470354028518928,1.0
405,51.034509221753694,2.445523430465949,0.0
406,51.59904435153608,2.4772025160734215,0.0
407,53.37153942304187,2.608633564145865,0.0
408,53.41480332153236,2.735177333628192,0.0
409,52.97021691796884,2.807858684260843,0.0
410,52.74103931163775,2.818908305800454,1.0
411,53.04838646522308,2.829592290754308,1.0
412,53.093859795903626,2.8003001780684063,1.0
413,53.92013273596105,2.8050943566631026,1.0
414,53.60363264328864,2.6788318222664596,1.0
415,53.78155115968748,2.6072416068774698,1.0
416,53.77869970750302,2.5024594783170384,1.0
417,53.80346421402729,2.2860804385130185,1.0
418,53.55286723416109,2.011236074361245,1.0
419,54.49683758156332,1.8246735137031822,1.0
420,54.00654218555562,1.578451836805765,1.0
421,53.6286269586411,1.4026156390861917,1.0
422,54.17499019608793,1.2294412073843097,1.0
423,54.4162311449462,1.045116189432985,1.0
424,54.05563945788707,0.8626076146444362,1.0
425,53.996674814932064,0.6614807380863351,1.0
426,55.03152733577625,0.5599377113738918,1.0
427,55.57641901389867,0.6856203919512581,1.0
428,56.19497881794964,0.8531327621082448,1.0
429,57.07650869886986,1.0623379315527612,1.0
430,57.73992026545957,1.269197783540777,1.0
431,57.168451144501866,1.3609667776367143,1.0
432,57.89949435347131,1.489055413253004,1.0
433,58.38820172196316,1.660388656970285,1.0
434,58.43414499902359,1.7757473968262771,1.0
435,59.08587708192866,1.9179926972009342,1.0
436,59.49272053930931,2.049514392332287,1.0
437,60.01041818986407,2.1794109666970742,1.0
438,60.406191824283646,2.27446303479559,1.0
439,60.35485229318928,2.3694526515918457,1.0
440,61.05464646879546,2.44609537230237,1.0
441,61.06912262178149,2.4386455242961302,1.0
442,60.78040538084221,2.400021198839767,1.0
443,60.87815237489997,2.338878118569303,1.0
444,60.52518283123364,2.171895321680617,1.0
445,59.79606705406157,1.901089371032466,1.0
446,60.03581542454923,1.6899132513600224,1.0
447,60.10605606400424,1.484049642879623,1.0
448,60.21031185756455,1.2983265350961903,1.0
449,61.49819134175682,1.2342193201986387,1.0
450,62.40908307152106,1.2755516745961055,1.0
451,63.1447454370721,1.282197691936082,1.0
452,63.67577615547674,1.3658338760402131,1.0
453,64.2067206513642,1.4910769645912674,1.0
454,64.17410269660155,1.5510386277297032,1.0
455,63.66236940368665,1.5686406272504965,1.0
456,62.343252790322495,1.517318976928755,1.0
457,62.8946046874238,1.503584100324369,1.0
458,63.75319898682466,1.5423030758956204,1.0
459,63.40183821812498,1.5395490870804247,1.0
460,65.0414268476621,1.6661888326721215,1.0
461,63.77213348926968,1.6808724241760458,1.0
462,64.36805328707284,1.6997586738770796,1.0
463,65.39504138534318,1.7721776470537802,1.0
464,67.09136073364482,1.9439287705490247,1.0
465,66.33377806085096,1.9176374628417434,1.0
466,68.20890201374615,2.035619982551046,1.0
467,69.15978147164171,2.1763631170150655,-1.0
468,68.80999938813474,2.1883775337288527,-1.0
469,68.26147507184021,2.1954472256311024,-1.0
470,69.76362798167521,2.348296686342718,-1.0
471,70.56247663157517,2.5545443322352632,-1.0
472,69.95213658727452,2.6700041105349386,-1.0
473,70.55911729412448,2.812257516248222,-1.0
474,71.3813080502824,2.972530214166108,-1.0
475,69.67430837255809,2.9492598325463755,-1.0
476,67.52447654578518,2.7351028480909436,-1.0
477,67.19639682222936,2.5324426121013386,-1.0
478,67.7049088536562,2.3729994187959718,-1.0
479,65.73336615163748,2.201376999010789,-1.0
480,64.89205702087875,2.2115465426969156,-1.0
481,66.04276008720822,2.044967515411822,-1.0
482,65.60565867804168,1.9479080277857406,-1.0
483,64.36524156987734,2.0319819021624115,-1.0
484,62.75643578985017,2.3358719666831007,-1.0
485,60.43277061944936,2.8392245013955484,-1.0
486,59.49175801257215,3.3384611453386785,-1.0
487,57.90231988353847,3.8619701861520346,-1.0
488,56.0368204837267,4.457953463159239,-1.0
489,55.21056418171168,4.9997107248796535,-1.0
490,53.967071428052776,5.457523660931491,-1.0
491,53.05920314489411,5.801368438833331,-1.0
492,54.65380633607345,5.909860337671433,-1.0
493,53.334953841741424,5.960550885735073,-1.0
494,51.90147600620369,5.912179243329273,-1.0
495,50.25290924701064,5.985237755720221,-1.0
496,48.92319503766702,6.180684657304865,-1.0
497,46.7458129994928,6.435070168689225,-1.0
498,45.07859370889832,6.616325089812639,-1.0
499,43.38674675879992,6.912024106142895,-1.0
500,42.20082704614723,7.181209933862365,-1.0
501,40.92175492460913,7.264892381160511,-1.0
502,39.24546451895374,7.308081704954284,-1.0
503,36.97303119776877,7.433157258570908,-1.0
504,34.54762360016251,7.6819648127364575,-1.0
505,31.811321821543817,8.134507565401469,-1.0
506,31.062228417234117,8.458161465340082,-1.0
507,29.357742236821963,8.809164702510607,-1.0
508,28.23113497182363,9.152097619592205,-1.0
509,26.44073411100104,9.476960779895341,-1.0
510,24.7091865306394,9.802079643415407,-1.0
511,22.773276967801728,10.11713028523178,-1.0
512,21.01073857906728,10.196321210888476,-1.0
513,19.45082178445542,10.23219149222798,-1.0
514,16.214592228982156,10.37818884570346,-1.0
515,15.798163464817172,10.392154880481053,-1.0
516,12.970605041423935,10.464451857737561,-1.0
517,11.908338302404452,10.507904419138438,-1.0
518,8.945799268542281,10.649763999569181,-1.0
519,7.21806746638687,10.772637792240294,-1.0
520,5.5530852972331175,10.825581874382307,-1.0
521,5.185789425992475,10.705032313124486,-1.0
522,3.184448371676048,10.589863487470572,-1.0
523,0.9011356543337712,10.55906471258574,-1.0
524,-0.7954594641961066,10.577384762019031,-1.0
525,-2.720265927077044,10.69490747431735,-1.0
526,-4.491349509896828,10.72909870397084,-1.0
527,-8.849511693624109,10.985256574210611,-1.0
528,-10.685737351225178,11.158477276957184,-1.0
529,-11.253967528056968,11.194045927568606,-1.0
530,-13.404648373675194,11.238091777564929,-1.0
531,-15.584595257508065,11.30836517288386,-1.0
532,-17.89919486931356,11.398424214153753,-1.0
533,-18.40563958998179,11.33062796296633,-1.0
534,-19.50989890033459,11.321335304650711,-1.0
535,-20.720139376325328,11.141873852099723,-1.0
536,-19.618258369538275,10.843297091851925,-1.0
537,-20.788866431889687,10.450646712994162,-1.0
538,-22.214110457628045,10.15912013439642,-1.0
539,-24.48995180220656,9.926189593650085,-1.0
540,-26.47283545117793,9.725285924769514,-1.0
541,-26.89483268650831,9.30306549150781,-1.0
542,-28.28100989291224,8.889041520930204,-1.0
543,-28.99997291591258,8.470749874565328,-1.0
544,-31.45425200896313,8.131423361729254,-1.0
545,-33.93506474216214,7.908203773545026,-1.0
546,-34.46673388294031,7.609703771625837,-1.0
547,-36.84210518695352,7.696244472916298,-1.0
548,-37.8935918279812,7.791179898332126,-1.0
549,-39.23181333703675,7.807598027451671,-1.0
550,-40.46611899957959,7.8808568787184505,-1.0
551,-42.11163482730559,8.051992111770145,-1.0
552,-44.06411971388957,8.352971123459383,-1.0
553,-45.79762963681422,8.620320972234145,-1.0
554,-46.44968099847602,8.798367185321556,-1.0
555,-50.1918076024521,9.171193068337784,-1.0
556,-52.14095387824055,9.362066559114757,-1.0
557,-52.20597297275659,9.371358843506778,-1.0
558,-54.719850688348586,9.448469986913224,-1.0
559,-56.88542356488857,9.631183380462563,-1.0
560,-61.70822816039208,10.14403597107099,-1.0
561,-61.77581579958438,10.363585398300643,0.0
562,-60.84127040338185,10.32482661134948,-1.0
563,-62.91922891734669,10.238447587964123,-1.0
564,-63.2917183901311,10.118596691642725,-1.0
565,-63.96432877678612,10.008982147802998,-1.0
566,-65.48355946291346,9.811530651738606,-1.0
567,-66.64610047973267,9.658415096655032,-1.0
568,-68.52032049861832,9.490366996479908,-1.0
569,-69.14273647457816,9.232865865888153,-1.0
570,-70.23423986377327,8.911589927759037,-1.0
571,-72.47214450247358,8.652884622381539,-1.0
572,-74.40007353998413,8.46653173499088,-1.0
573,-74.4386941216258,8.179017747541693,-1.0
574,-73.6126178589035,7.623631256513414,-1.0
575,-76.96142328399259,7.460664577591019,-1.0
576,-76.03661617731572,7.1811884638610675,-1.0
577,-74.14079943833232,6.561564683909022,-1.0
578,-70.9637037768488,5.877844603089982,-1.0
579,-72.65736859596285,5.307147175931531,-1.0
580,-73.85674726237787,5.119276385822253,-1.0
581,-71.64495997284762,4.7885390743737215,-1.0
582,-76.57734018902897,4.467207313008746,-1.0
583,-79.1690557354755,4.417083708607323,-1.0
584,-82.90080022188472,4.6215408289361335,-1.0
585,-84.53583356148006,4.860109572655974,0.0
586,-90.09943509027428,5.707587222726116,0.0
587,-89.71486674082647,6.246545275868204,0.0
588,-88.0905885145995,6.522769860119153,0.0
589,-88.0142597159444,6.676907287977889,0.0
590,-86.0680548642213,6.643025152096061,0.0
591,-86.42504761529717,6.674126941699015,1.0
592,-85.2277876789859,6.676502262650005,0.0
593,-82.58607934608467,6.563267448904946,0.0
594,-84.04911066384443,6.402775472259061,1.0
595,-83.2574016365149,6.349037632114089,0.0
596,-83.55331435676166,6.242606396871212,1.0
597,-83.23433252155165,5.990939108067454,1.0
598,-84.30778262503352,5.395193807670673,1.0
599,-87.85621365913853,4.943052707338492,1.0
600,-87.029939451227,4.4336819016206235,1.0
601,-89.52059651172304,3.4609418800425686,1.0
602,-89.03121244134798,2.9233786646388507,1.0
603,-88.31594692292978,2.5315791762792013,1.0
604,-86.13455199973234,2.410768986782448,1.0
605,-85.90471535782106,2.375650102892148,1.0
606,-83.29941704426373,2.3071146211640934,1.0
607,-82.21723050699256,2.2946928912904956,1.0
608,-82.3494332126803,2.3393767293009597,1.0
609,-80.92517143184222,2.459450848487352,1.0
610,-78.25714676398141,2.876530267507626,1.0
611,-76.06906698660775,3.4246245065467003,1.0
612,-78.28289843285006,3.6546330098274122,1.0
613,-76.11132569781202,4.035591983996427,1.0
614,-73.96899962753633,4.557218240001971,1.0
615,-74.94115195857243,4.897404529745453,1.0
616,-71.62212122321455,5.464582031178183,0.0
617,-72.47420966030546,5.849568771508653,0.0
618,-71.90890495929882,6.176519084149363,1.0
619,-71.424104277136,6.282041463113062,0.0
620,-68.24135747150824,6.5719255058017625,0.0
621,-70.575383506023,6.34471492439076,1.0
622,-71.66549507423053,5.946162694311553,1.0
623,-70.06221679564297,5.542946752582246,1.0
624,-71.14303998375618,5.145521563879769,1.0
625,-71.00276439228169,4.622974680797315,1.0
626,-71.2294315349917,4.229869730133912,1.0
627,-70.39008048332511,3.8644614502265964,1.0
628,-72.10325198840579,3.2834978966105677,1.0
629,-69.6394696942257,2.806653073960904,1.0
630,-70.20488669446931,2.507308680978043,1.0
631,-69.94359085366018,2.3743727496407674,1.0
632,-68.03179582739651,1.9866735351583615,1.0
633,-65.8916230768425,2.0074693814683524,1.0
634,-66.76594765868424,2.058866439739916,1.0
635,-66.19114751764562,1.985568496389952,1.0
636,-64.40943394900043,2.308993992203413,1.0
637,-64.2539824270723,2.5058345031960094,1.0
638,-62.299686310942185,2.865401771155115,1.0
639,-62.3610077733228,3.1286973815481423,1.0
640,-61.29481313650027,3.501311227483067,1.0
641,-59.945600759993965,3.8725793068753664,1.0
642,-58.53583107356543,4.216440106536979,1.0
643,-57.65718152183213,4.603609325990976,1.0
644,-57.45682336689528,4.835991997731226,1.0
645,-56.71271963156198,5.028945140250339,1.0
646,-55.86454215775686,5.161440560654676,1.0
647,-44.69750439684351,6.508282183597683,1.0
648,-40.68168573357984,7.788776932853949,1.0
649,-39.28672514913576,8.920748327347573,1.0
650,-37.60112317338952,9.819256648414465,1.0
651,-36.550838413569885,10.496139936205818,1.0
652,-34.32211034842708,11.20018183990678,1.0
653,-31.85151673003065,11.960791059103778,1.0
654,-30.52943013243261,12.488638769513539,1.0
655,-27.779229434297143,12.993181459537587,1.0
656,-23.478770805408224,13.677674856191036,1.0
657,-19.57874588255573,14.369285260701533,1.0
658,-15.297485909852654,15.197704128153225,1.0
659,-11.444109232378032,15.95449229739067,1.0
660,-7.507017735253768,16.69712829135321,1.0
661,-3.814822294255123,17.399880502396012,1.0
662,0.4921818950154275,18.105979768754917,1.0
663,4.870752016768527,18.75321821444199,1.0
664,8.866511601013919,19.21318025636106,1.0
665,12.22367146946732,19.43296366803672,1.0
666,16.07224597146051,19.432390706164654,1.0
667,19.774257710498816,20.122346849069373,1.0
668,23.756160149465035,20.91530279401778,1.0
669,27.554260084709973,21.595875438074312,1.0
670,31.726628803812112,22.201848634885614,1.0
671,34.77687808894032,22.565905039250477,0.0
672,37.12868082274509,22.713986062739068,0.0
673,38.78373138650304,22.61592651358375,0.0
674,41.23871652556825,22.233668657659326,0.0
675,42.74202359640013,21.607195477029443,0.0
676,45.165267347690126,20.959232622707194,0.0
677,47.29774879880371,20.24354514752529,0.0
678,49.44528021279893,19.51243502719532,0.0
679,51.397312625808425,18.724980907701863,0.0
680,52.90642589204542,17.87175732673281,0.0
681,54.574754028643376,16.95403459945818,0.0
682,57.2000526927692,16.121834998935054,0.0
683,58.913859924056126,15.338169409400995,0.0
684,60.7647925353921,14.597433425073868,0.0
685,61.95586947228743,13.800011146615,0.0
686,62.31325340330276,12.95927195210567,0.0
687,63.40258538151053,12.140852050050844,0.0
688,64.83691613707548,11.428490259257352,0.0
689,65.5036031141312,10.776154666742318,0.0
690,64.84834885909356,10.169550744445521,0.0
691,66.28288260262664,9.664999342190956,0.0
692,67.8299854528687,9.215988044591137,0.0
693,67.60463878884276,8.638875982019067,0.0
694,68.34699245121841,8.093836462117718,0.0
695,69.24560278409331,7.49699305727263,0.0
696,70.13925112787905,6.957965760309909,1.0
697,71.9423851976033,6.527731161883653,0.0
698,71.29319230904618,6.042974744886076,1.0
699,71.32829250014547,5.554428471031573,1.0
700,73.0259741713084,5.138816079012308,1.0
701,73.71052414866021,4.751146621201802,1.0
702,75.25070567237655,4.59866304290576,1.0
703,76.27850131803498,4.5457088743727665,0.0
704,76.2813361638879,4.5168609889250355,0.0
705,77.34350594752226,4.551504325619338,0.0
706,76.93461138514853,4.452010997458459,0.0
707,76.37716033440341,4.294937198695234,0.0
708,75.78419047559038,4.133141607084839,1.0
709,75.14832565375396,3.9210313536773276,1.0
710,76.6838838353565,3.627311564980459,1.0
711,75.47245949577533,3.3219578819430544,1.0
712,77.04503495179455,3.1582075190795873,1.0
713,77.21970057633786,2.8922277397600125,1.0
714,77.74363847575476,2.6359780577133702,1.0
715,79.65692315093696,2.525257631431371,1.0
716,81.02912091863718,2.54311570100534,1.0
717,79.71600907838976,2.5200669716204422,1.0
718,80.33291699983374,2.408256968170281,1.0
719,81.07049286236936,2.2628551137900224,1.0
720,81.84949761589327,2.2857039009196716,1.0
721,82.30609692703142,2.3340784104726326,1.0
722,82.00683783392299,2.406634457929648,1.0
723,82.60799838032978,2.5374851306874566,-1.0
724,81.7899005701571,2.567857541967469,1.0
725,81.55180388387214,2.6052383447072973,1.0
726,82.43241176458594,2.652538800293559,-1.0
727,82.68236388650902,2.6501496491022616,-1.0
728,85.8918662367802,2.821057612375145,-1.0
729,85.91878513281512,2.8315733028654244,-1.0
730,84.37455709493962,2.771843165688128,-1.0
731,84.00017415652928,2.497254168039801,-1.0
732,82.54268682909266,2.2658155123903665,-1.0
733,82.50683486592749,1.9905644345513287,-1.0
734,81.72744611504424,1.7113800849295093,-1.0
735,79.88980346940279,1.69314744891022,-1.0
736,79.95235063225073,1.7521577281597176,-1.0
737,77.95576523334643,1.9224716440914655,-1.0
738,76.45916869161788,2.2792753488635977,-1.0
739,75.21657875870683,2.7324694293837015,-1.0
740,73.00227070112528,3.3503939556707425,-1.0
741,70.98826324253352,4.044829706538559,-1.0
742,69.81769551823243,4.698982025580116,-1.0
743,68.89434610331854,5.273836262863379,-1.0
744,66.32080595145017,5.987778306235334,-1.0
745,65.42301546157896,6.622657933939193,-1.0
746,64.49250024698073,7.155658829333518,0.0
747,63.55780621963604,7.606320509192542,0.0
748,63.49373619112978,7.713110579000881,0.0
749,62.768390917862384,7.697990907694192,0.0
750,61.88409269170467,7.694549308926151,0.0
751,59.32204266169936,7.739425047099195,0.0
752,59.98883908310467,7.6594355809925005,0.0
753,60.98696383088987,7.342059154124204,0.0
754,63.14519150641984,6.8179978831107215,0.0
755,62.16309227309458,6.351614409396124,0.0
756,62.17685744218141,5.696657891613724,0.0
757,61.80149988535477,5.084763372196528,0.0
758,61.52908191309557,4.463904477118055,-1.0
759,60.00205245020708,3.8595336395054196,0.0
760,57.22602000218752,3.540738436694221,1.0
761,57.31328541158419,3.2891899525457102,1.0
762,55.690392823858055,3.1760560057141958,1.0
763,54.639169541260586,3.1250616303804915,1.0
764,55.31170259139746,3.144425479711828,1.0
765,55.44480858021616,3.1381426591343735,1.0
766,58.497247437221866,2.9837324106983805,1.0
767,57.31219231766213,2.9006054297441977,1.0
768,58.11490940754904,2.760181198614769,1.0
769,60.08729223804511,2.6437731008880805,1.0
770,62.87612160299089,2.7066850796213817,-1.0
771,61.4500768181472,2.753918391119732,-1.0
772,61.058537406527,2.778526879329608,1.0
773,60.11795748428968,2.7581581633171255,1.0
774,62.21134108494316,2.6968219903576562,-1.0
775,63.28756608429887,2.7714150026421724,-1.0
776,64.45727868636587,2.9376100559879803,-1.0
777,65.09899152890893,3.1621763451476013,-1.0
778,64.298083226961,3.3089269184751346,-1.0
779,65.10838741789875,3.521616393200299,-1.0
780,65.53360441761662,3.666635094563032,-1.0
781,62.85449489763407,3.6306588383540745,-1.0
782,63.650641475358114,3.4893184476742785,-1.0
783,63.68366508807518,3.1847302708231777,-1.0
784,63.54964608957445,2.8547810848212634,-1.0
785,60.49194735466428,2.444494067500625,-1.0
786,57.99256444370321,2.486825848185938,-1.0
787,53.27135822421905,3.0105630985672303,-1.0
788,45.38372389198882,4.724423218555199,-1.0
789,43.77776724681748,6.1434469035497115,-1.0
790,41.4308165695164,7.442478845205517,-1.0
791,39.78861741173024,8.617291403796349,-1.0
792,36.659242621923006,9.852591605193105,-1.0
793,36.83651676490604,10.810095195616903,-1.0
794,36.176006753848725,11.560306510151305,-1.0
795,33.980461991491225,12.247061544319418,-1.0
796,33.29817787869691,12.712831776845368,-1.0
797,32.71200383484275,12.968776419472825,-1.0
798,31.37972178025718,13.14947532779954,0.0
799,29.842030306152186,13.1524534499964,0.0
800,27.39085552308789,13.02959709963562,0.0
801,24.26395629482462,13.058173860505859,0.0
802,23.639836963818997,12.753451485551933,0.0
803,22.36141115070487,12.18160604736964,0.0
804,20.936615040232024,11.303572527540918,0.0
805,19.440796079554,10.426210596452753,0.0
806,20.17996294644604,9.316684530661655,0.0
807,18.309270458999883,8.484151967891334,0.0
808,17.81773524509825,8.241180583611207,0.0
809,15.64953607702354,8.076831149498734,0.0
810,14.838060617370909,7.955558441395352,0.0
811,14.341448906758956,7.798078047313644,0.0
812,14.62617954031098,7.694656679041978,0.0
813,13.806766313013092,7.455219549033938,0.0
814,13.230511338560866,7.119241362161559,1.0
815,13.384054788573671,6.792772702535931,1.0
816,13.722905345864284,6.333208813349136,1.0
817,14.684640949595334,5.693336666513672,1.0
818,15.054281678792025,4.979600462237041,1.0
819,15.042457495645683,4.229125501144043,1.0
820,13.958326789028275,3.6213744352712993,1.0
821,15.752771908968242,3.193215278779336,1.0
822,16.051718322437985,2.7209768848169174,1.0
823,16.21187488694121,2.297807338439842,1.0
824,16.576434877175856,1.9740334447491272,1.0
825,16.4328985545554,1.7730948719253827,1.0
826,17.08541838171172,1.446676400433569,1.0
827,17.930112237110592,1.4075185648821944,1.0
828,18.453461084907865,1.472798704850639,1.0
829,18.792398494165692,1.662786283768301,1.0
830,17.594923515339666,1.7184639669078512,1.0
831,18.67662744319924,1.8170714474306562,1.0
832,20.16058010529931,2.0293511068182513,1.0
833,22.164504228812763,2.3594116676858436,1.0
834,25.05472426442718,2.90314352322575,1.0
835,26.31799492274712,3.41760135742676,1.0
836,29.06374089267784,4.109251887348651,1.0
837,30.48275575551236,4.7887427842402,1.0
838,31.97710087545793,5.441655978192177,1.0
839,33.866298415676084,6.093499408270313,1.0
840,33.963698433145666,6.4837237733440976,1.0
841,34.27534034723025,6.837982890271351,1.0
842,34.54616137671556,7.0868317523231985,1.0
843,34.634250342288155,7.219821973631687,1.0
844,35.12997706489624,7.285378490520584,1.0
845,35.54813391557765,7.241399197258125,1.0
846,36.90662887420369,7.200163645126583,1.0
847,37.89339801547781,7.146805019393056,1.0
848,38.62243235816803,7.035820244520491,1.0
849,38.93748882228892,6.8181227778951135,1.0
850,40.32565718749271,6.383347873188749,1.0
851,41.66737715662953,5.92520081174099,1.0
852,43.49293932301521,5.532174441387148,1.0
853,43.84712895679395,5.1519723354432605,1.0
854,44.62503932652449,4.952786024382637,1.0
855,45.14585266062136,4.739105886366632,1.0
856,45.92999804372783,4.706710403549625,1.0
857,46.90929878130011,4.742299181911177,1.0
858,46.93849621463816,4.77070000918322,1.0
859,46.69011088113428,4.8125810446033075,1.0
860,47.83478213896343,4.850506614272534,1.0
861,46.550307757265394,4.73060665633436,1.0
862,47.40563931129679,4.592035530109794,1.0
863,49.154440476176816,4.470535973221951,1.0
864,49.9816357407908,4.329617972791063,1.0
865,50.89052839446626,4.161372885129763,1.0
866,51.93490273434658,4.076417692555549,1.0
867,53.86991046347941,4.126313567337512,0.0
868,53.571526955830414,4.0659137778981105,1.0
869,54.09151178960426,3.9364441958763314,1.0
870,54.87349361777528,3.8762748607519404,1.0
871,55.793271615774174,3.8967302139229076,1.0
872,56.471931013385415,4.014407604781228,1.0
873,55.37793726004159,3.9686077906929618,1.0
874,56.35087669725488,3.967485070885077,1.0
875,57.08868132885807,3.972294263345,1.0
876,57.69957411127886,3.99330388738429,0.0
877,57.222920553793045,3.9707194774234473,1.0
878,56.99480294961075,3.8661200703559544,1.0
879,57.67352241448978,3.700300364615877,0.0
880,58.42565837835309,3.597001288818254,0.0
881,57.88841240297051,3.2233576570593185,1.0
882,59.31312935049538,2.9007225191587223,0.0
883,60.05329173265831,2.7164921527418664,0.0
884,58.47829171516795,2.4092470129804253,1.0
885,58.967456612363286,2.1329446787160697,1.0
886,58.44965029861365,1.8621388168004909,1.0
887,58.4678838174483,1.7441910950135864,1.0
888,58.19899671267515,1.5374045683193827,1.0
889,60.876189996021296,1.5187493297773969,1.0
890,63.19106124169868,1.8060568051262051,-1.0
891,62.30014146195234,1.9404046020931713,-1.0
892,61.28154004197282,1.9768476695001642,-1.0
893,60.45516446772823,1.8475285143012263,0.0
894,60.54159530524557,1.771044961529179,1.0
895,60.513864919022446,1.7232980189184932,1.0
896,59.31161794657589,1.679193148574345,1.0
897,59.28216295852634,1.5978878475684872,1.0
898,58.60697010334385,1.500808271696857,1.0
899,59.43167397841259,1.4310451832423974,1.0
900,59.006626083557926,1.4095135703694879,1.0
901,59.01811507396715,1.3533115220408576,1.0
902,59.6199260233025,1.3493873297571382,1.0
903,59.69663551585671,1.3482563194660435,1.0
904,58.8414479849444,1.3320834054507047,1.0
905,59.16902853060677,1.3261789012083045,1.0
906,59.08906770030734,1.299010822394937,1.0
907,58.39778278436809,1.3030105659511977,1.0
908,58.55671884842821,1.2815565260524153,1.0
909,57.93334000566868,1.3268083087587748,1.0
910,58.68551572214146,1.060903543095508,1.0
911,60.83451944482296,0.8938178190608391,1.0
912,61.289060436492655,0.894646169770401,1.0
913,62.17570566354832,1.0662842953340208,1.0
914,63.69162035087157,1.406572469552313,1.0
915,66.40440947969692,2.0601756734150736,1.0
916,66.2344134852286,2.484723654987902,1.0
917,66.8000069690588,2.8628095181321593,1.0
918,69.32605489210815,3.407079477257123,0.0
919,68.83992402273792,3.777924724247699,0.0
920,68.59773402633739,4.021525791655968,0.0
921,70.00073749619831,4.309441410417391,0.0
922,70.4004689211046,4.569094098661944,0.0
923,72.2407092270729,4.904560059772242,0.0
924,72.72443546127964,5.131774072969511,0.0
925,72.71422983059554,5.273385049597715,0.0
926,72.3722412451097,5.2934652592186415,0.0
927,71.80612143358876,5.138656692438453,0.0
928,73.03109410874279,4.96534186465785,0.0
929,72.2194113264192,4.556968444370184,0.0
930,72.46658021662482,4.089220914002945,-1.0
931,71.73523943991053,3.6916241754078163,-1.0
932,71.08008243437969,3.1957570418738617,-1.0
933,69.92301301810541,2.6538043764190795,-1.0
934,68.64048891251258,2.2165407066239338,1.0
935,67.78520323641365,2.104959117100525,1.0
936,66.80772654822525,2.0476983268029154,1.0
937,65.88635715802307,2.1420315347227037,1.0
938,67.35696459288522,2.238517437343769,1.0
939,68.40994123561693,2.2555958222545405,1.0
940,68.77322152853576,2.2489161445421466,1.0
941,66.35632094503849,2.417373619852046,1.0
942,68.98858619043884,2.429842359618691,1.0
943,69.65620385045202,2.37622664246415,1.0
944,70.74232439577341,2.293740051183826,1.0
945,72.90454979562026,2.306660928556619,1.0
946,73.08203584534704,2.3525608963880407,1.0
947,73.79258619036743,2.4767038141761084,1.0
948,74.99124012127557,2.6372930951943996,1.0
949,74.5715394117803,2.7859766782677204,1.0
950,75.672565747312,3.006880635682932,1.0
951,75.07925495108779,3.1757378231718696,1.0
952,74.50303724317362,3.297141233638986,1.0
953,75.27217279798117,3.4447759703829055,1.0
954,75.01958757863532,3.5130020808698545,1.0
955,78.33889129827047,3.7449864573405307,1.0
956,79.7186944017746,3.944730038625763,1.0
957,81.71428473445977,4.140256050303335,1.0
958,82.03594565651264,4.337512212618362,1.0
959,82.235673190177,4.501505576950719,1.0
960,85.12287253250885,4.845251834283736,1.0
961,85.99067676761308,4.886182295193088,1.0
962,89.50426808509415,5.362783889714465,1.0
963,93.99144779267314,6.18737099157561,1.0
964,97.15768675153944,7.141838915658806,1.0
965,98.48033084024968,8.032155145846497,1.0
966,101.0311588202498,8.90816541416139,1.0
967,103.40538159925978,9.767331853047743,1.0
968,102.20375215844784,10.299123120485929,1.0
969,104.0819767997936,10.74730276594105,1.0
970,105.5590009357202,11.155312619667512,1.0
971,108.45871298805042,11.528943823493423,1.0
972,110.47066731872609,11.755991990047551,1.0
973,112.58947945686248,11.923247490080422,0.0
974,109.76670595294976,11.560180858767824,1.0
975,113.68032462936338,11.48482408569516,0.0
976,121.50004062019204,11.899509852269427,-1.0
977,122.19961945047626,12.164409332802036,-1.0
978,123.5651685674629,12.216234845322226,-1.0
979,124.98307990582752,12.028961624886715,-1.0
980,128.576070659503,12.04340704853011,-1.0
981,127.55226221053115,11.650609947854841,-1.0
982,126.76430711756969,11.18076329606851,-1.0
983,123.68006190007318,10.65005448339121,-1.0
984,121.95385025302735,10.103025710537878,-1.0
985,120.367069351147,9.437032508264378,-1.0
986,117.57511506381788,8.794184209430059,-1.0
987,115.70266282412982,8.247276920896889,1.0
988,113.550432261787,7.530539944891036,1.0
989,109.94478879948656,7.075830729877345,1.0
990,111.55844906372909,6.637738769263678,1.0
991,111.186679285425,6.451985114276593,1.0
992,108.38343892832054,6.601433570657652,1.0
993,107.42603101525486,6.927536338276679,1.0
994,104.37854610742669,7.355930371997482,1.0
995,103.42061387555697,7.983885831950106,1.0
996,105.3637287556636,8.335488754874874,1.0
997,108.12803853745098,8.41428010591414,1.0
998,108.43153536951344,8.350265807026654,1.0
999,107.67813268718326,8.149683250574306,1.0
1000,118.3530427192449,7.486299836832446,1.0
1001,125.56351281023976,7.3017363294796676,1.0
1002,128.46671091764728,7.472785128999957,1.0
1003,132.2366456579741,8.283856967776373,1.0
1004,136.4481849508351,9.554431744076437,1.0
1005,140.13330710437776,11.072335087086259,1.0
1006,141.63901107256635,12.50235258573463,1.0
1007,146.02298707565652,14.087388855124972,1.0
1008,151.78154414389812,15.873122764241455,0.0
1009,155.05552983976992,17.447174092570854,0.0
1010,161.0888260318627,19.224696620004575,0.0
1011,164.00996094545064,20.783823951835366,0.0
1012,166.23712322205378,21.947249377301542,0.0
1013,170.44601108036187,22.94720772866946,0.0
1014,168.83000090787613,23.13108104363947,0.0
1015,170.66123712377146,22.88392351259953,0.0
1016,174.42350217628766,22.537969671525218,0.0
1017,171.60207893203176,21.706872935146446,-1.0
1018,172.3469552299731,20.402472181119016,-1.0
1019,170.88618975390833,18.26006579605998,-1.0
1020,170.81928190483762,16.67325473039119,-1.0
1021,170.98960747819848,15.360569594018378,-1.0
1022,172.3997234134315,13.961422842027181,-1.0
1023,174.27367235313758,12.59534441212215,-1.0
1024,170.3373440098933,11.095739834346007,-1.0
1025,168.56046446393322,9.56595380541735,-1.0
1026,167.3600432022787,7.723766782627896,-1.0
1027,166.67793125938678,5.965119602460036,-1.0
1028,164.61257949402673,4.689469102594982,-1.0
1029,163.67046940331255,3.665608775374542,-1.0
1030,159.45664272123133,3.8640780879562686,-1.0
1031,155.14371616410756,4.842878325401881,-1.0
1032,153.05827706583662,5.937872360076554,-1.0
1033,154.2685311106604,6.6245992767219155,-1.0
1034,151.5501363707651,7.451224910232377,-1.0
1035,146.9700519490247,8.50567277322529,-1.0
1036,140.95732014649113,9.749083171551538,-1.0
1037,135.0137887649033,11.401482135405699,-1.0
1038,130.29887542095787,13.04771027998796,-1.0
1039,127.17667280892384,14.58632549469301,-1.0
1040,122.8464348296376,16.092050269684165,-1.0
1041,120.84874160619798,17.294831722470526,-1.0
1042,112.0989857498989,18.79291510223513,-1.0
1043,108.1187974725,19.945007357759525,-1.0
1044,100.99743503000468,21.452556438233586,-1.0
1045,94.43367787933651,23.05392706296135,-1.0
1046,86.95746253153465,24.754995774531288,-1.0
1047,82.00127466808068,26.206909842238318,-1.0
1048,74.90835095589813,27.699483109747767,-1.0
1049,69.26116548054432,28.964464579222245,-1.0
1050,63.36713842278902,30.246366910559658,-1.0
1051,57.63417915526052,31.523719965277763,-1.0
1052,51.39261473762559,32.66923502608455,-1.0
1053,46.40203596178573,33.275845559666685,-1.0
1054,40.75473715799602,33.66600214030424,-1.0
1055,34.753507147878054,34.00720877869475,-1.0
1056,28.82405026576264,34.406985472681875,-1.0
1057,22.23193235399796,34.91426507182874,-1.0
1058,17.58133774014314,35.25369798456647,-1.0
1059,12.948518301181592,35.28970133955887,-1.0
1060,6.925527732172071,35.22638808288848,-1.0
1061,2.465905373571246,34.692634703565695,-1.0
1062,-5.715184266402048,34.6149194148598,-1.0
1063,-12.222691986189474,34.404888477302855,0.0
1064,-17.79537647233333,34.26363371027641,0.0
1065,-18.55314646516814,33.754907018711805,0.0
1066,-21.705488968397304,33.21925696383257,0.0
1067,-26.40033729289969,32.57102508928628,0.0
1068,-30.273993079762548,31.95436999540931,0.0
1069,-35.63284950706249,31.371540737304432,0.0
1070,-39.95583126016686,30.769531217236086,0.0
1071,-43.63454869293648,30.095496430688097,0.0
1072,-44.4761687889863,29.20455540734044,0.0
1073,-42.60408330197491,27.841717775275328,0.0
1074,-44.907390291654494,26.39712166081895,0.0
1075,-47.43679850851868,24.944487271708933,0.0
1076,-48.13823852594277,23.388388255140306,0.0
1077,-48.26742396143192,21.810625621671925,0.0
1078,-51.67023906351472,20.237023979932655,0.0
1079,-52.13429347007896,18.48797686078272,0.0
1080,-54.81252913829417,16.888559526870054,0.0
1081,-58.50665788337602,15.356425143444355,0.0
1082,-59.84443571952578,14.236701204016768,0.0
1083,-58.53177671932701,13.219541075204395,0.0
1084,-53.40553472243984,12.101281849663954,0.0
1085,-54.827030561811725,10.718987454510723,1.0
1086,-53.28108164715391,9.190746948077448,1.0
1087,-52.73514002084417,7.799380902413,1.0
1088,-57.86131726007163,6.724530768405266,1.0
1089,-59.22171547577858,6.085736882473692,1.0
1090,-56.55934202448786,5.5651905042452,1.0
1091,-55.687124162588844,5.238343112482988,1.0
1092,-59.96283915952702,5.0942869469217085,1.0
1093,-54.83319610248069,4.402028491211734,-1.0
1094,-55.73964020576608,3.8376298966660616,-1.0
1095,-53.01695634347735,3.469003012284256,-1.0
1096,-57.42678769366384,3.1122192724535074,-1.0
1097,-58.949228573408405,2.7116064190156366,-1.0
1098,-63.39277045119678,2.990361011840933,1.0
1099,-57.14281596123858,2.8063570159939424,1.0
1100,-58.25632589367346,2.7844045691192916,1.0
1101,-51.38614536292421,3.0212655812342826,1.0
1102,-51.476024550732575,3.126384599382089,1.0
1103,-45.53238602615235,3.874502204949893,1.0
1104,-40.60838091899396,5.105704310546121,1.0
1105,-36.394890337134925,6.571675451868393,1.0
1106,-30.173479495782715,8.4598161638986,1.0
1107,-30.818389952749143,9.786543992756537,1.0
1108,-30.60191262113564,10.738432883971937,1.0
1109,-30.3385173376643,11.405275634468504,1.0
1110,-31.34345256318238,11.898805812290908,1.0
1111,-23.424575936932897,12.897458742327915,0.0
1112,-25.134311338690523,13.264834063899501,1.0
1113,-23.260414389441863,13.812663082388264,0.0
1114,-19.37714595946882,14.389932726870311,0.0
1115,-18.137250269048096,14.947305854247071,0.0
1116,-14.982312999070274,15.227606854492839,0.0
1117,-16.94702652819781,14.9401143022087,0.0
1118,-13.588284275756637,14.072909042749625,0.0
1119,-11.280406335654064,13.56425014159416,0.0
1120,-16.17753018876934,12.16721480430299,0.0
1121,-16.20871937317439,11.113028185669654,1.0
1122,-14.520534467766154,9.685604036867037,1.0
1123,-11.77263403397987,8.709231304085815,1.0
1124,-13.075013542552526,7.874646300198618,1.0
1125,-9.482409958581115,7.462066924698572,1.0
1126,-6.2749487338643775,7.663401077587212,0.0
1127,-5.2476959552549545,7.692319726024575,0.0
1128,-5.140654282543025,7.525169504450342,0.0
1129,-7.673949707028271,6.984687823828233,1.0
1130,-9.996788445287834,5.931984103586373,1.0
1131,-8.17186769619434,5.641432480371082,1.0
1132,-5.106981917921416,5.194178922673028,1.0
1133,-5.50064649936003,4.722237028082632,1.0
1134,-4.531566290449248,4.572203530565956,1.0
1135,-3.633946057290117,4.4781922060906965,1.0
1136,-3.368756968073626,4.5459022866850995,1.0
1137,-2.1790226890273487,4.451357124994781,1.0
1138,-0.1059788630210221,4.6786797770941675,1.0
1139,0.8593339435389424,5.003163681150917,1.0
1140,-2.2192945352310858,4.6718173079172525,1.0
1141,-2.567908141234,4.174879096092256,1.0
1142,-0.9139147877535264,3.8029183609245143,1.0
1143,2.6214807656366474,3.8758872649592444,1.0
1144,1.5553666174277083,3.5567897789734912,1.0
1145,1.1343218551720469,3.4635932294138447,1.0
1146,4.851053222920029,3.837821717723165,1.0
1147,3.418178591264393,4.027498302888564,1.0
1148,1.5545535370389985,4.060014882607111,1.0
1149,-0.0960145772887983,3.8507207963075905,1.0
1150,1.5973518393828954,3.3653862672521258,1.0
1151,6.341529594378969,3.310973444455932,1.0
1152,11.190284733909536,4.002643241482242,1.0
1153,12.452420226721244,4.56028257787896,1.0
1154,16.259721741976364,5.42521208993759,-1.0
1155,19.378347840783547,6.41903187470172,-1.0
1156,14.869460217040782,6.669305625159578,1.0
1157,17.46484781469435,7.068441606981206,-1.0
1158,21.576784278473426,7.7920093419266685,-1.0
1159,16.84377555789679,7.9929958187533705,0.0
1160,8.585176611264629,7.669665541240999,1.0
1161,6.597038175856781,7.274560412617333,1.0
1162,7.148660586460849,6.949483220524843,1.0
1163,10.102065569057912,6.801024743142562,1.0
1164,8.746729219330405,6.564855004444803,1.0
1165,15.137854237892896,6.369426066598989,1.0
1166,15.048379346407842,6.326628134524859,1.0
1167,15.476509896034187,6.167642058855402,1.0
1168,16.370523980300007,5.813365070116394,1.0
1169,15.732686723924516,5.106618146193705,1.0
1170,14.317769984458266,4.371057983336053,1.0
1171,19.57378501365605,4.2326112287037585,1.0
1172,24.015618086457263,4.706625317918786,1.0
1173,21.66915723405896,4.912921183452056,1.0
1174,20.14028356970404,5.030300402105135,1.0
1175,23.622377128430287,5.288102696568684,1.0
1176,28.131883748010168,5.972118524647332,0.0
1177,27.132638711790506,6.4427919684210515,0.0
1178,26.590947097003863,6.729686308010705,0.0
1179,27.68601661248597,7.136662158199956,0.0
1180,32.13960861445487,7.506170132104285,0.0
1181,31.64869801079311,7.458158928916916,0.0
1182,33.2653511591855,7.3714897153566925,0.0
1183,32.13166657328884,7.2507541590925895,0.0
1184,32.82893105506621,6.847417262572295,1.0
1185,33.98268425509866,6.913168698779701,1.0
1186,33.1612865231491,6.784657925010423,1.0
1187,34.33509815107324,6.629781160414627,1.0
1188,33.35835626435478,6.356574037834864,1.0
1189,34.057816210444614,5.910606615927161,1.0
1190,33.23142654682968,5.020379517097107,1.0
1191,35.89974113569686,4.701019601757183,1.0
1192,35.807890641840515,4.656644040467467,1.0
1193,33.77821346998333,4.2080035530410225,1.0
1194,33.951109576773206,3.3531556920841026,1.0
1195,34.63068573168944,2.7899537806075805,1.0
1196,33.079223740616854,2.6060393267509414,1.0
1197,32.050314587083804,2.2698871110059966,1.0
1198,32.75644001510811,1.7236510979141106,1.0
1199,32.99176608108415,1.14240555750912,1.0
1200,33.609786639785824,1.0998651795691077,1.0
1201,32.163115905898934,1.0588585446494307,1.0
1202,34.11114675608913,1.0636219671787013,1.0
1203,42.99856892558947,2.3153683349156045,1.0
1204,51.186843786261775,4.436173767517538,1.0
1205,51.39661258032604,5.733452244103043,-1.0
1206,52.8962766606164,6.826343046407654,-1.0
1207,56.21243373492479,8.036775086749811,-1.0
1208,56.80286987758035,8.977553277047337,-1.0
1209,59.59059582821672,9.971171463241623,-1.0
1210,45.40718630915411,9.878039863829569,-1.0
1211,43.00576110349313,9.809997161514465,-1.0
1212,45.89308109791901,9.765365492886302,-1.0
1213,45.814068866164064,9.606417959049821,-1.0
1214,45.740761641945454,9.412213026805528,-1.0
1215,50.220567250458686,9.3174993257577,-1.0
1216,46.7196036433601,8.977038099224066,-1.0
1217,43.475645399482175,8.48805200230247,-1.0
1218,42.77980747775331,7.9996528929827635,-1.0
1219,44.05405436888728,7.441256525415052,-1.0
1220,44.03463118948062,6.854629707785525,-1.0
1221,38.81059685524488,6.245463465891686,-1.0
1222,39.54416069008684,5.7513210497798495,-1.0
1223,33.51111256789298,6.473268460489737,-1.0
1224,32.33671789310469,7.146599831082731,-1.0
1225,30.419375123773648,7.80807897824054,-1.0
1226,30.591506120712552,8.184206465149268,-1.0
1227,22.965729264366217,8.867243263152185,-1.0
1228,14.019736052082663,10.191668092705928,0.0
1229,17.866855538741703,10.229287545499295,-1.0
1230,15.781304061866336,11.179833262257466,0.0
1231,19.19093180747555,11.693352302447087,0.0
1232,12.85677864524746,12.41286248681053,0.0
1233,10.08779408287282,13.104444436350065,0.0
1234,13.291637844483944,13.288598483635798,0.0
1235,13.402281137717353,12.903291895008612,0.0
1236,12.291052884121967,12.607950663750506,0.0
1237,9.191121267686384,12.518193974435974,0.0
1238,7.089882123819109,12.370913896503826,0.0
1239,6.863816639815639,11.833652995081179,0.0
1240,6.7102959324678295,10.95468203746753,0.0
1241,1.6761774968613563,10.623059787908606,0.0
1242,4.22134545211776,9.65464175259908,0.0
1243,3.575743224963645,9.052709941684919,0.0
1244,8.915837104456841,8.04474931250891,-1.0
1245,4.47471079939308,7.137188834162766,1.0
1246,7.605831638356108,5.637061969592295,-1.0
1247,8.51638338492856,4.838757209667678,-1.0
1248,11.189618422136874,4.7519714279048095,-1.0
1249,14.27726944104353,4.489402595574426,-1.0
1250,15.24325099119497,4.451615603787482,-1.0
1251,9.249613348333584,3.827845416121834,-1.0
1252,4.91491001284578,3.822614648116789,-1.0
1253,1.7728271365380692,4.098978001985591,-1.0
1254,-0.0783845854775506,4.31358323166987,1.0
1255,-3.3880829085202606,4.729546398932784,1.0
1256,-1.9625212424863605,4.91544936630611,1.0
1257,3.572591424026456,4.88410624617543,-1.0
1258,-1.6626713589341762,5.140490808269611,1.0
1259,1.8821558916210108,5.180471479530075,-1.0
1260,2.571181375593511,5.192699527093577,-1.0
1261,-3.2220776800617443,5.45793663472604,1.0
1262,-3.762906022435857,5.7689546808952965,1.0
1263,-0.4766195955513694,5.861867765893094,1.0
1264,0.1473659260603881,5.800995993233467,1.0
1265,-6.269788176979262,6.194372773434748,1.0
1266,11.359371196609516,6.394696622945712,-1.0
1267,8.958840486571319,6.414813751199701,-1.0
1268,1.2635242897727323,6.143674758677179,-1.0
1269,-3.819572916100668,5.665929731432027,-1.0
1270,0.4892222047169809,4.704408972886529,-1.0
1271,-1.5700564592353885,4.321663563837871,-1.0
1272,0.8696500647969287,4.198851514376199,-1.0
1273,-2.218691123392404,4.221646903414634,-1.0
1274,-15.114915159235665,5.428031523260821,1.0
1275,-12.777348154142176,6.050581116138318,-1.0
1276,-3.924828973282331,6.081354885269956,-1.0
1277,-9.942389965477986,6.272712846963195,-1.0
1278,-15.440234760148002,6.967805888225798,-1.0
1279,-18.311287842996137,7.7148022127905636,-1.0
1280,-20.338794539900988,8.424768729833332,0.0
1281,-10.03326599893606,8.499004689370558,-1.0
1282,-11.123028852427836,8.599293932797835,-1.0
1283,-9.561250478799847,8.56464949687637,-1.0
1284,-15.56545773694927,8.70337677323939,-1.0
1285,-26.29789331254477,9.746590970365762,1.0
1286,-22.18928182218548,9.171906322786334,1.0
1287,-16.208049047999197,8.20587807348823,-1.0
1288,-27.526622136394906,8.53553440804033,1.0
1289,-25.962088519628395,8.84492111455074,1.0
1290,-25.81463860771436,8.665893526424295,1.0
1291,-26.269802808504267,8.49161429344587,1.0
1292,-31.238620039126488,8.227659106081855,1.0
1293,-25.175652224653845,7.590669114692785,1.0
1294,-22.06358624947194,7.589453016837185,1.0
1295,-27.755903936228577,7.703271619611713,1.0
1296,-30.303794091482278,7.126126489601696,1.0
1297,-22.721390082249485,6.65328352094299,1.0
1298,-17.734115003382584,6.562566421092484,1.0
1299,-12.082091415704042,6.868058282095191,-1.0
1300,-15.407096134660035,6.991737547033598,1.0
1301,-20.218688578537808,6.500626453743322,1.0
1302,-22.160684282552356,6.018492015225019,1.0
1303,-5.084305724466447,6.5680609295100165,-1.0
1304,-8.134425112092174,7.130693541825479,-1.0
1305,-9.092245097238305,7.549206697244839,-1.0
1306,-4.438147199455102,8.359594367937616,-1.0
1307,-8.767948355500181,8.685612546288079,-1.0
1308,-20.670129777169763,8.480768000481358,1.0
1309,-15.187120787450452,8.360268524131518,1.0
1310,-20.07914665983301,8.193439081888098,1.0
1311,-23.835671282489017,8.085079273089747,1.0
1312,-24.117858722749105,7.619797653152369,1.0
1313,-13.774174492739377,7.459950639229076,1.0
1314,-14.343660056529131,7.393467861589839,1.0
1315,-19.248304689301904,6.961811673413403,1.0
1316,-13.566602161096624,6.1583192569086656,1.0
1317,-12.556228798140012,5.949783646736548,1.0
1318,-19.06742178452498,5.989076673422655,1.0
1319,-16.40607001801095,5.952653630737777,1.0
1320,-17.33588488761228,5.969946180424274,1.0
1321,-5.216439127481635,6.268231368542802,1.0
1322,-5.221276366476957,6.344524107535542,1.0
1323,0.6709947273371313,6.869763116891948,-1.0
1324,7.450074474375356,8.256595325985964,-1.0
1325,0.6284504585970012,8.75377779161006,1.0
1326,-0.1330022320092325,9.005405714560014,1.0
1327,-5.197202073346944,9.108472912306548,1.0
1328,-7.455212180109811,8.91297748040585,1.0
1329,-10.935557189314324,8.863430746091874,1.0
1330,0.0425122862013722,8.918894869429483,1.0
1331,3.476469363314095,8.775674928274313,1.0
1332,3.23319072577425,8.353667410496083,1.0
1333,-3.195329886634852,8.252986965778373,1.0
1334,6.549891877535458,8.553908907573998,1.0
1335,13.812513807439984,8.976692409208875,1.0
1336,9.822083691620035,9.188680161724895,1.0
1337,7.090537763868269,9.146682935850825,1.0
1338,41.006786553868665,12.464088013534234,1.0
1339,47.84809374392546,15.593167423188612,1.0
1340,70.30298712707588,20.667533428671902,-1.0
1341,68.4477742884506,24.296765601128715,-1.0
1342,67.82915708671294,26.861828916932666,-1.0
1343,79.33056714860078,30.057687533459532,-1.0
1344,57.58916069435816,31.03122509298165,-1.0
1345,54.64250673820845,31.375648271337397,0.0
1346,36.82598645624898,30.88936122878819,0.0
1347,35.26451410634877,29.977507375183027,0.0
1348,48.35203887665426,28.978788597449903,0.0
1349,58.33887827244985,27.705610446893253,-1.0
1350,51.6883026115662,26.62941166271449,-1.0
1351,40.5335556717954,25.366504482261337,0.0
1352,37.073460638897984,23.886904455666805,0.0
1353,34.83319720472292,21.544060637749507,0.0
1354,21.541529793150744,20.427839030559472,0.0
1355,25.577916113736197,19.664616625334627,0.0
1356,28.533130750965256,18.317023024734702,0.0
1357,40.52364226552163,15.992567344074075,-1.0
1358,37.917259032475215,16.071324134026437,-1.0
1359,39.140551381748026,16.169056013212483,-1.0
1360,28.50939896197758,15.65245334989143,0.0
1361,20.336856072984915,15.494662937794152,0.0
1362,11.113120740993793,15.748811620478042,0.0
1363,10.326251789636387,13.997972522429205,0.0
1364,16.987532838958714,13.631317249420883,0.0
1365,11.629131347742089,13.580040231085322,0.0
1366,8.311688737229758,14.48592745643071,0.0
1367,10.707287025564256,15.07416971943684,0.0
1368,17.655976365362505,14.564766348026918,0.0
1369,6.1998177868364905,13.384830528584184,1.0
1370,23.092352012951267,11.814235185010904,0.0
1371,28.31526315189967,11.187849540264665,1.0
1372,24.10078815715553,10.688789128419872,1.0
1373,20.572311477692157,10.274050502336344,1.0
1374,28.034596980594813,10.375701576335286,1.0
1375,25.84210551954095,10.380825155376185,1.0
1376,29.91298337618315,10.43174354340536,1.0
1377,26.65428802322714,9.557179372348989,1.0
1378,27.55091537422805,8.862569318167786,1.0
1379,25.039075390314963,7.822333764464954,1.0
1380,25.99556836216988,7.698374317868885,1.0
1381,25.36953958959685,7.79440693580319,1.0
1382,28.9725023734494,7.724850536214836,1.0
1383,19.28836296194197,7.318468572423868,1.0
1384,18.393250479233984,7.279378835588901,1.0
1385,26.2575546829346,6.954372569259897,1.0
1386,24.962685118696243,6.138805039648971,1.0
1387,31.000735501379893,5.6307582867944665,1.0
1388,31.699734388154184,5.652536759695817,1.0
1389,36.62606257838917,4.297224698837875,-1.0
1390,26.402712380410208,4.226943140288482,1.0
1391,50.79247947777418,6.8779375019561275,-1.0
1392,39.81434988083822,7.330927178301162,1.0
1393,43.74044482346238,7.832414933028,-1.0
1394,38.00285888365892,8.04077815008857,1.0
1395,40.952083843247976,8.3229860046787,1.0
1396,43.778792223808864,8.802627429301989,1.0
1397,51.92585197138038,9.816126686494323,-1.0
1398,35.99950959024392,9.758687723048823,1.0
1399,38.67159400941381,9.630189809999404,1.0
1400,31.10648404298945,9.475057754321412,1.0
1401,34.83265168921679,9.245006499987763,1.0
1402,42.65881979457311,9.308095376516611,1.0
1403,40.127679297209966,8.551706811931638,1.0
1404,46.4704641870446,7.704984867334722,1.0
1405,50.43229233388027,7.696620858658104,1.0
1406,54.78684892768135,7.722935577174732,1.0
1407,55.60530323227249,8.08290177586981,1.0
1408,56.28486132587693,8.343842158736296,1.0
1409,59.334079854255606,8.960174884982028,1.0
1410,66.77692287313175,9.307848325164292,1.0
1411,65.4088656592861,10.224011527171864,1.0
1412,67.89244353779185,11.099442963429224,1.0
1413,63.61591600434474,11.555810302724407,1.0
1414,64.72367748880592,11.732392503706912,1.0
1415,61.43923405383495,11.742885539161923,1.0
1416,69.90852567326516,12.269427612911333,1.0
1417,73.26639954841136,13.081333064278839,1.0
1418,92.31589459187512,14.939386256933549,1.0
1419,82.31912850600378,15.33715816194841,1.0
1420,77.69701844855865,14.392189857068853,1.0
1421,81.50956123296572,13.640144387193864,1.0
1422,86.15047989674952,13.587796351283089,1.0
1423,93.11353292939764,13.483273089635283,1.0
1424,102.642679932995,14.477130565090828,1.0
1425,105.47736522646534,15.504779029894365,1.0
1426,116.57202294643918,17.499272844302205,1.0
1427,116.2475912385305,18.784900244719026,1.0
1428,123.49352776584402,20.248307496095517,1.0
1429,131.73553618403594,22.089710223044257,0.0
1430,118.44482253032923,22.601303862490123,1.0
1431,120.03691657060584,22.811306873319563,1.0
1432,131.3252587168343,23.61568128548189,0.0
1433,130.3956657432846,23.57614014542527,0.0
1434,136.74007364872995,23.57464874783464,0.0
1435,134.2754619421458,22.491987438803704,0.0
1436,133.44117725860946,21.566548064258033,-1.0
1437,146.6475972688276,21.343777569121574,-1.0
1438,148.1454255882859,22.12863878290317,-1.0
1439,142.31427779404612,21.402728361703062,-1.0
1440,148.74923844905555,20.07309677503116,-1.0
1441,160.3706111439417,19.356372168959705,-1.0
1442,156.43108840030362,18.013737822175386,-1.0
1443,147.33971866012968,16.18457401788396,-1.0
1444,141.3769055162092,14.664657652428508,-1.0
1445,137.4169497454808,12.982953094412585,-1.0
1446,142.93846488183988,12.214241630545716,-1.0
1447,140.17119839506142,11.160372342697025,-1.0
1448,150.30040969652515,10.85757342435661,-1.0
1449,142.44995615602664,10.69509367416556,-1.0
1450,141.59688209129223,9.355217011280718,-1.0
1451,138.6053849632563,7.909964192066452,-1.0
1452,131.91497759874073,7.86689519754475,-1.0
1453,119.72771875489416,9.014532599608568,-1.0
1454,105.13219396805756,12.20138780580632,-1.0
1455,104.28087069672516,14.608464327892708,-1.0
1456,85.74494609144529,18.83878396235031,1.0
1457,87.12270594599244,21.656321453757805,1.0
1458,85.04687652817597,23.906081336953555,1.0
1459,88.16638553033027,25.504619723640644,1.0
1460,98.93066374626198,25.776507107987403,-1.0
1461,100.4700195222025,24.9480649206537,-1.0
1462,102.43208638029216,23.957427704675915,-1.0
1463,101.44936340957702,23.3464022750665,-1.0
1464,104.8538089431982,22.78261210941078,-1.0
1465,93.80782261149945,22.654810032953403,-1.0
1466,85.74303259815156,22.31832708556921,1.0
1467,67.92082485897708,23.079743070483133,1.0
1468,64.43442940632855,22.538997226695578,1.0
1469,58.78310549568852,22.496628878690014,1.0
1470,70.57492141823565,20.8489396551336,1.0
1471,85.37748255309674,18.184048528200364,1.0
1472,91.91896586884457,15.588467497569694,1.0
1473,97.32959514899149,14.07910812762524,1.0
1474,102.71674901747986,13.942925603592842,1.0
1475,116.66441005793216,14.905722579156642,1.0
1476,120.783701688453,16.425922851397694,1.0
1477,121.0070696061644,17.679979632842535,1.0
1478,126.47477142989705,19.08034002250259,1.0
1479,140.0711568300432,21.48189977350714,1.0
1480,142.53421804876302,23.72133667971742,1.0
1481,141.17659064340927,25.46691610883295,1.0
1482,140.18898250980908,26.87646544641355,1.0
1483,158.2928358063433,29.50412207686194,0.0
1484,156.96190855814712,31.576050548513177,0.0
1485,155.82911429756257,33.00445760628651,0.0
1486,152.98077519541266,33.582870382009354,1.0
1487,161.6679757420427,33.11677912903455,1.0
1488,164.2173477829698,31.74731438559071,1.0
1489,160.71022601300967,28.52925278073811,1.0
1490,153.75172322901983,25.2243889316615,1.0
1491,160.8405672509988,23.03344100681745,1.0
1492,179.53418432177455,22.05787260491893,1.0
1493,193.75652782277157,22.160180923880215,1.0
1494,187.3679583301937,21.218984088255446,1.0
1495,197.85900767200792,21.91082447410523,1.0
1496,190.91223558795943,21.621603652887437,1.0
1497,173.7344955850009,19.847663877151398,1.0
1498,181.38958486372707,18.430586365892136,1.0
1499,181.5781304757216,17.840104982388468,1.0
1500,185.3511816471746,17.341515662439374,1.0
1501,186.8206910253506,16.482474059390572,1.0
1502,189.77430931594893,15.25815705291713,1.0
1503,201.62945274012927,16.018223915441283,1.0
1504,195.99228724527887,15.975586349757206,1.0
1505,203.5380082654507,16.086162776359412,1.0
1506,219.57962510331487,17.027188578953037,1.0
1507,215.0470223371496,17.59883310454678,1.0
1508,227.8554323110202,19.109137878558144,1.0
1509,246.70780293319615,21.809861127869617,1.0
1510,263.9062787562789,24.89438627778841,1.0
1511,256.7010748440522,26.31614987716687,1.0
1512,250.8502377359872,27.632174925095086,1.0
1513,266.56520821035,30.383000123454302,0.0
1514,264.40992757732863,32.04637716433642,0.0
1515,264.10486256179627,33.56779911766854,0.0
1516,267.33943776680525,34.617035496147004,0.0
1517,287.541556224823,35.58108456223676,-1.0
1518,301.7075455621194,37.43810965529143,-1.0
1519,294.71511473149013,37.670904032745284,-1.0
1520,302.79560254155945,37.937492022096386,-1.0
1521,279.8193263078145,36.033918372587806,-1.0
1522,249.35823233193528,33.13666398764565,0.0
1523,249.2468835565544,30.88495816655526,0.0
1524,242.20045600986063,27.7800892947255,-1.0
1525,242.5642643561422,25.007778813952758,-1.0
1526,236.05966440288285,23.863266461148605,-1.0
1527,238.3459925143456,22.026913484155315,-1.0
1528,250.10432901793445,20.7560375492338,-1.0
1529,245.64310124063104,20.800671398933407,-1.0
1530,238.5185779996124,21.4864668625895,-1.0
1531,239.9434407786445,22.00113760989176,-1.0
1532,228.96742073442653,23.031107810303563,-1.0
1533,225.2249407339901,24.189401169953552,-1.0
1534,236.6349512245735,24.56204528651683,-1.0
1535,245.6741400398984,24.589340406813033,-1.0
1536,249.0373779194828,24.45083363599805,-1.0
1537,256.43812857055696,23.174760366433873,-1.0
1538,254.5136065108936,20.117791676838422,-1.0
1539,244.36075030774495,17.20556876440111,-1.0
1540,243.85441395977804,11.329313933512609,-1.0
1541,228.71258947219823,8.40794361497143,-1.0
1542,227.8641987674628,8.817948827921507,-1.0
1543,208.29526216277824,11.265023082541163,-1.0
1544,185.90590360532505,16.34826595085667,-1.0
1545,174.2840441759875,21.34454927011121,-1.0
1546,180.39055220586985,24.333908783369765,-1.0
1547,175.3912298113921,27.127403577305508,-1.0
1548,161.13792732523126,30.251691197004245,0.0
1549,158.1954284490363,32.93708702334456,0.0
1550,158.95993612379831,35.08413346847428,0.0
1551,169.64882790005746,35.88031638099204,0.0
1552,167.8009845357061,36.83319131888785,0.0
1553,173.35302743676286,37.35066006520661,-1.0
1554,162.2733515014909,37.73735339396221,0.0
1555,159.62614909869592,37.315349307273536,-1.0
1556,159.5563486335112,36.09232103965189,-1.0
1557,157.5142374256827,33.56270303518964,-1.0
1558,156.46356521359144,30.27110842744724,-1.0
1559,151.39261834174005,27.29236149635212,-1.0
1560,147.9009495314244,23.246207833650796,-1.0
1561,153.75676081104783,19.584917778026913,-1.0
1562,154.61000933307295,14.20288993539149,-1.0
1563,155.22939619443775,10.26038968384647,-1.0
1564,146.3318092750844,9.42700377482622,-1.0
1565,129.17797344157304,11.332684324052414,-1.0
1566,133.4289238087617,11.516958814942337,-1.0
1567,137.29218578616982,11.393249213296542,-1.0
1568,143.79899689325555,11.534988670110069,-1.0
1569,140.71518420764505,11.84376906822705,-1.0
1570,132.76952576325354,12.56900066451205,-1.0
1571,128.6971110648477,12.81276099656461,-1.0
1572,123.81711689055756,13.287419482378557,-1.0
1573,116.4752514869837,13.521726484890184,-1.0
1574,111.47167416489069,14.73278849130219,-1.0
1575,103.58825774128698,16.43481403147356,-1.0
1576,91.09521543161064,18.914237603283365,-1.0
1577,102.58510459287706,19.56834249970665,-1.0
1578,95.49750237004903,20.454287216551492,-1.0
1579,83.3696162406687,22.280585581818883,0.0
1580,74.4475849738647,24.522346699999076,0.0
1581,74.0510184229019,25.693778017659838,0.0
1582,84.05078834527458,25.377920668719067,0.0
1583,85.3616877763551,24.395659633030625,0.0
1584,73.72402783368838,24.40474545097439,1.0
1585,69.28634854926958,25.360101406895563,1.0
1586,72.9885575670331,25.42979905736758,1.0
1587,72.54838047576033,24.849015778189127,1.0
1588,74.6531872861921,23.034415713302085,1.0
1589,77.76299175694834,20.724575514574138,1.0
1590,75.03789621035133,18.732382033518935,1.0
1591,67.16295184498492,16.926283230540896,1.0
1592,62.69552353150766,15.260047007202369,1.0
1593,65.40111497692865,13.617564108589333,1.0
1594,103.9728819846316,12.808974527333724,-1.0
1595,97.44740194455125,12.288518972382255,-1.0
1596,86.38614442093561,12.11174959210088,1.0
1597,75.53617830161431,10.897143183074142,1.0
1598,69.71164464286338,10.297788450066658,1.0
1599,95.80235288699576,11.033716364700297,-1.0
1600,102.59955941409972,12.293679865223268,-1.0
1601,107.30229930400574,13.711790273498156,-1.0
1602,111.63384946244692,15.329541070240154,-1.0
1603,105.66189821402344,16.18745576199568,-1.0
1604,103.3400984584582,16.608172370729374,-1.0
1605,105.84520975612064,16.81601957268556,-1.0
1606,106.38535528353106,17.04211015634973,-1.0
1607,102.31302447084964,16.88903662196924,-1.0
1608,101.66407598498564,16.690120979414687,-1.0
1609,92.02943324078458,16.3885107201326,0.0
1610,76.21475413536388,16.32679086795545,1.0
1611,73.47013222511583,15.87744167967173,1.0
1612,79.39642958580484,14.630324449631141,1.0
1613,89.70739149953212,13.14163048453008,-1.0
1614,90.85092364248284,12.960709958174718,-1.0
1615,96.25342516788,12.945110702838567,-1.0
1616,90.3554344300783,12.858747399967164,-1.0
1617,99.875476891701,12.172327658254241,-1.0
1618,101.3289680881938,10.673165443094929,-1.0
1619,103.30966454504976,10.775106620066728,-1.0
1620,93.5185873735036,10.71687654336972,-1.0
1621,93.55347178365182,10.426044815981172,-1.0
1622,97.3453646052779,9.75442189019509,-1.0
1623,91.81337958430294,9.453670149305518,-1.0
1624,82.76938348034494,9.551598481641108,1.0
1625,83.22700131921161,9.337121352340999,1.0
1626,95.80003417398052,8.778115455439794,-1.0
1627,98.63051283843876,8.581074163921524,-1.0
1628,83.70186644555241,8.405615137818753,-1.0
1629,74.86010917938026,9.105729341072335,-1.0
1630,66.13683645731692,10.11945022794054,-1.0
1631,60.97346046300282,11.446770394859437,-1.0
1632,57.11160273573219,13.327183061236209,-1.0
1633,54.68332994831857,15.199242023349784,-1.0
1634,39.90272088736117,18.268592796985228,-1.0
1635,40.70692317808224,20.29840348563188,-1.0
1636,52.81607622726972,21.05856782458706,-1.0
1637,39.95638026907787,22.10901092408916,-1.0
1638,26.93431210668851,23.750993095817257,-1.0
1639,29.129527759396524,24.369791985647574,-1.0
1640,35.136370513212086,24.669490789123266,-1.0
1641,25.311324371752534,25.262350794065565,-1.0
1642,25.35939511227727,25.065913451263732,-1.0
1643,21.820712211315083,25.019011791493003,0.0
1644,9.974586154949634,26.003675811714313,0.0
1645,15.28109983443386,26.025114491094666,0.0
1646,16.751115039984654,24.281685272017945,0.0
1647,36.3580233957895,20.58664886096307,-1.0
1648,42.34243262085016,17.941239439835645,-1.0
1649,25.84277635050975,15.962894381944277,-1.0
1650,25.667011576742997,14.452011674333516,-1.0
1651,16.047539118589413,13.51686978801073,-1.0
1652,1.757584226959466,13.738820907959077,1.0
1653,6.441111861217735,13.234398298560992,1.0
1654,12.493970754390972,13.211847064950124,-1.0
1655,3.794940958758019,13.521811221271172,1.0
1656,4.092288139072707,12.287469534504286,1.0
1657,-8.709658625551157,13.130826232272812,1.0
1658,0.9902653735632896,13.538425716267616,1.0
1659,-7.635125865273977,14.32020828827176,1.0
1660,-0.4165690556593517,13.950498726242326,1.0
1661,-13.242151991359236,14.890428392095608,1.0
1662,8.758778579116324,14.550716893430696,1.0
1663,12.30585769722137,14.329437022455387,1.0
1664,14.753582345595191,14.360994624388333,1.0
1665,11.043782141385265,14.320800782369227,1.0
1666,15.79625948263947,14.300342282097569,1.0
1667,29.54931598363339,13.71972082958794,1.0
1668,30.32591542205685,12.43569917150216,1.0
1669,46.97793302729892,14.607467411950642,-1.0
1670,52.60906492558109,17.1047698262394,-1.0
1671,53.50916255056649,19.47175477483282,-1.0
1672,46.12710567147104,20.531094070937847,-1.0
1673,36.37096683258537,20.887044906932662,-1.0
1674,27.22668295252552,20.96179813461766,-1.0
1675,23.29465537175068,20.707912443032992,-1.0
1676,30.77197792739912,20.54307148134658,-1.0
1677,8.958801333063775,19.577113109758713,-1.0
1678,8.676729052419148,19.227605495757334,-1.0
1679,5.685867562414899,18.366155529608584,-1.0
1680,-2.3515615716169407,18.497601800977797,-1.0
1681,-3.386240951503396,17.609228230871214,-1.0
1682,-7.463481071038416,18.63613850353987,0.0
1683,-9.08714551417438,19.801691101023255,0.0
1684,-10.35262860536298,20.977372373767185,0.0
1685,-15.87865377428625,22.37995442816413,0.0
1686,-22.89348838720406,24.211175540799008,0.0
1687,-18.53382039670163,25.20707249642252,0.0
1688,-23.588674415835555,26.23450588444465,0.0
1689,-26.03537853913997,26.093073009880015,0.0
1690,-18.92487518079372,24.46253072835079,0.0
1691,-19.149464065034262,22.012098015936324,0.0
1692,-29.832863646345714,20.198781746206766,0.0
1693,-27.07655863886947,18.55143519700919,0.0
1694,-27.909190266977618,17.332894524212186,0.0
1695,-33.509705723550525,16.344588188396422,1.0
1696,-33.816699314203674,13.575446384577969,1.0
1697,-17.71985787844207,12.31620575255102,1.0
1698,-18.956620982718302,10.778581666746511,1.0
1699,-1.9398183988179485,10.002064500399833,-1.0
1700,-16.002064737523597,9.288108678281551,-1.0
1701,-21.336327635989505,8.525430137662344,1.0
1702,-21.061274002406066,7.99895805350355,1.0
1703,-29.296062397717805,7.729285328018623,1.0
1704,-21.64500369476445,7.255377279628435,1.0
1705,-16.84733362112786,7.213682238093838,1.0
1706,-11.247692849956366,7.622040386011258,-1.0
1707,-12.416424386912697,7.875231194411882,-1.0
1708,-5.630799715227852,8.604402999288666,-1.0
1709,-29.25898839113285,8.742289916526643,1.0
1710,-31.903471324812383,9.080394476664132,1.0
1711,-25.684000085483888,9.115382868712654,1.0
1712,-18.27987765265084,8.934096829944478,1.0
1713,-17.68062410189947,8.848633642848647,1.0
1714,-8.456958666367939,9.07005965063083,1.0
1715,0.9491052967453584,9.555503485485254,-1.0
1716,13.39950332988343,11.12319557590583,-1.0
1717,6.030005740200352,12.103945280195875,-1.0
1718,5.765077397769687,12.849526004238506,-1.0
1719,-22.25452172253995,12.720919693355533,1.0
1720,-0.2485064660795615,13.082335794627427,0.0
1721,-6.124749417385658,13.036011589040417,0.0
1722,-10.997572793495266,12.885358864985264,0.0
1723,-5.116852194716103,12.30753161018875,-1.0
1724,-4.727688218706817,12.108655590903936,-1.0
1725,-1.368184799812468,12.14505956273142,-1.0
1726,-3.4190860518845057,12.203730290739374,-1.0
1727,-2.381286774713232,12.256481425908659,-1.0
1728,-10.984556484852078,12.251982842166308,0.0
1729,-11.014514375071116,11.27610331784316,0.0
1730,1.6774101707406714,9.902893011144162,-1.0
1731,-4.827381504680432,8.75802831847404,-1.0
1732,-3.776757432564324,8.182365932148853,-1.0
1733,-2.1701971033966174,7.5562873063699865,-1.0
1734,-4.403870708796234,7.470276484463769,-1.0
1735,-2.088624035550282,7.409980337038946,-1.0
1736,-8.410980148563567,6.324965158939187,-1.0
1737,-13.194056527746255,6.090136959560713,-1.0
1738,-10.266162635326111,5.560966654307472,-1.0
1739,-10.843459388721442,4.275144087447241,-1.0
1740,-11.056350954787971,4.228032633549461,-1.0
1741,-12.943286023310293,4.482546521972015,-1.0
1742,-20.562375080723427,5.392521263780405,1.0
1743,-24.0035849461201,6.55623137780372,1.0
1744,-24.859981366028023,7.498928369841773,1.0
1745,-18.474961151337084,7.55264971122963,-1.0
1746,-12.581418993275603,7.415469102878445,-1.0
1747,-13.627880861983414,7.202072576785302,-1.0
1748,-10.83971136128875,7.202077757556755,-1.0
1749,-23.774606482525822,7.755431993599636,-1.0
1750,-19.86837494541365,7.304457485528051,-1.0
1751,-30.03137409287953,8.026198099205397,-1.0
1752,-30.78159637075348,8.493408965460466,-1.0
1753,-38.13671315826946,9.34554158893408,-1.0
1754,-45.25217344497156,10.791020627577954,-1.0
1755,-50.280906241630674,12.098613462845515,-1.0
1756,-48.4447247726425,13.091890048510669,-1.0
1757,-51.25371760647275,14.232754277687704,-1.0
1758,-55.03045227066238,15.214458688549255,-1.0
1759,-64.03374789778618,16.70147556846217,-1.0
1760,-71.19012361685023,18.384349217718118,-1.0
1761,-75.53993270888827,19.994443716556038,-1.0
1762,-74.55931104925438,21.33964442247089,-1.0
1763,-104.59232137963328,25.530464382461233,1.0
1764,-99.52306530156544,28.04864804982863,1.0
1765,-108.67926442572232,30.393307839467834,1.0
1766,-107.81023545785544,31.433230969496055,1.0
1767,-99.00576891944262,31.148872463635172,1.0
1768,-98.03306539851566,29.920251379126064,1.0
1769,-83.02614084698979,28.547133024731608,1.0
1770,-77.6724042412361,26.280024479224288,1.0
1771,-62.774550919105735,24.581872658813687,1.0
1772,-52.007925801191774,23.109999577709143,1.0
1773,-36.03669973431822,23.28250258658549,1.0
1774,-28.3282735856191,24.622151914877954,1.0
1775,-19.39710592500492,26.94103812495293,1.0
1776,-11.56263046790744,29.678387451622534,1.0
1777,8.60955470963168,34.23202446250208,1.0
1778,19.694444130933206,39.20946476407766,1.0
1779,41.74696355202123,45.576959607867565,1.0
1780,68.7245273165941,53.35583135189929,1.0
1781,85.08624854515053,60.86757629030734,1.0
1782,108.40552013540798,68.92584644892075,1.0
1783,129.3718626698898,75.62982919406379,1.0
1784,151.2157871688057,82.42446982757731,1.0
1785,176.94966657568193,88.67469223577604,1.0
1786,198.9188910278674,94.35126258435986,1.0
1787,233.81232768810787,101.16716517004954,1.0
1788,261.0964514551842,107.48458924919795,1.0
1789,286.53991934690123,113.96267677175432,1.0
1790,305.3066358728295,119.17154950542042,1.0
1791,324.8510745383115,123.8852646773739,1.0
1792,354.2735760664076,128.6816178114499,0.0
1793,369.3848293657768,132.53311577475688,0.0
1794,382.0113890915682,134.69067478912424,
1795,388.00562150716144,134.7491178481665,
1796,395.266655135424,132.7575082474335,
1797,409.1539218991353,130.2574798471851,
1798,428.9979070203508,126.84268565969943,
1799,431.6626240923745,122.22879895705611,
1800,449.68644411802575,118.09554533522396,
1801,468.52686789396745,113.51593384048293,
1802,471.24587950047953,108.01310231973991,
1803,460.4444291163488,100.63338664673162,
1804,467.2547642920316,92.71288254211436,
1805,468.6661408773087,84.45325291538028,
1806,478.638986869163,76.01854598701802,
1807,492.0272293236126,69.42603651947174,
1808,492.61729811995946,63.25765534195031,
1809,503.1244914317304,58.2262369982649,
1810,510.2651164065652,53.516107108375074,
1811,516.6554494771011,49.32521646950915,
1812,533.4099110660893,47.86384230131035,
1813,532.6536057170414,46.235657076698985,
