index,CACI GNRC,Standard_dev,label
0,-239.96762863392345,46.73118184456586,1.0
1,-238.82353709670744,46.73118184456586,1.0
2,-236.89360330025409,46.73118184456586,1.0
3,-244.09825142505903,46.73118184456586,1.0
4,-249.61491089956004,46.73118184456586,1.0
5,-249.07516376065584,46.73118184456586,1.0
6,-249.6238755930664,46.73118184456586,1.0
7,-259.87484423560016,46.73118184456586,1.0
8,-275.53446166378194,46.73118184456586,1.0
9,-264.8809899177962,46.73118184456586,1.0
10,-253.4008312215759,46.73118184456586,1.0
11,-238.7516465240817,46.73118184456586,1.0
12,-224.47648296693188,46.73118184456586,1.0
13,-206.67604888948875,46.73118184456586,1.0
14,-191.6246382652647,46.73118184456586,1.0
15,-174.1013253264071,46.73118184456586,1.0
16,-164.18215619910245,46.73118184456586,1.0
17,-147.8604566420272,46.73118184456586,1.0
18,-132.8682149317437,46.73118184456586,1.0
19,-119.15066267893212,46.73118184456586,1.0
20,-113.93883907047416,51.84130559582484,1.0
21,-107.11225036550698,56.39033457378161,1.0
22,-102.4097293144265,60.29361720489147,1.0
23,-95.34754054045266,63.45943817258678,0.0
24,-90.55622361109307,65.65908774521947,0.0
25,-84.34068102709135,67.25673068478245,0.0
26,-78.1450563266226,68.14512867878841,0.0
27,-71.57199362068607,67.53603985405415,0.0
28,-66.88402378962309,64.27362817844502,0.0
29,-60.64881616972314,60.579040173711554,0.0
30,-57.50238042832021,56.31956994365957,0.0
31,-51.78752658446915,52.045083544164655,0.0
32,-44.44059745491829,47.89214049270542,0.0
33,-40.54454935352982,44.147997467252814,0.0
34,-33.71003119693194,40.84993332334339,0.0
35,-33.04570998523904,37.97846156676764,0.0
36,-24.72513099504261,35.3483558465522,0.0
37,-20.49223987717994,33.492118171206485,0.0
38,-15.662190161624851,32.41875828640116,0.0
39,-14.682387664299693,31.745666582069894,0.0
40,-13.137899823760293,30.7816244819217,0.0
41,-11.02043491975219,29.757198256069675,0.0
42,-11.56775446165598,28.320314528951503,0.0
43,-6.563725160540017,27.10895855195122,0.0
44,-4.420547562936825,25.720448984793087,0.0
45,-2.5275426253642586,24.30276774793328,0.0
46,-0.2384763406321148,22.915904457220755,0.0
47,1.5240703629121732,21.60366314544133,0.0
48,2.461480137080432,20.14529228983596,0.0
49,3.794914650779344,18.767873835937422,0.0
50,4.910739882851825,17.131485282135493,0.0
51,5.717263279740887,15.522653680467384,0.0
52,6.948179015549517,14.229525658016447,0.0
53,7.062306584904462,12.825098255670142,0.0
54,8.817680097315165,11.818630750294083,0.0
55,10.01853125798934,10.444693152802973,0.0
56,11.717483503376002,9.736501957003451,0.0
57,12.845692081467671,9.220071446969405,0.0
58,14.619978211945728,9.031799095893104,0.0
59,14.10542888684618,8.633457296218007,0.0
60,14.37674338038908,8.146399837903834,0.0
61,14.843124064511173,7.652823588724506,1.0
62,15.854173762017467,6.864529662015472,1.0
63,17.583151997235753,6.505734989706451,1.0
64,19.283998708902555,6.279022897368019,1.0
65,20.705743855455868,6.145632112134276,1.0
66,18.243132398792792,5.852586609059354,1.0
67,18.72290917905348,5.6031813257874505,1.0
68,19.261243961232477,5.32978265464528,1.0
69,18.92871117177489,5.023882309232314,1.0
70,19.081605713436105,4.703951386774279,1.0
71,20.078170483346817,4.388366314458796,1.0
72,18.815821685503224,4.005965711141814,1.0
73,18.41915187374361,3.4803656399017204,1.0
74,17.41895548268797,3.0038259583234046,1.0
75,18.57652864902446,2.5737875039426257,1.0
76,19.80869758161095,2.291362692749926,1.0
77,20.509566590263816,2.090192358793829,1.0
78,22.31162444408954,2.1497082090901247,1.0
79,23.97057403338442,2.2546166448882774,1.0
80,24.914219826249504,2.3843007123836246,1.0
81,30.704249248910774,3.2728228443414675,0.0
82,30.98832989635022,3.9121149950577787,0.0
83,32.819214209933094,4.643899524887656,0.0
84,33.22486502761271,5.269716366763967,0.0
85,33.40289410617219,5.796510941260974,0.0
86,33.91579056170747,6.165789075056205,-1.0
87,33.85592225046814,6.433499752925928,-1.0
88,33.55674336733243,6.606743405006939,-1.0
89,34.32437998251535,6.725450756069425,-1.0
90,33.941417147632094,6.737667543026904,-1.0
91,33.9221487008666,6.724266600325015,-1.0
92,33.368045936567235,6.522841058393328,-1.0
93,33.90274191260902,6.212648940463946,-1.0
94,33.02264328508832,5.638724534821586,-1.0
95,33.7200242254258,5.0445173622095725,-1.0
96,32.31832859232537,4.379638823633231,-1.0
97,31.726140311193348,3.595388595941864,-1.0
98,31.245243251865656,2.8447960986335477,-1.0
99,30.87125566593608,2.1302748559760567,-1.0
100,30.6989820640678,1.2648595428905325,-1.0
101,29.733091444388403,1.3634016381172414,-1.0
102,28.76444751457665,1.5853611614921477,-1.0
103,28.882353933632267,1.7900829315842253,-1.0
104,27.66946613407804,2.0680370952861518,-1.0
105,25.48519034117061,2.521999642285118,-1.0
106,24.064768494937603,2.9938063081363255,-1.0
107,21.697039260784805,3.6089079917333255,-1.0
108,19.910168945461837,4.260755684526527,-1.0
109,17.62627932843319,4.942679902224241,-1.0
110,16.32720423532562,5.56949960412412,-1.0
111,15.689423800099114,6.0622184665412755,-1.0
112,13.415229301030472,6.632303561220439,-1.0
113,12.021294469798235,7.106654922785008,-1.0
114,9.942665689959629,7.631635686636885,-1.0
115,8.47160457065349,8.032630434825231,-1.0
116,6.643583520811031,8.475505608098231,-1.0
117,5.747524920326384,8.816766455830193,-1.0
118,4.675180354618263,9.070210571977531,-1.0
119,3.964724356008716,9.198298440313055,-1.0
120,3.1981950619698765,9.188128059004535,-1.0
121,1.8584319506500933,9.140717839130556,-1.0
122,0.1793480606778246,9.077330297154198,-1.0
123,-1.6475876679968522,8.897262298902264,-1.0
124,-4.781573501682189,8.818547785399213,-1.0
125,-6.64422912807543,8.818685596816948,-1.0
126,-9.176559879177375,8.886438809590087,-1.0
127,-10.582026247668452,8.998794356354217,-1.0
128,-11.915282895782454,9.100385871320354,-1.0
129,-15.26306580673566,9.42680305441629,0.0
130,-16.30183721019229,9.656778731137708,0.0
131,-18.245232941897484,9.822604698595384,0.0
132,-13.808827170601354,9.570544245138136,-1.0
133,-14.195147885076691,9.255134776132326,-1.0
134,-16.13517842244793,9.037591135629668,-1.0
135,-16.196545120646356,8.752660000549461,-1.0
136,-18.41162848214912,8.574010082297,-1.0
137,-19.453940693548983,8.344951064279899,-1.0
138,-21.19775218632233,8.125077143287283,0.0
139,-21.720565682900563,7.784860227517626,-1.0
140,-22.6868735483464,7.348264179809717,0.0
141,-23.05403185502937,6.822464480784676,-1.0
142,-23.89131354786185,6.2794883359042135,-1.0
143,-24.485441756713136,5.724787927657178,-1.0
144,-24.651735701509946,5.310172370110038,-1.0
145,-24.98207545046849,4.924250097173973,-1.0
146,-25.50894086924229,4.676542667907629,-1.0
147,-26.43951034577957,4.490811718604867,-1.0
148,-27.01153255577484,4.33942223928726,-1.0
149,-26.71046356135593,4.341992956016979,-1.0
150,-28.410899554020556,4.457758438668616,-1.0
151,-29.25713196189969,4.663131553250372,-1.0
152,-28.889795259236195,4.411543068562294,-1.0
153,-30.287739751105438,4.149282832366827,-1.0
154,-31.6817477078656,4.059702637615137,-1.0
155,-31.800504346695803,3.822551628706216,-1.0
156,-32.68147637950538,3.755780162093558,-1.0
157,-32.090774106706924,3.6143274709838207,-1.0
158,-32.79708056312676,3.586420394555687,-1.0
159,-33.58724919252675,3.5698833966781374,-1.0
160,-33.706136488961526,3.5496334825777702,-1.0
161,-34.01472996714602,3.4946148091111544,-1.0
162,-34.70112023261599,3.4752948178893455,-1.0
163,-34.46434623879372,3.405162730140137,-1.0
164,-35.722174262315775,3.358028655572477,-1.0
165,-35.28890121635524,3.216194976913474,-1.0
166,-36.82177542798812,3.1469374245777924,-1.0
167,-37.32783625783181,3.1090522273862704,-1.0
168,-39.75775084468031,3.2572763473632365,-1.0
169,-41.92611524301313,3.4802386087193335,-1.0
170,-43.53432234979671,3.8770216764052234,1.0
171,-37.40829062528944,3.720264408579262,-1.0
172,-39.53291831965149,3.5697794044217868,-1.0
173,-39.26535978528642,3.4479737629414866,-1.0
174,-41.16287645623611,3.4882260161925274,-1.0
175,-41.67354470815852,3.504664859011286,-1.0
176,-43.11714961032062,3.6225988283493136,-1.0
177,-43.92394913008774,3.6766106479380682,-1.0
178,-44.05145118823049,3.7016943867082945,-1.0
179,-45.1924611451763,3.7914138571463285,-1.0
180,-45.986860995949854,3.8606471950353547,-1.0
181,-46.73454055860269,3.9145376649436,-1.0
182,-45.46473112039376,3.8317735328583025,-1.0
183,-47.01785200306925,3.7462235143560756,-1.0
184,-49.39871791017105,3.8733771506370505,-1.0
185,-49.77982800830801,3.8620823031465696,-1.0
186,-49.31052431130416,3.8278946996944665,-1.0
187,-48.97718948743661,3.7112620862439547,-1.0
188,-51.08287844253685,3.864894430659951,-1.0
189,-53.6544463543116,4.284522908014316,-1.0
190,-54.09396522521684,4.685596639643864,-1.0
191,-56.55663669467568,4.825941780720093,-1.0
192,-58.6850441951006,5.194382249658858,0.0
193,-61.04122805276912,5.588171867260817,1.0
194,-62.10995680570268,6.01891042787804,1.0
195,-62.40070980251028,6.306786498970076,1.0
196,-60.91809159556217,6.401679940198256,1.0
197,-64.25814776056703,6.690028088097267,1.0
198,-64.45312119482668,6.833972827976575,1.0
199,-63.50931809808623,6.839207442024658,1.0
200,-61.11597604054418,6.65049529662977,0.0
201,-61.99915874430906,6.461418989988383,1.0
202,-60.89573066964229,6.005816585387742,1.0
203,-60.13587405876779,5.550069679469206,1.0
204,-60.16599318041891,5.212484446452799,1.0
205,-57.50835669336271,4.822853767096181,-1.0
206,-56.07931561034561,4.347513756533398,-1.0
207,-53.44618489196041,3.89781687909376,-1.0
208,-52.83318474498634,3.721507693185516,-1.0
209,-51.28076584572044,3.942105810539714,-1.0
210,-54.51808724860253,3.914381417602411,-1.0
211,-55.660033346310215,3.9511561590974558,-1.0
212,-57.1637954935924,3.975162039499087,-1.0
213,-57.51461387578296,3.961530772685861,-1.0
214,-56.71840561741134,3.91464711183844,-1.0
215,-58.91237779288229,3.8141638519070318,-1.0
216,-60.44893070574373,3.7996286100132113,-1.0
217,-62.293107772416015,3.6639999262577865,-1.0
218,-63.64211239584642,3.596564852668696,-1.0
219,-64.36333433150376,3.666163980597396,-1.0
220,-63.16387187980713,3.7749161360986823,-1.0
221,-65.25254365938042,3.9998830719927825,-1.0
222,-67.29340878117577,4.426254519786703,-1.0
223,-68.70327274082148,4.935434697350853,-1.0
224,-70.32169634322855,5.5126937613079425,-1.0
225,-69.24004867209078,5.862801641539834,-1.0
226,-70.16011298045069,6.149706363775591,-1.0
227,-69.82199265954017,6.1606562643781055,-1.0
228,-68.48595711571932,5.929380357478803,-1.0
229,-69.42695706974466,5.451426903291069,-1.0
230,-69.75791324074893,5.164584399883881,-1.0
231,-72.86046195973442,5.060647135580978,-1.0
232,-73.77816813279352,5.0222063531889045,0.0
233,-75.92331984168752,5.051211857599616,0.0
234,-80.54495846523301,5.295460995534697,1.0
235,-79.26047896059508,5.367374229037404,1.0
236,-80.25895906021435,5.486786661429331,1.0
237,-79.95158931679882,5.563032297273129,1.0
238,-80.13917157884134,5.62012257661142,1.0
239,-77.52715239830695,5.4550638158224585,1.0
240,-76.7298617838333,5.049146572974384,1.0
241,-75.83456337465961,4.707451681734231,1.0
242,-72.96050598240925,4.459134842711309,1.0
243,-76.7168364565229,4.307623634376119,1.0
244,-77.94290490988305,4.2567354464791585,1.0
245,-76.63749571569045,4.058943849612674,1.0
246,-77.66015117526558,3.9089997966963974,1.0
247,-75.44343493855713,3.6653504746278105,1.0
248,-74.76556254194658,3.2420613768044455,1.0
249,-74.55015603214574,2.8578800231350727,1.0
250,-73.36973465519753,2.5041631911996234,1.0
251,-72.06836746272359,2.5724632019385703,1.0
252,-71.80163431752186,2.720415421701598,1.0
253,-70.70515279133471,3.0135141759876145,1.0
254,-70.93634744587547,3.0572593764643567,1.0
255,-68.2594327482143,3.368663185840067,1.0
256,-67.4933686593302,3.5658591199686893,1.0
257,-66.0604624802229,3.8080524505141256,1.0
258,-63.422266257131135,4.178529497581091,1.0
259,-60.632888337936365,4.874301058867126,1.0
260,-58.36392936296619,5.644992846537161,1.0
261,-56.42771757006199,6.433942885211546,1.0
262,-56.94338488038144,7.053778384626079,1.0
263,-54.577076324921386,7.580820639259467,1.0
264,-54.06123414319816,7.874245993238903,1.0
265,-53.55880327411084,8.107406684064161,1.0
266,-53.49406059703061,8.087583593272432,1.0
267,-52.0097620904797,8.168659200873858,1.0
268,-52.77959008958568,8.076463694957202,1.0
269,-51.21805962215101,7.939734542241149,1.0
270,-49.099531120378906,7.869889195216167,1.0
271,-43.70831383648264,8.167407505980774,1.0
272,-37.087482197255454,8.90892518565887,1.0
273,-34.72096152313652,9.610328425066909,1.0
274,-30.621934349985224,10.345203525201857,0.0
275,-29.027524749141563,11.04089512802912,0.0
276,-27.50021205905708,11.55670665907683,0.0
277,-26.541638432214405,11.907159906866273,0.0
278,-23.4312576518406,12.40297015323984,0.0
279,-21.86747645098943,12.898251655438141,0.0
280,-20.46293083949153,13.352823495393366,0.0
281,-20.809995127663814,13.623512174250443,0.0
282,-18.833176967029303,13.745903838499448,0.0
283,-17.25490196365724,13.876964833356515,0.0
284,-17.58590523766174,13.761521756090824,0.0
285,-17.54654368665529,13.4308092017967,0.0
286,-17.037089732758822,12.8620311875114,0.0
287,-15.33738141733852,12.226069946428506,0.0
288,-16.899509143516696,11.073039913618242,0.0
289,-17.263179314512612,9.648300102121521,0.0
290,-16.408685844808566,8.003003750297266,0.0
291,-17.269826054572178,6.538389657385717,0.0
292,-17.739049477343265,5.5765128497713565,0.0
293,-16.769163353115204,4.655730665021696,0.0
294,-16.512394069641275,4.039170135929577,0.0
295,-17.267470995756675,3.400817239354652,0.0
296,-16.319980554298475,2.798517229308834,-1.0
297,-16.031805186314216,2.1003519495557605,-1.0
298,-16.521401460851223,1.6730695450036157,-1.0
299,-16.9928328890406,1.338213281334613,-1.0
300,-17.293762529880233,1.1190404009471635,-1.0
301,-17.78533736428824,0.7452786956315887,-1.0
302,-18.60133640039744,0.7170824904860249,1.0
303,-18.48871279865408,0.7877726353532274,1.0
304,-17.298252442271625,0.7807128488274331,-1.0
305,-18.563685766666147,0.8440088962685008,-1.0
306,-18.80625551856926,0.9237966261664327,-1.0
307,-19.115493705610312,0.9071769110777679,-1.0
308,-19.2035713729576,0.9836912898982713,-1.0
309,-18.51342185159852,1.0064679318916845,-1.0
310,-18.643703686417112,0.9941434986064038,-1.0
311,-18.199384530264744,0.9953481491152386,-1.0
312,-21.08768066963497,1.2463519544470107,1.0
313,-20.123877800917818,1.3101497909969049,1.0
314,-19.928716314632894,1.319262347251013,1.0
315,-18.35649347682441,1.2993625847094228,1.0
316,-18.13789935183076,1.2148570018315707,1.0
317,-16.8067381100238,1.1462875060520583,1.0
318,-16.165753434907728,1.1796206130686036,-1.0
319,-15.43205759644944,1.3211433564572248,-1.0
320,-15.147759815598064,1.486346665851807,-1.0
321,-15.337931709832446,1.6188803613405798,-1.0
322,-14.960677100310852,1.7580036915301445,-1.0
323,-15.428934353653304,1.836898910541897,-1.0
324,-15.589293057512675,1.8983711375827772,-1.0
325,-19.31730299084473,1.9241912694164431,1.0
326,-17.92314868022538,1.9078988493741118,1.0
327,-17.414632630241364,1.877792248361987,1.0
328,-16.40830040615625,1.8549428633952494,1.0
329,-15.463357746855388,1.8876735148862855,0.0
330,-15.031045511638824,1.924185628131496,0.0
331,-14.2680274310152,2.00641815956053,-1.0
332,-13.996463615297046,1.8510579545899015,-1.0
333,-16.6887020774221,1.651799784060433,1.0
334,-16.473800420960288,1.4277183301870224,1.0
335,-17.502474410141268,1.3720608428429402,1.0
336,-16.769948287261244,1.301317421443917,1.0
337,-17.115467057519012,1.3118516791764705,1.0
338,-16.80113505646449,1.3206373863888026,1.0
339,-15.866482760675211,1.3116887975645908,1.0
340,-17.15192740727182,1.3056027816880997,1.0
341,-16.427068583431982,1.2870223651692716,1.0
342,-15.733318584634697,1.2549560580547465,1.0
343,-15.929132979861166,1.2401419213490175,1.0
344,-14.571206530812098,1.294591425513922,1.0
345,-14.5168420619084,1.1511124572156357,1.0
346,-13.480314499414789,1.2085527908406586,1.0
347,-13.437807411817026,1.2685193268289296,1.0
348,-13.522329328192129,1.3434409226099078,1.0
349,-13.550369711633252,1.4151705873063851,1.0
350,-13.171066718410737,1.502026438568758,1.0
351,-13.295236684161054,1.5537241529172992,1.0
352,-14.358605414622502,1.5397801590129738,1.0
353,-14.189635177820598,1.5240261901476297,1.0
354,-13.74939070210874,1.5252960754485598,1.0
355,-14.861024778582255,1.4125968819137973,1.0
356,-14.276349495989386,1.3498296018830558,1.0
357,-13.914601747020818,1.24669104081141,1.0
358,-13.494660856937472,1.1613617791996278,1.0
359,-13.099224713591674,1.1516437355803135,1.0
360,-12.269563843060574,1.0349970209254638,1.0
361,-11.056778057040226,1.0924464493828245,1.0
362,-11.310224016040578,1.132524098400191,1.0
363,-11.518542611286954,1.084059693051792,1.0
364,-10.705782796307531,1.199360206860032,0.0
365,-10.520516474496231,1.2955243389026723,0.0
366,-9.181348016593525,1.5427746969725418,-1.0
367,-9.309951316189007,1.7157354918373697,0.0
368,-11.3911295337328,1.7195068728375933,-1.0
369,-10.707612193669604,1.7420811904039453,-1.0
370,-10.897650873637716,1.7576624480630907,-1.0
371,-10.852160349766088,1.762820841968945,-1.0
372,-10.693095726923254,1.7033497512047149,-1.0
373,-10.613746895628331,1.6367330342062145,-1.0
374,-10.099708463231146,1.60178253226004,-1.0
375,-9.903384589320332,1.4355593233113186,-1.0
376,-9.753843793420046,1.289264810303227,-1.0
377,-10.165873268653108,1.113670913580338,-1.0
378,-10.4513639283701,0.9299799193505827,-1.0
379,-9.604873922443671,0.7759588325709174,-1.0
380,-10.067794761254603,0.6678692444851405,-1.0
381,-9.253889271840263,0.7011205526095486,-1.0
382,-10.213768175862889,0.6639801067015104,-1.0
383,-11.50577269442428,0.6627468998260758,-1.0
384,-11.777714939693816,0.7369355645261817,-1.0
385,-11.73180235157372,0.7989981578602079,-1.0
386,-11.302660453993624,0.7676625488114472,-1.0
387,-11.383750569703963,0.7357352139706408,-1.0
388,-15.848745675037364,1.3774328594794591,1.0
389,-14.856536117696066,1.6430289987334268,1.0
390,-14.959438144929834,1.8600482795288602,1.0
391,-14.379197491512691,1.983263287307583,1.0
392,-14.781411294929711,2.110126622657411,1.0
393,-14.012414546066076,2.1600054552582924,1.0
394,-14.729309078067011,2.215258971585845,1.0
395,-14.528167353436416,2.2224968459310377,1.0
396,-15.019741146080392,2.221215605587394,1.0
397,-14.564328337296352,2.192518255729402,1.0
398,-13.704358532736135,2.132979760994097,1.0
399,-12.8890263455661,1.9864185861576673,1.0
400,-13.403108560542158,1.8563716088815958,1.0
401,-12.856261133832888,1.6070446328526213,1.0
402,-12.905771085723806,1.426785695049972,1.0
403,-13.454447160088437,1.343441032221757,1.0
404,-12.975578893129487,1.2806027962504711,1.0
405,-11.421389005572928,1.3074936787263816,-1.0
406,-10.734812851155615,1.3670723008239483,-1.0
407,-10.379222170818174,1.470078016147739,-1.0
408,-9.937809789999989,1.587909040219381,-1.0
409,-10.05718154359228,1.7027116157523292,-1.0
410,-10.575189686462714,1.7306338607021081,-1.0
411,-10.14939271428468,1.793227537607775,-1.0
412,-10.797702461389347,1.7655127510874171,-1.0
413,-9.645970056739806,1.8314991991022003,-1.0
414,-11.82506427031673,1.7360949759463367,1.0
415,-11.71980644686068,1.639502735750706,1.0
416,-11.713422193449489,1.4718915511782453,1.0
417,-11.40507520451866,1.3196206110406592,-1.0
418,-10.120594663535485,1.264953467408668,-1.0
419,-9.717247050735097,1.273621917776923,-1.0
420,-10.193259051442157,1.1929840817883546,-1.0
421,-11.53032204641032,1.1269759525281478,-1.0
422,-13.883157044982909,1.2277752657481473,1.0
423,-12.946207052645065,1.181109666115711,1.0
424,-12.760535981999318,1.1638595443323627,1.0
425,-12.298003196829946,1.1936888716699336,1.0
426,-12.541017761630329,1.2308016961353434,1.0
427,-10.981936929680288,1.2166924839855822,1.0
428,-10.390169275953037,1.1952274139807608,1.0
429,-9.437454464139384,1.2354772388898247,1.0
430,-8.63031827825403,1.3601131942107796,1.0
431,-8.248896075106686,1.4924951537451916,1.0
432,-8.450220873912691,1.6008675148064748,1.0
433,-6.96407905695299,1.8117985167432997,1.0
434,-6.672788367056121,2.0118095429681295,1.0
435,-5.621315391530828,2.267886701109741,1.0
436,-4.289724698212453,2.595379383950988,1.0
437,-3.197963083295789,2.960396075363774,1.0
438,-1.8839191849093808,3.40136125148183,0.0
439,-0.843009182309153,3.8557340137291005,0.0
440,-0.020747665971605,4.280422621605993,-1.0
441,0.641243820860744,4.616083787611433,-1.0
442,0.6570888640572718,4.697344231317661,-1.0
443,-0.3397871655774764,4.666996438173259,-1.0
444,-0.6740507222343837,4.541857489257,-1.0
445,-1.0807795984118584,4.347873739048264,-1.0
446,-0.8978078825103779,4.046827857485245,-1.0
447,-0.6967465980412584,3.8083693496072697,-1.0
448,0.2022871807529753,3.5810243742718346,-1.0
449,0.5338613793226656,3.372937694626057,-1.0
450,2.156767230327865,3.2560195597982395,-1.0
451,2.391416049476028,3.095511070967092,-1.0
452,2.756692731458621,2.8214918012467156,-1.0
453,2.2556188743482157,2.570865516002159,-1.0
454,1.8488852136888452,2.2159799430269476,-1.0
455,1.3677077067569243,1.8552143482703305,-1.0
456,-0.159344900284573,1.5525676152729875,-1.0
457,-0.7820358293339282,1.3510125682904182,-1.0
458,-0.6169863865070582,1.2667607828523513,-1.0
459,-2.970623270281472,1.4550756564070368,-1.0
460,-6.613949749163808,2.1291403034898435,-1.0
461,-10.611117326487031,3.178565135840988,-1.0
462,-15.01986914667971,4.514107234340438,-1.0
463,-19.08402355919936,5.996349062588623,-1.0
464,-24.38878744216275,7.749514957192843,-1.0
465,-30.18032118658786,9.750607718468993,-1.0
466,-34.60967776716656,11.730575738124205,-1.0
467,-42.24006363648874,14.072519194890328,-1.0
468,-50.907414096593,16.757549062313057,-1.0
469,-56.66682119109704,19.32608115982145,-1.0
470,-57.68899449204844,21.216491229365058,-1.0
471,-60.80718402964809,22.807959610792064,-1.0
472,-62.97201334422225,24.020746681108136,-1.0
473,-64.62256991626012,24.880074156594738,-1.0
474,-65.38686119670228,25.33138174775256,-1.0
475,-67.44958705377175,25.484264167991224,-1.0
476,-68.79457023954699,25.352402884428216,-1.0
477,-71.5131845396883,24.94662276494317,-1.0
478,-71.85885811576112,23.99659613449678,-1.0
479,-73.31836561370012,22.755860417664213,-1.0
480,-71.81672111113151,21.169677568903055,-1.0
481,-71.29286607771607,19.346911656384876,-1.0
482,-74.23207887816844,17.505901515845537,-1.0
483,-79.62826338010592,15.752753099140055,-1.0
484,-85.05112075851994,14.304882420605376,-1.0
485,-89.59774030989672,13.249797958426013,-1.0
486,-94.17476123400576,12.489871069712791,-1.0
487,-97.64426828452294,12.385790454532419,-1.0
488,-99.95608470482404,12.883176834337329,-1.0
489,-104.82515625415397,13.890166455064795,-1.0
490,-104.02316043505245,14.418434415731209,-1.0
491,-105.33097200745968,14.899246325585402,-1.0
492,-108.53095215635466,15.442646040919229,-1.0
493,-114.02721460537688,16.204687685355392,-1.0
494,-117.63942177350472,16.916148864080093,-1.0
495,-123.7012972736145,17.874999822368657,-1.0
496,-126.83474784186232,18.712552498008808,-1.0
497,-131.53837254250368,19.663428762832343,-1.0
498,-135.8171985642361,20.499550727672812,-1.0
499,-137.51956124748563,21.0468907941566,-1.0
500,-140.29425941477982,21.163772493655692,-1.0
501,-144.92606025012384,21.014124215180093,-1.0
502,-147.32347530629937,20.679354705050297,-1.0
503,-150.1223028832758,20.443644863613752,-1.0
504,-154.4169935043828,20.453643624077852,0.0
505,-158.35761383500966,20.602870209013805,0.0
506,-161.5777983832271,20.832493942325623,0.0
507,-164.05126390305333,20.994143327715285,0.0
508,-166.57277715312367,21.003880553990612,0.0
509,-171.6849540884103,21.28877757505483,0.0
510,-174.7019701591205,21.180352396533415,0.0
511,-177.3486370391967,20.78125565484227,0.0
512,-177.9412519364491,20.093335109333143,0.0
513,-181.1262049304416,19.573287939428994,0.0
514,-182.7341874389476,18.929891073795776,0.0
515,-169.05902502336318,17.598877757609493,0.0
516,-166.58741280768953,16.111784137118686,0.0
517,-164.15781495275598,14.701897302633325,0.0
518,-169.25419191025847,13.50183562752924,0.0
519,-169.24163923083478,12.147884759358886,0.0
520,-166.0000216981155,10.719730527358168,-1.0
521,-162.80357206961074,9.565555602747276,-1.0
522,-162.75652474629476,8.476123936316473,-1.0
523,-160.54075329133454,7.628035187061295,-1.0
524,-158.73025827823105,7.275253058622989,-1.0
525,-161.28697374290823,7.092566365207821,-1.0
526,-160.07725141649604,7.176064658933281,-1.0
527,-163.81707869726756,7.183605740465057,-1.0
528,-170.85837191684618,7.192621301657362,-1.0
529,-166.43138544685897,7.167431676131192,-1.0
530,-166.8985456506391,7.009684971276425,-1.0
531,-167.62355751090715,6.64636623566271,-1.0
532,-170.43522069724267,6.217680723813569,-1.0
533,-171.76433668994954,5.398302452776577,-1.0
534,-175.20707795432145,4.376490271483507,-1.0
535,-175.14561887681114,4.78045840949419,-1.0
536,-176.41908880594542,5.272203246722146,-1.0
537,-177.8518927715258,5.754585093109775,-1.0
538,-176.8737190230723,6.10729162530649,-1.0
539,-179.81401909095263,6.650347329763585,-1.0
540,-183.72404015777613,7.42599667628548,-1.0
541,-182.2933364654917,7.777942154326424,-1.0
542,-183.2208250922519,8.056769519430183,-1.0
543,-186.6935107381271,8.31118101813984,-1.0
544,-187.56968718033207,8.250818640977174,-1.0
545,-191.19289037697104,8.493717426695241,-1.0
546,-194.0766709458108,8.604944305315449,-1.0
547,-194.06175607974043,8.749457610083324,-1.0
548,-195.58738787449735,9.28311261829342,-1.0
549,-195.05873824437435,9.2644529905247,-1.0
550,-195.09922940402248,9.056781755884101,-1.0
551,-195.925070411634,8.735492255038238,-1.0
552,-196.1431911167633,8.45941976254209,-1.0
553,-197.39583991033976,8.176112398595238,-1.0
554,-197.2002733706662,7.987940451126708,-1.0
555,-202.877566761784,8.033664670224287,-1.0
556,-208.6246573869618,8.49769297752922,-1.0
557,-206.69919410467145,8.584820444306207,-1.0
558,-208.19534540812603,8.438578363660334,-1.0
559,-212.020445920836,8.644845974740457,-1.0
560,-212.86169890846432,8.97240123343998,-1.0
561,-214.0974079733953,9.020851721921938,-1.0
562,-220.30380342018236,9.465370483510783,-1.0
563,-212.8354123799502,9.248731290983041,-1.0
564,-214.3052620423715,8.998535485277992,-1.0
565,-217.10850692247232,9.040080497696643,-1.0
566,-216.66172872020124,9.076914978097887,-1.0
567,-223.8174415906064,9.50548262551465,-1.0
568,-226.77350470078895,10.05264039717148,-1.0
569,-231.876650147674,10.76870528681621,-1.0
570,-232.13176892897724,11.15080731481087,-1.0
571,-238.93100501491,11.927609607249153,-1.0
572,-246.6374332515817,13.11307552306111,-1.0
573,-253.8265271824659,14.639717199086853,-1.0
574,-250.1645282051153,15.102533615359105,-1.0
575,-255.90705199279483,16.091927053015144,-1.0
576,-280.36471804432426,19.778653164639458,1.0
577,-270.174618011785,21.098409305370485,1.0
578,-261.72550872847955,21.32056770280924,1.0
579,-263.6511030355313,21.5637352737325,1.0
580,-270.4300424087978,21.98106815873278,1.0
581,-262.57318581995423,21.634441168630637,1.0
582,-265.7030672190732,21.56346971544062,1.0
583,-273.52565882743903,21.09674195127787,1.0
584,-270.8714635337224,20.13787943955989,1.0
585,-267.7101160060082,18.8398658607609,1.0
586,-262.03022419795406,16.837217388271004,1.0
587,-255.7931158056688,15.105384696856976,1.0
588,-249.70488563743936,13.468731981903243,1.0
589,-243.2813492207886,12.503003845230136,1.0
590,-238.87170711051849,11.819763501027435,1.0
591,-235.1331926452389,12.185584897680327,1.0
592,-230.34119043680505,13.52068072998197,1.0
593,-221.1839945462721,15.834525849884468,1.0
594,-211.65861701753275,18.718242443928236,1.0
595,-208.37064817753745,21.36530498272249,1.0
596,-203.27770945232777,22.90612144476096,1.0
597,-200.72666447618096,24.615751456980853,1.0
598,-193.48820585509995,26.783955198551027,1.0
599,-187.0047716893269,28.839593481260312,1.0
600,-180.57772445321723,30.4093996742145,1.0
601,-177.57054547004475,31.97203795968152,1.0
602,-169.38825370631125,33.351437767098744,1.0
603,-165.4890948313922,33.659830880399845,1.0
604,-161.30142948731705,33.62520092447896,1.0
605,-155.84315975974818,33.37419843857281,1.0
606,-153.94447405113647,32.83501882304256,1.0
607,-134.42935260848208,33.60457120159498,1.0
608,-139.8272087122943,33.356942556207,1.0
609,-135.4319220975065,33.10629514294646,1.0
610,-130.70897503251655,32.70816242063375,1.0
611,-127.32677416154944,31.981865612944624,1.0
612,-124.6904558951015,30.963746494490017,1.0
613,-123.29002282254596,30.022200253064284,1.0
614,-119.31168150356288,29.437494825137254,1.0
615,-119.71466841139082,28.362333377296686,1.0
616,-115.36030830473048,27.306740262799607,1.0
617,-114.30758390706924,25.78060454013178,1.0
618,-111.87198492012772,24.363682798163808,1.0
619,-109.68509784168268,23.00485171637266,1.0
620,-103.15568599407202,22.046321325531373,1.0
621,-100.04620075878177,20.88412933571588,1.0
622,-97.61223914712237,20.046379724831375,1.0
623,-93.0662407305409,19.286448828215104,1.0
624,-89.81579126279763,18.530428513282576,1.0
625,-85.36148604874384,18.04515080074064,1.0
626,-81.37317130757125,17.393036762062874,1.0
627,-78.71429624655471,18.1931017931946,1.0
628,-76.62303823738335,18.234809060811248,1.0
629,-73.35924944022584,18.39996125138319,1.0
630,-71.2299161980001,18.622063368430748,1.0
631,-66.45180731995677,19.027918755558204,1.0
632,-61.47609948095404,19.56048085774766,1.0
633,-55.95218439434659,20.147201702975195,1.0
634,-53.799449613307615,20.659429715851324,1.0
635,-49.22905682235947,20.9650953686001,1.0
636,-44.55672487378538,21.438938291637648,1.0
637,-40.861986140026175,21.70120044666171,1.0
638,-36.29119453991444,21.92749750136741,1.0
639,-36.92014570791778,21.630547931624772,1.0
640,-34.29109202711905,21.521322568601914,1.0
641,-31.284976253913044,21.346898613527003,1.0
642,-28.98931545007849,20.988098186853954,1.0
643,-25.098221007585423,20.765500968232473,1.0
644,-22.61649148022684,20.45452248144093,1.0
645,-19.98869631935169,20.186076756761253,1.0
646,-17.29776857534101,19.93694902122375,1.0
647,-13.837850890176718,19.652951746015294,1.0
648,-10.709164107651771,19.24155670845767,1.0
649,-6.946423155443938,18.85601157621717,1.0
650,-4.222923390818927,18.284347465437133,1.0
651,-1.4459418955636778,17.804076443880376,1.0
652,0.5427995802733676,17.39111640745677,1.0
653,2.425286296206764,17.118129870307545,1.0
654,2.5331719731438795,16.541982890070912,1.0
655,3.738554160091816,16.008398008842228,1.0
656,5.926093878692143,15.626850834420582,1.0
657,8.380211819622637,15.343985024216115,1.0
658,10.098961695162116,15.194288886374569,1.0
659,12.569739217961292,14.774974489326386,1.0
660,14.619465423598186,14.326877393958386,1.0
661,16.30796215852093,13.865180045885088,1.0
662,20.37394372754019,13.515764553411046,1.0
663,24.031939223555213,13.414170130989156,1.0
664,27.013015162414906,13.362151729332494,1.0
665,29.661811462291134,13.340558657128927,1.0
666,32.90352737510589,13.411610631979311,0.0
667,35.868271175707555,13.619564200594748,0.0
668,39.022076862186985,13.948013165507621,0.0
669,41.77531917861887,14.404985414586717,0.0
670,44.25459550104749,14.875142416615404,0.0
671,45.21193712315892,15.231828268288252,0.0
672,45.40353084065732,15.384325604947172,0.0
673,44.7083462849985,15.297834515463222,0.0
674,45.740382873923934,14.972766821536453,0.0
675,45.71955333267826,14.416276548271352,0.0
676,47.38311498712424,13.819496113071809,0.0
677,48.76483168908375,13.19163171080308,0.0
678,50.31436625393721,12.470710998049164,0.0
679,51.00658052181018,11.67387616934141,0.0
680,51.08291109349718,10.720117349388925,0.0
681,51.78154870872233,9.585597415417695,-1.0
682,52.809964638954256,8.586001140916697,-1.0
683,51.940460024780464,7.599643572650887,-1.0
684,50.917155712337824,6.579073651875481,-1.0
685,49.34548992423909,5.497887913847956,-1.0
686,47.56436403665897,4.505915890748938,-1.0
687,46.31277541605122,3.6722477049711952,-1.0
688,45.54692124193842,3.1232754154278197,-1.0
689,43.93523893639559,2.9326322821827646,-1.0
690,41.02069983567557,3.2239499836341317,-1.0
691,41.574649673889866,3.472176667753541,-1.0
692,41.655844078590384,3.6935049024032347,-1.0
693,40.27919952904793,3.9879812242956985,-1.0
694,40.256580632012,4.274370240509314,-1.0
695,40.00363465233296,4.544286782422289,-1.0
696,39.47015937327889,4.815736049946471,-1.0
697,40.08701991831232,4.96850039457778,-1.0
698,38.525177862281446,5.107763957472695,-1.0
699,38.095622725166,5.158326462104562,-1.0
700,37.74563867621279,5.139589726811325,-1.0
701,37.231064687028265,4.999607992000844,-1.0
702,36.55373235062896,4.668202169042167,-1.0
703,35.21109622640624,4.35780766311495,-1.0
704,32.26563811682449,4.245743574348388,-1.0
705,31.32219553470029,4.212007320145229,-1.0
706,29.257991259560637,4.405220951625032,-1.0
707,27.275569641600278,4.744145313340283,-1.0
708,25.37215675468037,5.1522459665664995,-1.0
709,23.18548666354566,5.710774996904008,-1.0
710,22.83144147174725,6.260735065572485,-1.0
711,20.875797016149164,6.789536195959085,-1.0
712,18.677888084739514,7.326491198880689,-1.0
713,17.584781083047744,7.834918007290551,-1.0
714,15.656214540555196,8.319034603749431,-1.0
715,14.493800912990396,8.709316279541609,-1.0
716,12.691464640263092,9.07942329753487,-1.0
717,9.046930245642876,9.502144055052202,-1.0
718,7.02755668273732,9.950603526399467,-1.0
719,5.949885881178368,10.251047903565912,-1.0
720,4.916154831610236,10.395191308929796,-1.0
721,3.3478577012948705,10.435394386060548,-1.0
722,1.0053521176704336,10.436995371066896,-1.0
723,-0.4435663015126394,10.36928484772599,-1.0
724,-3.614359526220284,10.530908799178496,-1.0
725,-6.142352169447122,10.679003948882945,-1.0
726,-6.769337429932584,10.732986773758821,-1.0
727,-8.739400874204605,10.81742222267067,-1.0
728,-6.755771178917584,10.618046965159254,-1.0
729,-8.30785969728214,10.46317524606195,-1.0
730,-12.16121815558219,10.367102237306002,-1.0
731,-15.1258442340732,10.39301872224178,-1.0
732,-17.396175558622872,10.497391786713278,-1.0
733,-17.92696349614352,10.42530248546215,-1.0
734,-19.474697986714823,10.348505782479577,-1.0
735,-20.342958832077606,10.139946015466991,-1.0
736,-19.983787188039837,9.771758361695886,-1.0
737,-22.3773449400709,9.649995430204903,-1.0
738,-24.78436102986089,9.635646874497706,-1.0
739,-24.836785906205836,9.451849282456267,-1.0
740,-27.59912567114843,9.311930115072332,-1.0
741,-30.006260739294746,9.231255062058986,-1.0
742,-31.48231477562952,9.201041170802089,-1.0
743,-32.20562858540794,9.07610630944217,-1.0
744,-35.1920767139114,9.22362514536794,-1.0
745,-36.5478457193496,9.430280591200216,-1.0
746,-36.89355035165812,9.460084551307503,-1.0
747,-39.76839011953744,9.643229353707897,-1.0
748,-39.793209216308746,9.367018088269838,-1.0
749,-41.59037107713995,9.083473004863619,-1.0
750,-41.44673456698365,8.877061560302113,-1.0
751,-43.95324432779307,8.890747864061659,-1.0
752,-46.29851392370211,9.050938711977588,-1.0
753,-48.53361665274188,9.199211475891763,-1.0
754,-51.81367881762613,9.504997318350233,-1.0
755,-55.036962612688725,9.891006800375456,-1.0
756,-55.22117377863297,9.93111792702158,-1.0
757,-57.08636962773522,10.03998247279011,-1.0
758,-61.392951444198594,10.447932832872475,-1.0
759,-63.49453695534802,10.710315988992589,-1.0
760,-63.21109956866374,10.840250916067909,-1.0
761,-65.05956374328952,11.027235702314762,-1.0
762,-66.01358703167222,11.123001209766015,-1.0
763,-66.72276143571919,11.053140877067344,-1.0
764,-68.86334459926154,11.122255082002214,-1.0
765,-72.7948985073667,11.347773982770272,-1.0
766,-67.82107119422999,10.958786310941514,-1.0
767,-71.51152950405287,10.813076004322838,-1.0
768,-73.71660597692872,10.566527073888563,-1.0
769,-77.30906136191824,10.473175775996365,-1.0
770,-83.48221447594406,10.588413720586257,-1.0
771,-88.68781603650646,11.074314412716557,-1.0
772,-91.43048587891155,11.60483967578492,-1.0
773,-94.29763246183008,12.174373021230172,0.0
774,-95.46173027357212,12.691394058277316,0.0
775,-94.56238501520428,12.996020672371754,0.0
776,-99.9032937861394,13.447467871118041,0.0
777,-100.4669314393209,13.708274578252954,0.0
778,-99.03887706539874,13.846992632698544,0.0
779,-100.54060541659888,13.97300006309912,1.0
780,-103.56013560821027,14.023384759185024,1.0
781,-106.16390361360207,14.103668205602396,1.0
782,-108.86301005406877,14.143527025305737,1.0
783,-103.1794670648208,13.55891099773007,1.0
784,-103.48154061237275,12.901205030012799,1.0
785,-101.46764668048148,12.25337889461915,1.0
786,-98.23969009020722,10.723626136819727,1.0
787,-98.01659743214168,9.232320043316294,1.0
788,-94.4652932146832,7.608443963473333,1.0
789,-94.78459887532068,6.0576595175202534,1.0
790,-92.51727240873032,5.19279526630103,1.0
791,-93.2628088477623,4.827762593967735,1.0
792,-93.29133166287228,4.696742210468713,1.0
793,-94.4843748027753,4.6875425731653015,1.0
794,-91.98042252531204,4.878298649258154,1.0
795,-90.55988452158503,5.128898620832404,1.0
796,-83.96633872633555,6.041977667043897,1.0
797,-81.20423763023462,7.019861387031932,1.0
798,-79.90971950522218,7.922834410078375,1.0
799,-76.28447916597574,8.934320422912318,1.0
800,-71.52331586448696,10.02661525054559,1.0
801,-69.78261110928786,10.763343546463409,1.0
802,-69.13521772970785,10.969413364723783,1.0
803,-66.6656275976446,11.523312906140127,1.0
804,-65.4393797899225,11.83864221597256,1.0
805,-63.14453553890724,12.188677274088793,1.0
806,-58.32686725652642,12.884369042019427,1.0
807,-56.83808608807231,13.376319624784113,1.0
808,-56.16745238968534,13.83623009613729,1.0
809,-53.201157498012456,14.215557989752515,1.0
810,-53.16756966066815,14.440769476061195,1.0
811,-51.262176120922426,14.456720942739496,0.0
812,-48.4867809341762,14.343329139770653,0.0
813,-46.80046606071173,13.85235239726851,0.0
814,-43.97830604422302,13.391068226231232,0.0
815,-42.31062664873697,12.740100880972513,0.0
816,-40.75299513636714,12.458448295683663,0.0
817,-39.88231558601005,12.129902023385988,0.0
818,-38.144095348809934,11.683483744496208,0.0
819,-36.53651415249068,11.349333094941578,0.0
820,-36.495992829553536,11.134834179275895,0.0
821,-34.96353510175479,10.899025254640064,0.0
822,-33.83050727995795,10.503036702837809,0.0
823,-32.23543882989649,10.153619321414958,0.0
824,-31.949615923256133,9.630923713739328,0.0
825,-31.17955353176319,9.084854826739333,0.0
826,-34.29808568456581,8.570885097277769,1.0
827,-34.16812912500286,8.0027608433844,1.0
828,-35.874450934464825,7.22599796888775,1.0
829,-36.81543889331367,6.544354288564334,1.0
830,-38.2672428875572,5.652789116868146,1.0
831,-38.168022799889386,4.776455421802825,1.0
832,-36.90459857727458,4.0546585209331045,1.0
833,-34.61445029665369,3.394383020101449,1.0
834,-32.085960165599715,3.0524479264265847,1.0
835,-32.31828142517591,2.7648926216905134,1.0
836,-30.13559066501822,2.7168858018502617,1.0
837,-28.63325672011799,2.803622216120852,1.0
838,-26.51157050701824,3.1651512331475833,1.0
839,-24.479898954359577,3.71651042618357,1.0
840,-22.92217196486785,4.27907247660183,1.0
841,-22.30043536527116,4.80292523891327,1.0
842,-20.58130727218885,5.397345646923302,1.0
843,-19.142168898550324,6.025488052944307,1.0
844,-18.901959275450167,6.5513616458781465,1.0
845,-18.866752676831524,6.9901209919776255,1.0
846,-17.88037959564734,7.3280537515760145,1.0
847,-16.256671068108574,7.682074050420487,1.0
848,-15.456366682308072,7.876461885193189,1.0
849,-14.913191018372892,7.8984216705921675,1.0
850,-14.047734229872953,7.6864237322624245,1.0
851,-13.182071044851362,7.328443649761799,1.0
852,-12.421523892061124,6.918095874716452,1.0
853,-11.465638480434023,6.586790212425375,1.0
854,-11.840400134052167,6.281374658197389,1.0
855,-11.892314576087358,5.744453220641607,1.0
856,-10.30870666515721,5.344265321579969,1.0
857,-9.829952219275576,4.939813749048465,1.0
858,-9.458659819595368,4.610635756683654,1.0
859,-9.3585121191797,4.345868205722001,1.0
860,-9.75371622919559,4.080050330648038,1.0
861,-9.394530432073545,3.7725913353674985,1.0
862,-9.510801799314391,3.520916279628259,1.0
863,-8.29050291318422,3.3897526748592184,1.0
864,-6.919969711530676,3.2841108424765446,1.0
865,-6.437729018142456,3.0974342879126096,1.0
866,-5.236641458319852,3.0006092766339334,1.0
867,-4.495093488614351,3.027076558838595,1.0
868,-3.2427658827589667,3.1428884667718178,0.0
869,-3.013639026506425,3.2097543532721313,0.0
870,-2.168171588035925,3.3245962465043357,0.0
871,-1.7437771655658096,3.4424166099299356,0.0
872,-0.908968867129076,3.5950022162956117,0.0
873,-1.0228184838600782,3.7091125668254263,0.0
874,-0.9021651040688424,3.724082776118122,-1.0
875,-0.7215920287664801,3.661713771591267,-1.0
876,-0.4838827272283978,3.6608692543175483,-1.0
877,-1.0283068059112497,3.5964666137481984,-1.0
878,-1.1981542208624418,3.494652694720716,-1.0
879,-0.2346501323651608,3.3924227837951872,-1.0
880,0.4188657279908838,3.2164071833268055,-1.0
881,-0.5895432732280597,2.9322026875650375,-1.0
882,-0.150375908045909,2.540025380766136,-1.0
883,0.4295382393108653,2.2053964275309728,-1.0
884,-0.538899034789182,1.8929379363474808,-1.0
885,-0.5209960528657405,1.5362634963949413,-1.0
886,-1.301553728624576,1.237626214279098,-1.0
887,-2.6220748731876284,1.0255343601830094,-1.0
888,-1.3265977598924366,0.8935917811957237,-1.0
889,-2.4184372954993805,0.8299959578971732,-1.0
890,-1.1831766281592593,0.7818365130991962,-1.0
891,-3.2865255850373885,0.9310803262209085,-1.0
892,-3.659518091828943,1.1066892462419333,-1.0
893,-5.499108943567485,1.4772346825878886,-1.0
894,-7.161688138934039,1.9627150646276428,-1.0
895,-8.212785743457914,2.4337282839450562,-1.0
896,-7.451680930588765,2.6865812319226556,-1.0
897,-8.348165737735314,2.9761919849539247,0.0
898,-10.156779334514354,3.378456432310339,0.0
899,-10.835908775522192,3.7060184278093002,0.0
900,-10.97519202494665,3.906510712475437,0.0
901,-10.922470406199215,4.071103061709574,0.0
902,-11.113777935456485,4.148446670470159,0.0
903,-12.226855365644404,4.1847313010701574,0.0
904,-11.884899499869654,4.176180537499634,-1.0
905,-11.596523225448593,4.066774924408931,-1.0
906,-10.751155080552891,3.902125637366748,-1.0
907,-10.918441163066817,3.7864032636693987,-1.0
908,-10.826520204604854,3.4899059909330292,-1.0
909,-11.89759610763928,3.260736485363665,-1.0
910,-10.134108472370947,2.706424276936855,-1.0
911,-9.223101362985965,2.295851886141813,-1.0
912,-9.136372661272516,1.8149933369135856,-1.0
913,-9.651149615827038,1.4848944418779915,1.0
914,-9.310287704089944,1.324788982832245,1.0
915,-7.266729279738357,1.4161743176773827,-1.0
916,-7.733140146945026,1.3882202826808443,-1.0
917,-8.863804670757638,1.355532690061822,-1.0
918,-8.290950475623191,1.4261890796093692,-1.0
919,-10.732976666462092,1.4238736169066473,-1.0
920,-13.242283502993814,1.573494342669794,-1.0
921,-14.25457149890515,1.80394417726964,-1.0
922,-16.697731985930616,2.2807403648429645,-1.0
923,-18.38357754599241,2.840042938392543,-1.0
924,-17.683071705936655,3.2035260636919998,-1.0
925,-19.433353828564638,3.68150532481241,-1.0
926,-22.679830949478315,4.410178588005152,-1.0
927,-24.497806947456013,5.164215667530809,-1.0
928,-27.568761083019155,6.071179478985027,-1.0
929,-29.72243802532053,7.008001398333027,-1.0
930,-32.89642101690343,8.001098393596667,-1.0
931,-35.58477892974284,8.963156464907007,-1.0
932,-40.3775643456333,10.133212477948687,-1.0
933,-43.5985850333938,11.305417262249907,-1.0
934,-44.08318453821752,12.146136025827886,-1.0
935,-46.70960891665102,12.7827723299131,-1.0
936,-50.19191809616086,13.42223348745174,-1.0
937,-52.31045141305594,13.961063512739868,-1.0
938,-55.30675381869358,14.341641570754271,-1.0
939,-56.420626967245525,14.613505903799583,-1.0
940,-59.31795958746582,14.949184226742208,-1.0
941,-62.600916700354674,15.258017548149018,-1.0
942,-62.92773554442908,15.393555613028811,-1.0
943,-63.88094999914832,15.37488694926807,-1.0
944,-65.70166777763221,15.059711092430987,-1.0
945,-67.07278637003247,14.598371313820426,-1.0
946,-70.64903045265214,14.300050269223805,-1.0
947,-72.52257246221795,13.894581187750028,-1.0
948,-76.99730395825446,13.720314905719293,-1.0
949,-79.83698095770067,13.542918276469111,-1.0
950,-80.2373318169926,13.251667052158416,-1.0
951,-83.19207177806344,13.03852326978607,-1.0
952,-87.0638047045406,13.198990305156261,-1.0
953,-85.06080785696011,13.076410472892755,-1.0
954,-82.89664272553568,12.503878746237179,-1.0
955,-84.63510494324022,11.96203661259355,-1.0
956,-86.22265163286744,11.536803852147392,-1.0
957,-91.45088476964948,11.385725162605958,-1.0
958,-90.54330203118076,11.112779971093081,-1.0
959,-91.2495869932066,10.692928728386185,-1.0
960,-93.12000129123436,10.38415497113807,-1.0
961,-92.60221016061168,10.068928220741984,-1.0
962,-90.2613892319842,9.406791601691314,-1.0
963,-93.46248221981936,8.75036774387477,-1.0
964,-94.72178290926314,8.068788883739309,-1.0
965,-98.72894126741248,7.517088596179961,-1.0
966,-103.33706929085425,7.494879526268796,-1.0
967,-102.32042165607646,7.232794377286067,-1.0
968,-101.15201813253746,7.068114424685234,-1.0
969,-104.20110705552172,7.2127115380763405,-1.0
970,-105.27742839575671,7.268843141357681,-1.0
971,-107.14465815391245,7.523587187506738,-1.0
972,-113.01176489686615,8.401149332852956,-1.0
973,-115.06926947038215,9.077905876775455,-1.0
974,-119.85400309967558,9.775536940418283,-1.0
975,-120.02605224577566,10.245827491295158,-1.0
976,-121.0892031940358,10.614667060429134,-1.0
977,-123.55830944154832,11.274088675913879,-1.0
978,-117.62371453056949,11.194153297874735,-1.0
979,-110.46896072398874,10.731718120347825,-1.0
980,-112.71172713578746,10.347672774077505,-1.0
981,-118.01095204265192,9.998025690607543,-1.0
982,-119.76923854820237,9.302148013713673,-1.0
983,-122.81605000330332,8.84733507728014,-1.0
984,-125.38551297031502,8.42546216176221,-1.0
985,-137.90411247743037,9.410239682157759,-1.0
986,-139.324413251642,10.439715536273148,-1.0
987,-145.11257833527603,11.625911657937184,-1.0
988,-146.72449917103853,12.389634076486676,-1.0
989,-149.08587765088555,13.178175309924196,-1.0
990,-153.6652855572713,14.06860661804015,-1.0
991,-158.24496794442976,15.083347503232773,-1.0
992,-155.6082535832341,15.77673863929263,-1.0
993,-161.4044156402039,16.747851100794865,-1.0
994,-158.87001710627032,17.405287733057683,-1.0
995,-158.7656829477424,17.81711723592612,-1.0
996,-159.80542285937446,18.120154662628163,-1.0
997,-164.4037801887005,18.613723455192332,-1.0
998,-167.4936418449323,18.687840116618187,-1.0
999,-167.3658496970828,17.736838082484805,-1.0
1000,-163.34460050318663,16.269663216604023,-1.0
1001,-166.64655392053464,15.03623530811808,-1.0
1002,-173.73696651260946,13.921335424292778,-1.0
1003,-174.46643217691846,12.602175842343298,-1.0
1004,-178.7542704882481,11.27714814178778,-1.0
1005,-178.7050703968306,10.938478648595739,-1.0
1006,-184.67993746167468,10.892960625413082,-1.0
1007,-188.10634274363048,11.338855602940964,-1.0
1008,-194.8721520273517,12.22100300792923,-1.0
1009,-190.8193382133616,12.400848113417235,-1.0
1010,-194.08160380157275,12.884590057793641,-1.0
1011,-203.3645083600543,14.227831221048318,-1.0
1012,-211.1652045949517,15.737055299679083,-1.0
1013,-217.8958082808564,17.726448278996756,-1.0
1014,-236.67102364669975,21.093103900802774,-1.0
1015,-247.74234058814795,24.631109902994947,-1.0
1016,-253.7859919230525,27.7010897982566,-1.0
1017,-272.01682649257475,31.992577317555085,-1.0
1018,-279.7584671991808,35.91397709045425,-1.0
1019,-288.29777255343106,39.44598244883231,-1.0
1020,-305.1369512383541,43.193702593341875,-1.0
1021,-319.1923129890016,47.11786969807038,-1.0
1022,-330.67997473640946,51.09152236578683,-1.0
1023,-343.74755654537097,54.853197672326274,-1.0
1024,-364.76880136948495,59.335133012780396,-1.0
1025,-377.1734629580893,63.20568785832305,-1.0
1026,-392.1650696150607,67.06796294651106,0.0
1027,-404.68375125924126,70.45124377024261,0.0
1028,-415.7369625544942,73.42165433953434,0.0
1029,-420.7259279037577,74.66056191616617,0.0
1030,-426.6315736319739,74.75940227768207,0.0
1031,-431.1009327538424,74.11082963627048,0.0
1032,-424.7664698182505,71.9045111013563,0.0
1033,-442.1205214106997,69.69909893556327,0.0
1034,-446.31297279054616,67.67600229442071,0.0
1035,-451.9054041571074,65.3155041560579,0.0
1036,-451.30362222414,61.72675288384565,0.0
1037,-450.3876638508136,58.17709975879365,0.0
1038,-449.68339531377234,53.72430899723193,0.0
1039,-452.7733488646239,48.57919579222264,0.0
1040,-455.44332381933737,43.6891811643503,0.0
1041,-456.748239019087,38.76631936281058,-1.0
1042,-460.8256328904891,33.670609705781104,-1.0
1043,-461.15561507178006,28.408112093226524,-1.0
1044,-470.77542507264735,24.91359064398132,-1.0
1045,-475.2944279987361,21.975077889789972,-1.0
1046,-478.86630033813645,20.09221015117305,-1.0
1047,-482.7429554919244,19.12846461196479,-1.0
1048,-484.3943482017167,18.763059044742533,-1.0
1049,-489.49823731464153,18.704103544191028,-1.0
1050,-499.93442504931386,19.573706514081906,0.0
1051,-507.66787697119895,20.90159087835223,0.0
1052,-509.1520850940277,20.948207067380494,0.0
1053,-507.5655815496654,21.652873197672093,1.0
1054,-510.6696662133141,22.3852366862439,1.0
1055,-507.9082326382099,22.79847738420608,1.0
1056,-507.51802511574033,22.781073667811345,1.0
1057,-504.8122213144389,22.180824421498794,1.0
1058,-507.8422812902796,21.284670513103624,1.0
1059,-516.0431923663326,20.689200733893035,1.0
1060,-519.7882625180729,20.06839127864744,1.0
1061,-510.8539499009274,18.516820591742068,1.0
1062,-516.9407086378886,17.16170827100413,1.0
1063,-519.3315812239586,15.337333050821325,1.0
1064,-514.4792250052492,13.78193218948772,1.0
1065,-511.7097342144963,12.160518769982518,1.0
1066,-500.78064413091374,10.52213571273229,1.0
1067,-503.9290913134633,8.95643927211054,1.0
1068,-499.6849397860551,7.392739434347315,1.0
1069,-497.2310446905879,6.506433963005416,1.0
1070,-490.91522301585246,7.396990332077379,1.0
1071,-484.4064756931751,9.119971116816666,1.0
1072,-483.9212207296715,10.464008052439505,1.0
1073,-469.4840516815977,13.228549966941719,1.0
1074,-464.9253276287003,15.71892622827466,1.0
1075,-463.58873163966393,17.775944807085924,1.0
1076,-453.53417676057353,20.38673770310532,1.0
1077,-481.30168380722864,20.571953642638476,1.0
1078,-451.6943846178608,22.5409030067974,1.0
1079,-458.178607382228,23.0973979760277,1.0
1080,-460.186061342107,22.873130409528425,1.0
1081,-450.6089844187656,23.5043486102002,1.0
1082,-446.558965578455,23.55664762286181,1.0
1083,-437.5294255202096,23.52865859921452,1.0
1084,-424.6106736137852,24.40505007097144,1.0
1085,-421.3315412522404,24.975102690022954,1.0
1086,-415.62255230352525,26.18231098445947,1.0
1087,-421.9665473922258,25.844893945160333,1.0
1088,-416.5480728016687,25.6185778598845,1.0
1089,-429.262675597544,24.146568796390408,1.0
1090,-425.4316854609949,22.9009612468475,1.0
1091,-402.1168088133121,23.40892313353798,1.0
1092,-391.8325835693494,24.171080435618386,1.0
1093,-381.2736063169783,26.328170298607056,1.0
1094,-361.76102147427895,29.98858399667112,1.0
1095,-365.7487391535989,32.08447548430421,1.0
1096,-352.68831575025496,35.120758891194605,1.0
1097,-347.0331437636003,35.57825973295653,1.0
1098,-350.8933607534301,36.9369153386278,1.0
1099,-344.2020887745328,37.58402148111618,1.0
1100,-355.5167829219365,36.376204775466974,1.0
1101,-336.3719257479582,36.50498207882404,1.0
1102,-325.7829896639008,36.89032741352657,1.0
1103,-300.6996629106583,39.317248176311104,1.0
1104,-311.52763911044457,40.45702405167204,1.0
1105,-287.4869466482017,43.010099930045214,1.0
1106,-247.620322223599,48.85580669776339,1.0
1107,-275.07326709119786,49.73346785520647,1.0
1108,-231.2566992637433,53.85849065796949,0.0
1109,-214.03445011407632,56.75656800089882,0.0
1110,-176.0930820471796,61.935767511219424,0.0
1111,-177.8932253265199,66.05543348810752,0.0
1112,-176.31031314938386,68.9589999680618,0.0
1113,-168.62721615178413,71.46116686473654,0.0
1114,-177.16012439420922,72.97541280802136,0.0
1115,-178.09459389022717,72.90608477315095,0.0
1116,-182.9774891711388,72.24674126318143,0.0
1117,-185.5447493472666,70.80973635386432,0.0
1118,-179.57793941516135,68.30001870753065,0.0
1119,-169.97105323913695,65.58083242795585,0.0
1120,-168.27123856343667,60.305326734089455,0.0
1121,-164.35645799420865,55.43264591594619,0.0
1122,-156.5933128509074,50.29504692125444,0.0
1123,-168.92926979677975,45.72291536414216,0.0
1124,-168.75180649287262,37.83814057593225,0.0
1125,-166.81440193426894,30.92240132096465,0.0
1126,-165.34652200950367,27.695274705158194,0.0
1127,-156.432749933247,17.769501136568486,0.0
1128,-170.16081988369103,12.297100566043882,1.0
1129,-167.18599395585755,7.844990088543889,1.0
1130,-170.75368693540338,7.76208145119029,1.0
1131,-174.62488204998135,7.642528625451193,1.0
1132,-167.67840583557756,7.55969318664373,1.0
1133,-162.6614048318274,7.748364648089104,-1.0
1134,-166.41149641229157,7.603902832675895,1.0
1135,-167.52281774837277,7.34210950910718,1.0
1136,-169.18576297734433,6.570107291835671,1.0
1137,-176.47505848184247,5.554513658425936,1.0
1138,-169.8874757820336,4.860120014365101,1.0
1139,-170.19831644203646,4.8667070356335165,1.0
1140,-169.73444868798578,4.891238475350003,1.0
1141,-173.47411696582657,5.007786476506394,1.0
1142,-172.4436690974533,4.325071093675521,1.0
1143,-162.05866768026266,4.574388055342647,1.0
1144,-155.35346933998557,5.421319059012042,1.0
1145,-156.85185555889632,5.941651804056979,1.0
1146,-147.77565906811816,7.362673074809253,1.0
1147,-146.46615014298226,8.341053547443178,1.0
1148,-139.93845325591337,10.075389944501492,1.0
1149,-132.35818322155043,12.316938648549476,1.0
1150,-131.11496746923962,14.007736644270517,1.0
1151,-126.09092446787098,15.56913867865958,1.0
1152,-123.09114243455838,17.240608463395382,1.0
1153,-119.90836959790173,18.93270650924669,0.0
1154,-116.92047024562238,20.379000539828223,0.0
1155,-115.18844732580556,21.520049417066378,0.0
1156,-115.223793876262,22.192122264167303,1.0
1157,-114.31851719735712,22.05563793832924,1.0
1158,-114.27094060430056,21.982552766732564,1.0
1159,-117.10803025039893,21.358293128917225,1.0
1160,-122.72690554335183,20.176328326560565,1.0
1161,-122.48317980670282,18.20163252748911,1.0
1162,-125.0006538078332,15.645609784804,1.0
1163,-124.86711116200073,13.757575259288169,1.0
1164,-126.38622361076156,12.202300088609476,1.0
1165,-113.37382949930604,10.312854346028956,1.0
1166,-116.0434848995485,8.928926550319012,1.0
1167,-115.58101382575484,7.183202860757252,1.0
1168,-111.16504153806,6.119633099276499,1.0
1169,-103.41768114000726,6.493890455812497,1.0
1170,-104.6318502213674,6.532101917770339,1.0
1171,-95.2166803676393,7.877283954898743,1.0
1172,-94.07051622582304,9.057012363658902,1.0
1173,-96.627932872945,9.778437233872276,1.0
1174,-94.01948137813636,10.62764921509682,1.0
1175,-84.57865863711245,12.239230165563464,1.0
1176,-77.786304390229,14.19438545936764,1.0
1177,-75.18306851461003,15.963928278305612,1.0
1178,-69.6085492240612,17.863839833569582,1.0
1179,-60.69313886880741,20.083335487185707,1.0
1180,-50.47814354293868,22.454783293437064,1.0
1181,-47.61371284630008,24.33136031057034,1.0
1182,-38.737658777234486,26.181376145238172,1.0
1183,-35.86523457696802,27.47566205888635,1.0
1184,-30.247132270364705,28.351880785482635,1.0
1185,-17.654355883079702,30.548327639659664,1.0
1186,-8.117522561561373,32.56130525039948,1.0
1187,2.583041596608183,34.618610734273275,1.0
1188,14.476073137601588,37.049146903008996,1.0
1189,22.09889526717015,39.56306513656807,1.0
1190,30.964808083870736,41.65014064551871,1.0
1191,43.82770318389987,44.396878460880586,1.0
1192,52.62805850672851,46.764603816951634,1.0
1193,60.44438315796136,48.331656379395845,1.0
1194,69.63961189990907,49.54551856601602,1.0
1195,77.84688715599157,50.83464010542343,1.0
1196,84.21780291150014,51.83773873416724,1.0
1197,89.15763203503812,52.11271240506274,1.0
1198,96.02908679509083,52.05008532157922,1.0
1199,100.07884066950388,51.71545196119334,1.0
1200,109.2537498977308,51.65535912898334,1.0
1201,112.260321140901,50.76411011955813,1.0
1202,121.54902156750472,50.03671058460453,1.0
1203,134.69940967940028,49.20348004573814,1.0
1204,150.04085174118842,48.64155783070274,1.0
1205,160.84169659420428,48.60872374127995,1.0
1206,168.1468797211725,48.49064347825149,1.0
1207,180.3461212436001,48.871420844168455,1.0
1208,189.9218787339233,49.6001208131603,1.0
1209,202.96009681111627,50.60860804360815,0.0
1210,197.73775715844232,50.337178959173826,0.0
1211,202.60354349717517,50.19833975361445,0.0
1212,214.62587018673767,50.46207617477646,0.0
1213,226.65041370164465,51.026160534919924,0.0
1214,231.62574375680336,51.38457238094648,0.0
1215,240.6156352067661,51.82157846928929,0.0
1216,241.20325281310343,51.5206038004175,0.0
1217,244.1883396782744,50.60657076268712,0.0
1218,247.9641014532147,49.31479396873842,0.0
1219,255.53516094291672,47.636218540201504,0.0
1220,259.7205728380902,45.78605148200307,0.0
1221,258.31352119881325,42.742410938147124,0.0
1222,263.483813035342,39.56650055656173,0.0
1223,261.7082049281653,36.300669404102464,0.0
1224,264.72022059054285,33.643126951891766,0.0
1225,265.722688626444,31.087277139864025,0.0
1226,270.79565262776146,28.55368361944885,0.0
1227,270.1694014378972,26.31164573806749,1.0
1228,252.80746884479152,23.561428068088496,1.0
1229,252.89191993857509,21.584602467679396,1.0
1230,249.81004273114488,18.332667203169226,1.0
1231,261.8763074539323,14.959359728731432,1.0
1232,259.52177066181065,12.217007757170473,1.0
1233,260.09885852521217,10.441231302433486,1.0
1234,268.09001688123817,9.128621265844586,1.0
1235,274.4751526432796,8.978445340473082,1.0
1236,274.93993680717784,8.588976597344478,1.0
1237,273.55736246961897,8.087902072668541,1.0
1238,273.2912311993306,7.6967969741190485,1.0
1239,273.6849055254151,7.768425699413518,1.0
1240,282.98598877002945,8.703271928350496,1.0
1241,273.8727263573436,8.708626018323883,1.0
1242,276.8190487291082,8.977904233172117,1.0
1243,284.1284061621483,9.64522131936435,1.0
1244,297.4579946159936,11.600954191493944,1.0
1245,296.7877054793256,13.012997202748126,1.0
1246,304.5032644423108,14.966393777125313,1.0
1247,311.5611422245729,17.2318969749375,1.0
1248,316.39843989128,18.69542063476519,1.0
1249,329.2003261003159,20.887216237924584,1.0
1250,330.50096069507083,22.07063109640571,1.0
1251,333.10989536187293,23.633269673716693,1.0
1252,333.68494842860355,24.445140003467532,1.0
1253,339.4256322462886,25.172436148704378,1.0
1254,342.8358943694664,26.118985133283424,1.0
1255,343.2987054628517,26.93895377609262,1.0
1256,345.9808133560219,27.499696838479057,1.0
1257,353.6254925733173,28.021208191435395,1.0
1258,354.0215931627539,27.942319825335968,1.0
1259,354.2789320157796,27.29307728224448,1.0
1260,360.29586782136016,27.216084329006204,1.0
1261,355.473253680955,25.34383663552284,1.0
1262,362.7198459424632,23.386698561287435,1.0
1263,367.7111947170659,21.70189237606131,1.0
1264,362.6599616800863,20.36152943381082,1.0
1265,359.8271397979762,18.088237693709864,1.0
1266,369.5481563650716,16.576021204230535,1.0
1267,376.47181996492185,15.74864892493022,1.0
1268,377.2035537170125,14.855072023263128,1.0
1269,388.2316352062144,15.797014901480047,1.0
1270,401.156332643862,17.68869870352403,-1.0
1271,413.3803750937495,20.387230000754585,-1.0
1272,416.1304374039339,22.36733403072547,-1.0
1273,413.26471278508734,23.59922401323158,-1.0
1274,405.9669877003576,23.867657506290623,-1.0
1275,400.4903274319302,23.409545496923617,-1.0
1276,402.616419507135,22.88944255627613,-1.0
1277,393.66626875059154,22.225303302962015,-1.0
1278,390.5375087907561,21.30799693303875,-1.0
1279,384.556952033616,20.161264072064327,-1.0
1280,374.7588040398733,19.472549258718697,-1.0
1281,369.3689350760209,18.559322650173723,-1.0
1282,367.4829497690537,18.26617733112771,-1.0
1283,365.8922793931432,18.37019894156575,-1.0
1284,356.0781457123732,18.87480852164395,-1.0
1285,344.1257616141646,20.307408177155306,-1.0
1286,339.40947525253887,22.551323715867657,-1.0
1287,337.42143560051926,24.817659358295682,-1.0
1288,321.70103947112284,28.25727100891054,-1.0
1289,313.1414789739177,31.778858547137613,-1.0
1290,302.59234167888496,35.072000374993614,-1.0
1291,291.7331022163667,37.71630299995283,-1.0
1292,281.78328775831505,39.943599482241616,-1.0
1293,274.41320274383,41.823901241851026,-1.0
1294,270.5147748836012,43.37353993434639,-1.0
1295,249.4500917066624,46.104224482861326,-1.0
1296,239.79055253566463,48.15674715271576,-1.0
1297,235.25830686154427,49.857711367827946,-1.0
1298,225.3357576500352,51.307436606023,1.0
1299,220.82929303274844,52.21543857425747,1.0
1300,205.2492167527709,53.86588930185487,1.0
1301,191.4629283022385,55.69733461986233,1.0
1302,178.84498606672247,57.245069733964264,1.0
1303,182.40103320652145,56.99440736024699,1.0
1304,173.07508804577162,56.812467723522715,1.0
1305,162.97229749793482,56.95473565183944,1.0
1306,164.10772034311316,55.929446173531005,1.0
1307,166.87117571078747,53.41644486934744,1.0
1308,149.4158663533304,52.16440277831038,1.0
1309,166.63345684452165,49.18373846100029,1.0
1310,171.28617843801968,45.7498926087167,1.0
1311,189.54671903596136,41.6745095091283,1.0
1312,211.08301789360095,37.6161877141447,1.0
1313,249.3147426204417,35.406906572919745,1.0
1314,285.2695695286764,37.06461787359968,1.0
1315,295.70859055140204,41.43833792837127,0.0
1316,313.6880791554872,47.69304960490353,0.0
1317,311.56002984659625,52.85214829140745,0.0
1318,304.71047869738044,56.836415501735715,0.0
1319,306.690912015825,60.45140353244462,0.0
1320,309.8367500541352,63.63940509770586,0.0
1321,334.54544861164914,67.67702439989023,0.0
1322,341.55082591442124,70.73972035210844,-1.0
1323,354.4150434573331,73.8202572591911,-1.0
1324,355.4307601772638,75.31076322886685,-1.0
1325,338.9616385125656,73.98747444683455,-1.0
1326,324.53305490966125,70.99147089667736,-1.0
1327,298.33024655069664,66.48840716436419,-1.0
1328,292.23669547170107,58.889906100080175,-1.0
1329,274.31822224578707,51.71796860787379,-1.0
1330,281.0346112393855,43.233628701187364,-1.0
1331,282.176227275291,35.13493320409141,-1.0
1332,268.33608203418925,29.03072720930377,-1.0
1333,258.2324619403487,28.167787598727394,-1.0
1334,262.33654788101194,29.515415013313348,-1.0
1335,263.49203807274944,30.919702158827292,-1.0
1336,249.9178764120463,33.06243111081204,-1.0
1337,239.77138830789536,35.612177957321826,-1.0
1338,262.0230725242373,36.39895894485309,-1.0
1339,257.5639381038835,37.210579743135135,-1.0
1340,264.35952475595053,37.48085806527852,-1.0
1341,250.4019467480614,36.95743296393046,-1.0
1342,227.15559950018397,36.754542337459625,-1.0
1343,219.9163804917523,34.71886454187037,-1.0
1344,176.69798190952855,35.520746477493894,-1.0
1345,160.94521958560384,38.1129024371091,-1.0
1346,139.10723161323034,42.75507045681081,-1.0
1347,124.91855697281582,48.82593208875486,-1.0
1348,133.9210829546657,52.24083354552857,-1.0
1349,144.9387204414132,54.4076716813515,-1.0
1350,145.48956056174256,55.28069600666862,-1.0
1351,130.91493009743184,56.174692841908524,-1.0
1352,122.47804812007568,57.52084072367596,-1.0
1353,123.13057612495136,58.461309178473286,-1.0
1354,111.90152011874852,59.0131837417342,-1.0
1355,121.96127875195924,57.890111028064084,-1.0
1356,122.2234855572311,56.84897469650776,-1.0
1357,123.56639215152498,55.69877377157068,-1.0
1358,102.40650860617023,52.910407047828166,-1.0
1359,84.98324353263541,50.19923742930931,-1.0
1360,51.99300285171182,47.47232300954587,-1.0
1361,19.033610403321745,47.58776146715575,-1.0
1362,-16.452308043981645,52.19854788128368,-1.0
1363,-43.891927637983486,57.89794648577366,-1.0
1364,-71.01163678406704,67.26771040268265,-1.0
1365,-109.62716902526348,78.81095604878911,-1.0
1366,-139.51770944732883,91.12332165785043,-1.0
1367,-165.35027867316126,103.24751524755924,-1.0
1368,-171.91101542585346,112.356276417289,-1.0
1369,-224.3709305689404,123.06426583654614,0.0
1370,-219.53960945070787,129.72149168684462,0.0
1371,-227.52924293395623,134.99411569034365,0.0
1372,-250.02168787078384,139.8704700218058,0.0
1373,-286.2603237903027,144.77994512275006,0.0
1374,-297.47936846965854,148.19001210193233,0.0
1375,-312.0584940906855,148.8603223802823,0.0
1376,-312.1970967135365,146.16106783101367,0.0
1377,-329.3252052571834,140.89572963564663,0.0
1378,-345.23832438042706,134.7971502905932,0.0
1379,-336.8849045003017,125.78481904648854,0.0
1380,-344.6686595678533,116.66407007426224,0.0
1381,-352.42491885319686,107.63292776920483,0.0
1382,-352.9074569671467,98.79379610177673,0.0
1383,-367.9490423389155,90.35534403568832,0.0
1384,-365.9805344759526,81.37069508190457,0.0
1385,-335.1670986893074,72.28509073730024,0.0
1386,-339.0283336206966,64.19848087834546,1.0
1387,-313.7508782743124,56.29353474192696,1.0
1388,-306.5357744868992,46.90406611312905,1.0
1389,-302.6075731724999,42.342564203121896,1.0
1390,-307.1777897811553,36.01963797077538,1.0
1391,-288.1795591854996,29.928384047676396,1.0
1392,-301.0797732182164,25.251424103426643,1.0
1393,-313.1010275062125,23.762169701825517,1.0
1394,-323.3761596902084,22.8016727210808,1.0
1395,-308.0403362760607,22.961862216212122,1.0
1396,-299.8896980561548,23.544897137522575,1.0
1397,-289.25783979197195,24.9682777458241,1.0
1398,-302.41798167617486,24.946932572818067,1.0
1399,-283.63549819606635,26.146000420103086,1.0
1400,-277.2662520912424,27.106121618027622,1.0
1401,-275.38652229065235,27.20422042049856,1.0
1402,-260.01878755151733,27.887771945800804,1.0
1403,-256.77808945957776,26.344847840528494,1.0
1404,-247.7563068877789,24.537356820992088,1.0
1405,-230.2500049642848,26.93835839411987,1.0
1406,-215.9031376744205,29.40711951847476,1.0
1407,-213.64961883139,32.62075539556777,1.0
1408,-212.07678596353344,35.320524234914636,1.0
1409,-202.4753907343927,38.236217700150505,1.0
1410,-191.99914097370885,40.978605925564,1.0
1411,-183.3760311276341,44.368945255743625,0.0
1412,-178.08566184892055,46.74603070552793,0.0
1413,-185.1257968716135,46.87901058938705,0.0
1414,-187.3566767199086,45.020540664532355,1.0
1415,-189.4316199954364,43.373074255581834,1.0
1416,-182.0270785476382,41.94833013037684,1.0
1417,-175.6993890600619,40.923663146336814,1.0
1418,-158.94609096703306,38.69819361793327,0.0
1419,-168.32170227571072,36.519752279520425,1.0
1420,-176.81326630864942,33.506605493575734,1.0
1421,-177.85788618600355,29.51794905418593,1.0
1422,-167.9424687784254,26.65637546966663,1.0
1423,-166.7337780250715,23.049820606809742,1.0
1424,-158.27581070491823,19.82916730691,1.0
1425,-151.8661667708721,18.337444144932554,1.0
1426,-141.6958141359246,18.663298728018447,1.0
1427,-148.14753040020815,17.899881049855274,1.0
1428,-143.70626318587256,16.99485678951027,1.0
1429,-130.49981056551906,17.759418219774922,1.0
1430,-143.42518019256738,17.65385885334859,1.0
1431,-145.48460079294574,17.69775927327206,1.0
1432,-128.37981963422834,19.036183018630915,0.0
1433,-122.16427590983623,20.08116753887138,-1.0
1434,-117.04397741565674,20.85510913504861,-1.0
1435,-122.90862836771686,20.32627714976413,-1.0
1436,-123.43554848812931,19.897081637477825,-1.0
1437,-107.84541503430968,20.774908570723944,-1.0
1438,-109.66870459456028,21.933027063807405,-1.0
1439,-116.9107433235706,21.77321780731031,-1.0
1440,-112.59097796981746,20.777485758325913,-1.0
1441,-101.20121934166798,19.860775234800442,-1.0
1442,-103.35309181355888,19.11661980493076,-1.0
1443,-113.61096108203832,17.3156714726026,-1.0
1444,-119.94652718562112,15.733677773334671,-1.0
1445,-127.70391811558858,14.453447785889821,-1.0
1446,-118.07127017887206,13.884085112016347,-1.0
1447,-125.66390514283349,12.572398622734012,-1.0
1448,-120.52856592000416,11.453757313358201,-1.0
1449,-127.04810840937732,11.320729154859034,-1.0
1450,-131.27599744817542,10.29699731417715,-1.0
1451,-140.6814150435256,9.703925410168948,-1.0
1452,-153.6110796704101,12.230155771086928,-1.0
1453,-167.310574336735,16.066869528529928,-1.0
1454,-183.26271456626768,20.87418073307814,-1.0
1455,-180.3939294767504,24.08832747158107,-1.0
1456,-203.30741523433448,29.16693455549187,1.0
1457,-174.15406086036734,29.892895604223966,-1.0
1458,-168.72435489464883,30.017966449166693,-1.0
1459,-162.58971994548074,29.949066791444103,-1.0
1460,-155.52690607086237,29.28016872737255,-1.0
1461,-152.4953355604565,27.5380623671058,-1.0
1462,-156.92517545519894,25.665918444448454,-1.0
1463,-161.46743608286215,24.377552399250014,-1.0
1464,-157.5821729042098,23.23676122663159,-1.0
1465,-170.32903605577815,22.702969534208258,-1.0
1466,-191.86207422308945,22.284174405403387,-1.0
1467,-245.7712701656352,28.167583720597467,1.0
1468,-257.21600357336314,32.92774840513674,1.0
1469,-265.3348115633537,37.214757682391884,1.0
1470,-264.0585347324355,39.99474293807983,1.0
1471,-247.15889416430596,40.77571764001238,1.0
1472,-239.03136186972688,41.1304848001928,1.0
1473,-233.97712751636695,41.44933349800776,1.0
1474,-232.82999773194197,41.9652956126333,1.0
1475,-223.37012613783577,41.952942310444925,1.0
1476,-212.72551427616185,42.00720381328822,1.0
1477,-218.70740794480852,41.539065021334494,1.0
1478,-211.27168895259712,40.61503795010609,1.0
1479,-199.28303815764525,39.26145198392932,1.0
1480,-190.323248321032,37.45719775233066,1.0
1481,-184.5441952025298,35.42671226762951,1.0
1482,-192.0949833112607,33.29573941483168,1.0
1483,-179.06235198905028,32.016185091469765,1.0
1484,-174.1245706037776,30.615309576275987,1.0
1485,-187.5187183914393,29.466074148666255,1.0
1486,-174.9872988270766,30.46393756010372,1.0
1487,-162.6455844240175,31.920266036022408,1.0
1488,-154.9065051060931,32.570577763736765,1.0
1489,-153.8693768999358,31.658852043342925,1.0
1490,-156.99181522403563,29.564480272131604,1.0
1491,-138.99670954498492,29.69691732818846,1.0
1492,-114.19868515076143,32.105296007926384,-1.0
1493,-99.92565768016482,35.15138309931488,-1.0
1494,-113.71068449697214,35.48343731119577,0.0
1495,-118.57156287973174,35.26077908429611,1.0
1496,-138.36553850902675,34.07755341642293,1.0
1497,-162.45562556144546,31.477763483862486,1.0
1498,-148.39517678680062,29.185161880229817,1.0
1499,-152.08604477614443,27.46488361285827,1.0
1500,-156.49616303350427,26.179382277289374,1.0
1501,-143.987970816136,25.174955885998006,1.0
1502,-137.71063879087393,23.396083969153157,1.0
1503,-130.889538562994,22.542839973847723,1.0
1504,-147.3369708070603,21.56088566050007,1.0
1505,-134.9347947936654,19.134524380407854,1.0
1506,-125.84961363005544,17.793558186917878,1.0
1507,-126.58349899234504,17.152690391067974,1.0
1508,-113.8504560331762,17.453437549289678,1.0
1509,-96.27401519688313,18.99196078180595,1.0
1510,-76.68257717947199,21.893977254276248,1.0
1511,-84.49671378570525,23.869127658266937,1.0
1512,-85.0234715338812,25.474847997973693,1.0
1513,-65.90464334419602,28.204492203415754,1.0
1514,-66.0721413316399,30.910323610841086,1.0
1515,-61.3955873883491,33.63184544201707,1.0
1516,-49.97386947389151,36.467016694197646,0.0
1517,-14.278723087230103,40.75863531562561,-1.0
1518,-10.203313437471252,44.700349225742315,-1.0
1519,-33.4506848473697,45.15443388446855,0.0
1520,-27.963137110118566,44.7974766003251,0.0
1521,-47.765540557602606,43.46175594449036,0.0
1522,-74.97469536911285,41.43312325444324,1.0
1523,-77.44724377237048,39.57130456230014,1.0
1524,-81.61481000517665,35.89568340443379,1.0
1525,-77.3438907492644,32.82194476609234,1.0
1526,-76.65770039556725,30.13866905148706,1.0
1527,-71.86600395474034,26.77957749411762,1.0
1528,-60.31898984253303,24.150669706286212,1.0
1529,-58.97531337375375,22.76381362673067,1.0
1530,-62.90829622497114,22.44245807499106,1.0
1531,-44.642149691641976,21.861615243381774,1.0
1532,-51.45543009502859,20.89980390041262,1.0
1533,-40.38084503355907,21.02667067097874,1.0
1534,-19.43683896831243,22.225650934794235,-1.0
1535,-12.356190415909452,23.801476205794938,-1.0
1536,-18.5037984080476,24.80168484390735,-1.0
1537,-8.068160623149083,25.28201596276915,-1.0
1538,6.184828323166414,26.786086686711787,-1.0
1539,0.1763881335087944,28.67026489980814,-1.0
1540,8.783490043186646,30.929297066525155,-1.0
1541,-4.091707421073068,32.12916583917162,-1.0
1542,-18.26659277980258,31.49650179716242,-1.0
1543,-38.32298678565565,30.133037531931144,-1.0
1544,-66.85490362334792,29.134241343269604,-1.0
1545,-77.28637693437435,29.129923848338755,-1.0
1546,-73.4945084205894,28.903908671731518,-1.0
1547,-74.5260995487107,29.085106266253753,-1.0
1548,-81.8963710332232,30.414720461405665,-1.0
1549,-96.32021750099318,32.89218982264306,-1.0
1550,-105.46158731255986,35.79030572695767,-1.0
1551,-103.11815661628287,38.412241226753515,-1.0
1552,-120.78891068361436,42.097553411860375,1.0
1553,-112.61362878615734,44.51092464951881,-1.0
1554,-128.88446147110574,47.102883399956134,1.0
1555,-144.34434853289537,49.793512773825235,1.0
1556,-158.94507349214342,53.00455292939258,1.0
1557,-172.62053359224632,55.60780609135469,1.0
1558,-173.80050631532157,55.80737634075619,1.0
1559,-182.0102393731708,55.674643833520754,1.0
1560,-178.55613377926426,52.75747156323204,1.0
1561,-165.19814273289268,48.574755348625594,1.0
1562,-158.68374598508137,43.99191044789382,1.0
1563,-160.5370571851103,40.28060631041295,1.0
1564,-173.01404780250687,38.9381962372227,1.0
1565,-168.70495304620965,37.50374393834605,1.0
1566,-136.2814724941585,34.43929673002754,1.0
1567,-121.45881609524304,31.203395821639916,1.0
1568,-96.18478473574312,29.88675022066692,1.0
1569,-86.6407252572667,30.746352927165606,1.0
1570,-68.34809719563958,34.036533729928486,1.0
1571,-60.35831623518436,37.66069560145879,1.0
1572,-50.48267451378263,42.376884432071314,1.0
1573,-40.70661966978673,47.14758293686087,1.0
1574,-17.455086398791252,53.59022654939291,0.0
1575,-3.889318688280582,59.85721569757139,0.0
1576,1.6332931293995898,64.74403789477076,0.0
1577,30.454190479530094,70.20951650675475,0.0
1578,39.94406037011936,74.5972176575158,0.0
1579,38.708612599423816,76.54259666421146,0.0
1580,56.8473322738468,78.46860999991647,-1.0
1581,45.80892909641901,78.75793427780701,-1.0
1582,42.82329766298631,77.8776587748911,-1.0
1583,36.89392762284768,75.1112197996874,-1.0
1584,8.464084956731313,68.4176966728682,0.0
1585,-0.3038147203478729,59.95767085511468,0.0
1586,-1.6562916112186483,53.286884476538454,0.0
1587,-7.974981436627104,46.683943609468784,-1.0
1588,-9.76001990671449,41.690063761875585,-1.0
1589,-10.072486970177522,36.761730763079754,-1.0
1590,-14.642156551153905,33.17545613689166,-1.0
1591,-32.797384617944545,30.84246590440025,-1.0
1592,-35.18150460543586,29.540609317454336,-1.0
1593,-41.9370011705426,29.6448759222497,1.0
1594,-15.740099867121785,29.574958598859208,-1.0
1595,-35.82051562711706,30.986756317157866,1.0
1596,-42.59721768270822,32.751608190637874,1.0
1597,-53.88253930853989,34.36256376203263,1.0
1598,-70.7807583697965,36.181052134908306,1.0
1599,-69.78762773037585,37.06159477035741,1.0
1600,-68.82342273958704,35.277055202151864,1.0
1601,-80.58682783067758,34.38719494728069,1.0
1602,-63.34161486956356,31.39681057782386,1.0
1603,-54.46976965554524,27.474081232203797,1.0
1604,-20.26237665656447,25.7759860271767,1.0
1605,-6.50705240487099,25.351068881943554,1.0
1606,35.19223765548287,29.103317952415953,1.0
1607,77.7063729963609,38.17992406192378,1.0
1608,106.00894108126568,48.81663703643214,1.0
1609,122.10529261875617,58.84843886836465,1.0
1610,127.63181205679012,67.30618160589324,1.0
1611,163.10531429517386,77.48235647333946,1.0
1612,205.21174382729333,89.65542576446546,1.0
1613,254.63382009998085,103.89920906804215,1.0
1614,278.1884206744007,117.64495638476524,1.0
1615,307.4636153266315,130.33596878820524,0.0
1616,316.09445875569367,140.1721664057395,0.0
1617,344.3397408683898,148.87746565381536,0.0
1618,351.8667303198905,153.99235183583173,0.0
1619,371.5760023233253,157.50798531688505,0.0
1620,373.8480312186243,157.96422499574396,0.0
1621,387.7435972257132,155.03148971045192,0.0
1622,406.7265760446723,151.15854242982525,0.0
1623,406.4495538624943,144.10201639017134,0.0
1624,402.04594405461495,136.1517149980123,0.0
1625,418.9067048519249,126.60675539542707,0.0
1626,442.87036012913467,118.91573767646724,0.0
1627,448.44832201209647,112.26162306071872,0.0
1628,440.8143316974431,104.67126042398175,0.0
1629,447.9538844902595,95.8410634412553,0.0
1630,445.6626729097368,83.50270468020604,0.0
1631,447.6285042985967,71.43196705996468,0.0
1632,444.9927562937112,60.776031436683695,0.0
1633,458.1432469466356,54.137290289460104,0.0
1634,448.4295827062849,47.426266583997176,0.0
1635,454.4133439424416,42.55521370492889,-1.0
1636,484.83380220053095,38.91379493189273,-1.0
1637,484.4539639375362,36.87218049934695,-1.0
1638,472.59988898431527,33.40452174288306,-1.0
1639,472.5471002151731,30.94520163493621,-1.0
1640,485.3670312354668,28.443595167494415,-1.0
1641,472.15231642509417,25.61427551437885,-1.0
1642,473.1133503710544,24.065337093111605,-1.0
1643,468.7570271346429,21.693830498858603,-1.0
1644,447.8683739761894,17.798285852895038,1.0
1645,449.38877736503866,15.421008566314102,1.0
1646,450.67602415269295,15.072232086477523,1.0
1647,477.9430052942768,15.332221242906238,-1.0
1648,474.0083886605447,14.77451402164082,-1.0
1649,446.74459465421216,14.841852896509142,-1.0
1650,424.7816007051106,16.73794411348638,-1.0
1651,412.0681743358066,19.92396294864639,-1.0
1652,381.27810251512585,26.489498408839232,-1.0
1653,377.72747675932817,31.86170090600518,0.0
1654,378.81801096247807,35.92541862609724,0.0
1655,367.6165275602808,40.27678352200111,0.0
1656,371.9123005821333,42.283917370397134,0.0
1657,350.7492528485095,45.265458533426234,0.0
1658,356.77044240829133,47.27148432987805,-1.0
1659,345.7775828520454,49.30033520998895,-1.0
1660,349.1256968240799,49.303756104364275,-1.0
1661,330.1815813720787,50.67114803086094,-1.0
1662,341.841655579091,50.12360845219377,-1.0
1663,349.80208533405926,48.59495741019119,-1.0
1664,365.3923185544492,47.28764473874644,-1.0
1665,353.9047534020417,45.786199814864695,-1.0
1666,348.94235882336585,43.75343729748878,-1.0
1667,375.43148478469845,37.226704101902556,-1.0
1668,377.073493476803,29.10091786127985,-1.0
1669,394.92457587233497,23.751364962718917,-1.0
1670,404.2735313164594,21.492899003526894,-1.0
1671,398.1407953915823,20.127177244314613,-1.0
1672,382.2416903112524,20.16682805479348,-1.0
1673,360.1763744093023,20.01240878473221,-1.0
1674,336.42784652414707,20.721389908824737,-1.0
1675,323.8988925645229,22.44672602806235,-1.0
1676,323.7653472211909,23.742246221832673,-1.0
1677,288.5030084981766,28.422337618968,-1.0
1678,271.1781230295415,34.075673620857394,-1.0
1679,256.0221492503701,40.17173656293398,-1.0
1680,235.56052249590812,47.20146693318443,-1.0
1681,230.26598179567617,53.28881823439234,-1.0
1682,216.73557593032288,59.53045653422331,-1.0
1683,209.11036990126647,65.0760070023804,-1.0
1684,196.52381567418809,70.0001954884081,-1.0
1685,184.0264276439368,75.04770479421627,0.0
1686,172.41557078317942,79.91246088544611,0.0
1687,171.4788060812201,82.33144492826554,0.0
1688,167.31441203996633,83.5558771375117,0.0
1689,155.56091501416307,82.78675826886771,0.0
1690,161.71833106780394,78.85707699950983,0.0
1691,154.97763135583725,73.72638633047946,0.0
1692,138.96305719894218,68.91700444808671,0.0
1693,126.295023859183,64.99151610919618,0.0
1694,114.39635840511168,62.24994242660503,0.0
1695,92.99778988289265,60.41002657692822,1.0
1696,88.40707785507111,56.47182757023275,1.0
1697,93.34868966453604,53.83056236966871,1.0
1698,95.3697230951451,51.041676210874,1.0
1699,110.63895112793855,47.324847885309765,1.0
1700,106.8843835849044,44.57852560718238,1.0
1701,97.13420127355757,41.71094382039359,1.0
1702,91.2009457311886,39.365308363905974,1.0
1703,84.79858990414317,37.03173446308065,1.0
1704,102.91381534704252,34.00263344534938,1.0
1705,116.37400720935298,31.121314916459518,1.0
1706,132.79239044453405,28.938289763976194,1.0
1707,136.44450730188177,26.638458539128123,1.0
1708,148.60985345434136,25.11663041945114,1.0
1709,136.98529536994698,23.95118433044887,1.0
1710,140.2456352116418,22.240686642762178,1.0
1711,152.8676373150842,22.04767822193145,1.0
1712,164.55668233235056,24.132487531601218,1.0
1713,161.79316221548905,26.103141945898034,1.0
1714,184.5769182128945,29.96301631287166,1.0
1715,199.8308261180489,33.80675000097014,1.0
1716,218.14294665413357,38.12457665274675,0.0
1717,212.34967049349515,40.68344104787453,0.0
1718,205.5166383454433,41.80287408839858,0.0
1719,194.4219478446912,42.348165222564305,1.0
1720,219.0077111399181,43.816672267021104,0.0
1721,216.9078014243936,43.672348366335946,0.0
1722,213.4925644063799,41.9083489720682,0.0
1723,223.4167456413954,38.932110337301175,-1.0
1724,233.34417544758335,37.27571184010539,-1.0
1725,247.69770561507124,36.934624787522935,-1.0
1726,242.2676149749079,36.56509354867127,-1.0
1727,244.41441438150855,35.796496888122086,-1.0
1728,239.82029116680505,34.970596733021374,-1.0
1729,241.638626657088,32.37170227396288,-1.0
1730,259.8645605162071,30.2085750850403,-1.0
1731,253.6780331737326,27.823399325373696,-1.0
1732,256.2529181090593,25.896439850784798,-1.0
1733,261.50965004758336,22.82348746905071,-1.0
1734,262.67162357217427,21.576397181451824,-1.0
1735,264.2358471797594,21.27754038746927,-1.0
1736,258.24592603017305,21.44150613340588,-1.0
1737,239.27607587192077,20.605770550744857,-1.0
1738,237.5154171587984,19.063123858849295,-1.0
1739,226.30062886821165,16.11356914499692,-1.0
1740,209.72035449381949,16.92671478751446,-1.0
1741,194.2364214644888,19.265838953837225,-1.0
1742,165.58995022021486,24.939654931547377,-1.0
1743,152.03255400757124,31.41638899713626,-1.0
1744,138.85404781749236,38.01395106033765,-1.0
1745,138.0036601196623,42.8944878668157,-1.0
1746,134.26951110129062,47.10551869881315,-1.0
1747,125.3817451114188,51.066242481787036,-1.0
1748,117.99728332994415,54.820576642893144,-1.0
1749,93.8585718914414,59.63465321114329,-1.0
1750,85.35429734539379,63.00517876509987,-1.0
1751,66.25250844651057,66.96675528660545,-1.0
1752,61.33577950302629,69.6270542959112,-1.0
1753,46.36729220272133,71.6018194128861,-1.0
1754,24.75995028017647,73.53632625392576,-1.0
1755,-10.78867466267664,76.5039022398318,-1.0
1756,-34.77552507127291,79.696430840915,-1.0
1757,-53.843030438935216,83.57659291441813,-1.0
1758,-72.03881512860309,86.53486967810979,-1.0
1759,-107.55543428025229,91.03231496395888,-1.0
1760,-128.34907832034207,95.72238887129959,-1.0
1761,-157.42320592126666,101.29308394719091,-1.0
1762,-182.28162424329287,108.09817477518502,1.0
1763,-231.17814236407852,117.37660824356477,1.0
1764,-255.657186956752,126.11702689210088,1.0
1765,-282.0670440396231,133.69308748412345,1.0
1766,-281.1190573921266,137.72395746386078,1.0
1767,-293.20426627375184,140.04910155514602,1.0
1768,-297.2078090381727,139.97221102510562,1.0
1769,-318.682751432629,140.22336507159628,1.0
1770,-310.47919119340645,137.4566177441085,1.0
1771,-277.20518567824524,131.54209210859722,1.0
1772,-241.1659852452907,122.03407860279448,1.0
1773,-215.71108538664168,110.76763521714493,1.0
1774,-181.84323060244168,99.06398319496206,1.0
1775,-142.59051884861026,90.02186156543459,1.0
1776,-127.61821921115892,82.998439478545,1.0
1777,-89.58864675828767,79.83173166092625,1.0
1778,-63.70260788456864,80.60602782778983,1.0
1779,-28.167726412023114,87.53352808192902,1.0
1780,3.7318797077013386,97.99862011548664,1.0
1781,-2.463441557591551,107.13057854076769,1.0
1782,-2.1169197005292943,115.16754425358859,1.0
1783,-12.255141150642402,120.51712993183341,1.0
1784,-7.87929056921439,124.03587681386927,1.0
1785,17.872767135452392,126.42732449868393,1.0
1786,36.822978134833534,128.19822482269495,1.0
1787,63.163987109639926,128.74473953228352,1.0
1788,84.43166601635335,127.79346438941,1.0
1789,98.99754978060678,122.61167397390473,1.0
1790,119.26297305552066,115.68995672548807,1.0
1791,137.77540317315902,109.5443152638169,1.0
1792,165.1270843968083,105.46168681443902,1.0
1793,186.2061339410448,101.89879308414913,1.0
1794,209.3159020258328,100.10487970340932,
1795,225.7554879272909,100.11602319042188,
1796,245.5858037652103,99.90392711231478,
1797,259.12905343868425,101.11977010103159,
1798,275.502178181973,102.97247963628014,
1799,287.7269504362622,105.85338428428565,
1800,296.18881707628515,109.15572039506847,
1801,304.5986738367034,110.50703837695399,
1802,325.7698338134057,111.1406034871004,
1803,338.0514731931688,109.16310544874496,
1804,368.0542566164896,106.82139038965009,
1805,388.6138872118544,105.29579835620316,
1806,423.7294062648231,105.25702106083186,
1807,465.6914737633888,108.08033086518795,
1808,486.4924460175656,111.00404177344893,
1809,515.9495006417999,114.25227157761027,
1810,548.5051503091141,118.50866125611665,
1811,580.7507401936022,123.42347086651479,
1812,612.8921036666617,129.56744409741583,
1813,641.5031092601879,135.92997253349165,
