index,CI GRMN,Standard_dev,label
0,128.28142608586523,3.5725750689570495,-1.0
1,129.08585949529072,3.5725750689570495,-1.0
2,127.25610134819048,3.5725750689570495,-1.0
3,124.53149474246412,3.5725750689570495,-1.0
4,126.883468263886,3.5725750689570495,-1.0
5,126.88765782471816,3.5725750689570495,-1.0
6,128.9415052648548,3.5725750689570495,-1.0
7,129.02252984760457,3.5725750689570495,-1.0
8,129.1193385869961,3.5725750689570495,-1.0
9,128.10844515280178,3.5725750689570495,-1.0
10,128.48221559647843,3.5725750689570495,-1.0
11,126.62777094573732,3.5725750689570495,-1.0
12,125.09898671499327,3.5725750689570495,-1.0
13,126.133290672454,3.5725750689570495,-1.0
14,125.42163071799634,3.5725750689570495,-1.0
15,124.23549365738704,3.5725750689570495,-1.0
16,124.28338643358649,3.5725750689570495,-1.0
17,121.17727154063692,3.5725750689570495,-1.0
18,118.44298043474616,3.5725750689570495,-1.0
19,116.09586037628722,3.5725750689570495,-1.0
20,116.2731443861978,4.088717580466169,-1.0
21,114.60478974659856,4.597304313326721,-1.0
22,114.5808279850657,5.033165269201021,-1.0
23,108.45998839137287,6.076288490977216,-1.0
24,108.11957529366946,6.836994651623516,-1.0
25,105.80277586713495,7.624833797263756,-1.0
26,104.2840350476108,8.234052648440152,-1.0
27,100.8031470406872,8.943136165622665,-1.0
28,97.57603265020816,9.686611788398078,-1.0
29,93.82869935178071,10.560761412942846,-1.0
30,91.27986751713104,11.313644579660613,-1.0
31,86.42339413873846,12.3210024843813,-1.0
32,82.92143187960242,13.371906690578623,-1.0
33,81.66450180650153,14.059049576426627,-1.0
34,79.10432316980535,14.635560237144537,-1.0
35,76.79707253031421,15.104988065979501,-1.0
36,74.2109569378465,15.3862645876129,-1.0
37,72.18996825684341,15.670886114656225,-1.0
38,68.5563389998886,16.072272554042836,-1.0
39,65.8737121976042,16.46842917260526,-1.0
40,64.26050069718359,16.56796311035172,-1.0
41,62.830199324327296,16.494649622019153,-1.0
42,59.86115557989952,16.21099542704513,-1.0
43,57.18037274463107,16.234322326524527,-1.0
44,55.02043385656877,16.023086958027665,-1.0
45,53.569696965168205,15.681690800224679,-1.0
46,51.35564482132453,15.188761355417544,-1.0
47,48.36185140042138,14.79698425691951,-1.0
48,45.95882662512268,14.441199221195944,-1.0
49,44.11187002094961,14.13892640624401,-1.0
50,41.983982818787744,13.806980393475575,-1.0
51,39.50372001220712,13.712807014672208,-1.0
52,37.21139658306975,13.722744424419028,-1.0
53,35.79257631008517,13.56436668352905,-1.0
54,32.527075142868426,13.511237552674027,-1.0
55,29.229919416671308,13.539963115653082,-1.0
56,25.836057438303044,13.679638633797246,-1.0
57,22.67422245821151,13.8482995758062,-1.0
58,18.054888450417,14.323222805363512,-1.0
59,15.185642021024432,14.82892702761425,-1.0
60,11.78449863087762,15.321950196584671,-1.0
61,8.808001517179282,15.730695901893013,-1.0
62,4.749699464140388,16.277568091886614,-1.0
63,2.8585090339417007,16.722457974042516,-1.0
64,1.3668382608033909,17.006104782493637,-1.0
65,0.4574195838972485,17.03974881599597,-1.0
66,-2.03091461390634,17.022195117108353,-1.0
67,-4.053888552001837,16.9827558422088,-1.0
68,-5.458625581318607,16.83310218241175,-1.0
69,-8.092236623460103,16.62198922811873,-1.0
70,-11.50372545056902,16.424716693075148,-1.0
71,-15.043006902268182,16.275648367984076,-1.0
72,-18.32712470647587,16.12899542912607,-1.0
73,-22.02967065919266,15.92272503333976,-1.0
74,-26.12472947425531,15.860995649177017,-1.0
75,-29.216600462717764,15.851153120831853,-1.0
76,-29.16928423857069,15.627903121329705,-1.0
77,-35.28849538117909,15.745088243205274,-1.0
78,-39.34736004250036,16.13505995658952,-1.0
79,-42.83412846988466,16.573846745300443,-1.0
80,-47.52046913577446,17.21324370351466,-1.0
81,-54.030324716482006,18.175867531294497,-1.0
82,-54.73571244086365,18.930833081666098,-1.0
83,-59.41834504067993,19.73061983064572,-1.0
84,-62.94804505630907,20.415726041456335,-1.0
85,-68.4411143509376,21.102852034831532,-1.0
86,-74.90277261058765,21.969148692262298,-1.0
87,-79.38239934522917,22.75119604682069,-1.0
88,-86.57866034273407,23.634790440206547,-1.0
89,-92.45262526786072,24.54106586098337,0.0
90,-93.93281171660944,25.099145995146305,0.0
91,-95.1497201555257,25.351112376404373,0.0
92,-100.65089360372872,25.663563126865352,0.0
93,-103.82838497013849,25.860149295090018,0.0
94,-105.17629122107016,25.84028436079871,0.0
95,-109.39467395767946,25.766849213231772,0.0
96,-112.502004616756,25.249857047782612,0.0
97,-115.73148149049302,24.839595474848053,0.0
98,-119.14117171773746,24.379088217305366,0.0
99,-124.58559539700462,23.974830768796583,0.0
100,-127.95614418835748,23.565601528345614,0.0
101,-127.87077882128467,23.07524869139971,0.0
102,-125.93316194169822,21.87745966409528,0.0
103,-120.278257842266,20.207249288866365,0.0
104,-121.83305140091284,18.371872788201067,0.0
105,-120.11733806580634,16.45069117318808,0.0
106,-121.73598178948149,14.757063962551022,1.0
107,-121.37406091644782,13.025574318620238,1.0
108,-122.2337340860781,11.689802704718039,1.0
109,-122.27420383306506,10.638767347976788,1.0
110,-122.52569489239936,9.428297611530382,1.0
111,-121.74013729347116,7.940126863112639,1.0
112,-122.07037924176409,6.789156724598714,1.0
113,-120.88336797097216,5.71436755621365,1.0
114,-123.50836576659924,4.509449416678715,1.0
115,-115.58510698768698,3.816894125179229,1.0
116,-112.57573680320564,3.807776668680051,1.0
117,-106.3100078715367,4.965472219703816,1.0
118,-101.34418439437007,6.635109454434445,1.0
119,-98.9428596185619,8.055664511014987,1.0
120,-99.83570571429604,8.802884458211109,1.0
121,-98.8709892941767,9.366180690062892,1.0
122,-96.37791685001596,10.024660374937524,1.0
123,-97.27476564259806,10.630651637301986,1.0
124,-96.8661540865008,11.042560366215175,1.0
125,-98.535624913409,11.272263887985307,1.0
126,-99.41596992440164,11.26280479047932,1.0
127,-99.90851764781256,11.136643240961368,1.0
128,-99.61926983818674,10.851055206768745,1.0
129,-97.58250860019514,10.507598425245005,1.0
130,-96.9046879927134,9.999019063839155,1.0
131,-92.5673144285568,9.579384006560666,1.0
132,-89.15923420039394,9.080217514783278,1.0
133,-83.70914475019214,8.83510644039399,1.0
134,-77.2889806635821,8.466897274761969,1.0
135,-75.13441657044227,8.85111836468422,1.0
136,-71.44513480012932,9.527795421589207,1.0
137,-67.98993983521704,10.675170956014101,1.0
138,-61.00768337842031,12.464975070966867,1.0
139,-55.285196967150384,14.46439406730466,1.0
140,-49.83445418518375,16.44859463826136,1.0
141,-43.8983145036932,18.514118259014626,1.0
142,-36.90765856428466,20.80074652025355,1.0
143,-29.92795703343635,23.098953616124835,1.0
144,-23.698853287768145,25.331357675541664,1.0
145,-18.91019389558028,27.210149663130323,1.0
146,-13.935346691790556,28.768843301225985,1.0
147,-9.382638540380078,29.9577329961155,1.0
148,-5.311337359310926,30.75669419632333,1.0
149,1.3219557751354074,31.491119491380797,1.0
150,8.710614239282947,32.07031096780447,1.0
151,15.219662060273247,32.66613314990475,1.0
152,20.99890272361661,33.1146844529121,1.0
153,26.265784786310995,33.531516554238664,1.0
154,32.06100196072738,34.04664618797651,1.0
155,37.36303198864178,34.255809489792945,1.0
156,43.36156677194941,34.3206139970975,1.0
157,48.89532721022783,34.15349240229548,1.0
158,55.38772173149152,34.14904796072815,0.0
159,61.97203959010207,34.20093126519611,0.0
160,67.61534653494333,34.19490448683965,0.0
161,70.47806065754175,33.94230438033128,0.0
162,73.02541689599694,33.553412470804794,0.0
163,76.14317127369054,33.114676519298406,0.0
164,79.98454897654808,32.645269590822124,0.0
165,82.67887063972353,31.94685354100216,0.0
166,86.06283817196885,31.09888068848454,0.0
167,88.80761485110543,30.019120828615733,0.0
168,90.48364213434104,28.580407156857877,0.0
169,92.97700323513098,27.110685688868664,0.0
170,95.30646472101546,25.716306725272297,0.0
171,99.05028062534618,24.447076766225617,0.0
172,98.08739414271446,22.934861538161755,1.0
173,95.30659231114244,21.0789072564255,1.0
174,97.18349342226028,19.250267588304897,1.0
175,100.06964097588263,17.478298906080386,1.0
176,101.45281848185,15.789292874076656,1.0
177,103.02079147729997,14.184346106466911,1.0
178,103.28723043654904,12.759386876763939,1.0
179,105.45026584643472,11.726627821962527,1.0
180,106.33218198086622,10.95066555644816,1.0
181,110.00093008576076,10.363537961713337,1.0
182,110.83782803185376,9.719572519642918,1.0
183,113.42485750639966,9.24906567637911,1.0
184,115.26877908166112,8.995471195729582,1.0
185,117.0017402184652,8.839029479780912,1.0
186,120.9067077426554,9.07308758163601,1.0
187,124.519097421849,9.588315200814968,1.0
188,124.03318402141224,9.84657854257623,1.0
189,127.88325183683816,10.370299868210594,1.0
190,132.71475084698346,11.219185546855009,-1.0
191,132.763204764718,11.950139126539721,-1.0
192,121.61583299140445,11.665527494088384,1.0
193,118.78426628412016,10.933367550853738,1.0
194,120.54126118381885,10.230616077888829,1.0
195,118.40478470908118,9.576135539232997,1.0
196,114.7733032208717,8.92181389425401,1.0
197,120.26363070323652,8.303602670046425,1.0
198,125.2982934478838,7.695683708635296,1.0
199,133.14243186568157,7.612496816100867,1.0
200,141.47375171224687,8.219718658303371,1.0
201,145.35243183800776,9.204328816793796,1.0
202,148.13474744870825,10.13872465351228,1.0
203,151.22089900030227,11.17703680355075,1.0
204,160.20395296836944,12.925244867802972,1.0
205,165.85080827533332,14.82516030090356,1.0
206,178.4168885561429,17.765573031412405,1.0
207,178.65287306933783,20.02198075336848,1.0
208,178.78426600939383,21.68884998036713,1.0
209,180.8121785109113,23.216264080815975,1.0
210,183.2559582244672,24.699803831322548,1.0
211,185.07505246133653,25.973811409939728,0.0
212,186.46767240391603,26.48362228241461,0.0
213,189.31022281238376,26.559007338196817,0.0
214,186.3834288258753,26.10424850463751,0.0
215,186.47943718915863,25.00739012443114,1.0
216,187.2276882730477,22.976313335576652,1.0
217,191.05630768319884,20.99340073460676,1.0
218,193.229385596101,18.921680207586093,1.0
219,196.53584564914289,17.2092001704148,1.0
220,199.04947261723447,15.952936051277106,1.0
221,202.0429890771927,14.72868031449869,1.0
222,203.77165476760533,13.29786206142537,1.0
223,204.68581863515084,11.584648174063314,1.0
224,210.6251844425263,10.946131575451055,0.0
225,212.68363680276943,10.65185734307898,0.0
226,215.4337121859453,11.406586367789712,0.0
227,213.93144229854212,11.701008818395556,0.0
228,213.11182007778643,11.662000353650653,0.0
229,217.68003883392163,11.87077295943631,0.0
230,222.83277455986968,12.411729763032934,0.0
231,223.32505367690567,12.78928139487078,-1.0
232,222.72257529356895,12.922209363694389,-1.0
233,224.93175367132807,13.155792346046246,-1.0
234,224.42836785057523,12.858336884025332,-1.0
235,223.06577097690263,12.176659114694111,-1.0
236,222.3349864116892,11.193917843483053,-1.0
237,225.26581548505555,10.433314163327623,-1.0
238,224.8675531619737,9.545350984139791,-1.0
239,222.28001023168585,8.588649303209596,-1.0
240,220.3900129125301,7.578908239946639,-1.0
241,216.64092064317137,6.6566985229559466,-1.0
242,216.33219967722147,5.7494942556589494,-1.0
243,214.69203409426632,4.807700113799644,-1.0
244,213.5226094269696,4.567707901428312,-1.0
245,213.3697121246468,4.5159179506002936,-1.0
246,214.164912787676,4.5852843841230575,-1.0
247,210.8023994242048,4.8318428145479215,-1.0
248,207.4773271313209,5.35041074733739,-1.0
249,206.2291990498452,6.069753719528694,-1.0
250,206.5771410259113,6.527830874828256,-1.0
251,203.1945811318112,7.1339670865432385,-1.0
252,208.89037099827704,7.186047851013262,-1.0
253,209.00214763659048,7.021727895097673,-1.0
254,208.8941771570944,6.800118276321363,-1.0
255,208.39535770603408,6.604546591617023,-1.0
256,206.55548681292825,6.45528992625623,-1.0
257,205.296468514318,5.963906725781713,-1.0
258,204.6551671616801,5.32540502316508,-1.0
259,199.56013773314723,5.184328891852159,-1.0
260,195.98268468083947,5.411189050512975,-1.0
261,189.59225110593405,6.53581615402829,-1.0
262,183.757496816299,8.0199386197912,-1.0
263,179.5123027524332,9.605938264065808,-1.0
264,173.28482624817957,11.485950000798155,-1.0
265,172.00369648130797,12.920168881430843,-1.0
266,174.23119777440206,13.631791959144318,-1.0
267,175.00758022056357,14.159841189640046,-1.0
268,180.7676007891324,14.270085567574185,-1.0
269,178.61445682073466,14.417747228004705,-1.0
270,177.88458919196972,14.442923666121507,-1.0
271,180.4451849669994,14.39022758716043,-1.0
272,178.96088280426102,13.939029284034225,-1.0
273,175.03621487712834,13.449742189795442,-1.0
274,171.9585067100508,12.869508043687322,-1.0
275,164.15170478244204,12.538747454986162,-1.0
276,158.8729499062324,12.42951921028811,-1.0
277,164.07760976556528,11.57292009487564,-1.0
278,162.07059224187356,10.451556384386588,-1.0
279,159.16636743117516,9.695046991920657,-1.0
280,157.21675215273038,9.08671918153597,-1.0
281,156.13930086431077,8.91626227009284,-1.0
282,149.45284931101963,9.635515689503437,-1.0
283,146.7705481174785,10.57069522686407,-1.0
284,144.24325551709384,11.711550683487642,-1.0
285,144.55612550351404,12.58985677399983,-1.0
286,143.66914720115926,13.245705146090273,-1.0
287,140.27804249178598,13.91098844441278,-1.0
288,137.28361882594288,14.172409179974888,-1.0
289,130.61662516438153,14.821849662574154,-1.0
290,126.1945410100231,15.505534927425504,-1.0
291,125.69433062715284,15.527729700791795,-1.0
292,122.25294135189108,15.488447003915782,-1.0
293,121.31612731834818,15.390644837825828,-1.0
294,120.00264480159012,15.21546048030421,-1.0
295,118.19643248551355,15.433012659707872,-1.0
296,114.25974622261154,15.989253110612974,-1.0
297,110.37891873847542,16.095336439051298,-1.0
298,106.31339056726624,16.258966604954637,-1.0
299,102.23433346160972,16.546942940816777,-1.0
300,96.5497234232031,17.01381281901987,-1.0
301,87.13207893256092,17.940499949351683,-1.0
302,80.64854031054313,19.413848538165055,-1.0
303,74.76442448084099,20.98278885133562,-1.0
304,72.95695920648066,22.190231070619443,-1.0
305,69.82521392087597,23.009250890296645,-1.0
306,65.28354457568754,23.64459687209004,-1.0
307,59.45705219331484,24.39215686227136,-1.0
308,53.63786832080867,25.194074294619387,-1.0
309,48.99307657945923,26.20380940623514,-1.0
310,45.46689156667624,27.15232870637559,-1.0
311,41.271357014171066,27.827123404010127,-1.0
312,37.42433545459579,28.396912332354557,0.0
313,33.227378627633506,28.694402050859246,0.0
314,30.276913879933627,28.61501156020273,0.0
315,25.2713785604121,28.332954712595757,0.0
316,23.672480512987253,27.744244328584916,0.0
317,22.186428651446978,26.85185122293917,0.0
318,22.48861331684904,25.56112914100925,0.0
319,22.48557823754585,23.91266756624659,0.0
320,20.704424126651404,22.20357442236854,0.0
321,18.42857531740756,20.922535940325055,-1.0
322,15.097110155533592,19.893315080115826,-1.0
323,15.638908123185224,18.843544587663157,-1.0
324,13.91208623802401,17.52402924955362,-1.0
325,14.319412312809504,15.912484673005121,-1.0
326,11.304300425187256,14.377802084536969,-1.0
327,9.406231627170484,13.04855092166374,-1.0
328,5.323559942158035,12.155065363337194,-1.0
329,1.8951748033482048,11.57497436723504,-1.0
330,0.029857537546917,11.069269831566467,0.0
331,-0.5865358752017755,10.62848225377039,0.0
332,-1.7840769384326975,10.298128629616526,0.0
333,-4.407594102474931,10.262314016511942,0.0
334,-5.724791576578902,10.282058363242186,0.0
335,-7.063575116661674,10.538840416869146,0.0
336,-8.476464340479893,10.77141729188719,0.0
337,-11.649293880147454,11.120298824132274,0.0
338,-9.162295571331242,10.9865673687182,0.0
339,-12.557917924649743,10.842016264791646,0.0
340,-12.313942916993454,10.5514791996332,0.0
341,-15.361769204400602,10.416326534062266,0.0
342,-16.359782493664184,10.374413061698615,0.0
343,-16.27632167291877,10.018562620384374,0.0
344,-15.997706478071336,9.538567068031616,1.0
345,-15.908861913489725,8.713421403721197,1.0
346,-15.521491921919242,7.889280899007165,1.0
347,-14.465351483305971,6.923700624990479,1.0
348,-13.131838178725452,6.123266365409306,1.0
349,-12.7965986907614,5.503732751553098,1.0
350,-10.947367397597112,4.916987656914343,1.0
351,-11.021616663979325,4.2609562745607334,1.0
352,-10.762007884338082,3.6000057394919787,1.0
353,-9.425971425361588,3.1954692626565575,1.0
354,-7.292998634194333,3.042607720147511,1.0
355,-6.856293111653876,3.0617645967858107,1.0
356,-5.668191111935286,3.302001601611226,1.0
357,-6.0605439394648,3.574007541543236,1.0
358,-6.064353896287578,3.7608965767370597,1.0
359,-4.642595328899382,4.073708276282209,1.0
360,-3.1642007614064767,4.454951701683156,1.0
361,-3.216171970689913,4.636868237716678,1.0
362,-3.104298333196894,4.669192314333928,1.0
363,-1.7663053966657642,4.707013297111144,1.0
364,-0.5432232775952599,4.747262174612639,1.0
365,0.9438409046535484,4.7871136818201245,1.0
366,0.3603053000571066,4.662879224215725,1.0
367,1.1380095490769406,4.560941877561881,1.0
368,2.558526312391301,4.564960741352943,1.0
369,3.994011231585709,4.583419445925375,1.0
370,5.624840326767291,4.77019911700831,1.0
371,7.29779386307478,4.95433212046901,1.0
372,8.02254069172907,5.051782936213354,1.0
373,9.650458522931366,5.252235682213419,1.0
374,12.834586721248463,5.772467533797736,1.0
375,15.935364258264444,6.440895182992063,1.0
376,18.53916633527944,7.2106256049358475,1.0
377,20.2563836721242,7.8582980816292824,1.0
378,21.820696867789977,8.390883980471921,1.0
379,24.071028120358367,8.977241689679527,0.0
380,26.197473322649355,9.59625215850082,0.0
381,28.38241999984996,10.145904136482999,0.0
382,29.441705337790616,10.518001493406238,0.0
383,31.52200322281981,10.89561706597103,0.0
384,31.947235482675698,11.126602063094591,0.0
385,33.70805198842614,11.35364798256448,0.0
386,33.530348967958446,11.268906537540701,0.0
387,33.646336777798055,11.00090167744414,0.0
388,34.94465313727415,10.685385361150669,-1.0
389,36.15781268226999,10.315142063715356,-1.0
390,35.34408180870832,9.780393675617,-1.0
391,34.74334038784264,9.118786108983478,-1.0
392,34.30160507154417,8.237471764980718,-1.0
393,33.22050817584699,7.191859887751035,-1.0
394,32.69213944959628,6.215875346292385,-1.0
395,32.5867342557385,5.356256662236642,-1.0
396,32.33070655492772,4.587988927533903,-1.0
397,29.99294542581183,3.8386472617066225,-1.0
398,28.426720647304997,3.1884565331951196,-1.0
399,27.42695446686317,2.8245504632413785,-1.0
400,26.757766795146672,2.7658552525484605,-1.0
401,25.064306577717915,3.079490369653085,-1.0
402,23.552019110692157,3.5686282592631353,-1.0
403,23.15438407400193,4.037337197480773,-1.0
404,22.28119810200944,4.493042497946438,-1.0
405,20.499350182353744,4.971821164689432,-1.0
406,18.948650719108443,5.4755546932538985,-1.0
407,18.32634646515566,5.8918241323756,-1.0
408,17.349800701171432,6.190809046896272,0.0
409,16.742187371219877,6.308936592981844,0.0
410,14.573888731122771,6.515030872343514,0.0
411,11.945209367558292,6.826985050882209,0.0
412,11.901312429877407,6.971755252473514,0.0
413,11.457064708221369,7.0543650375430325,0.0
414,10.983846504726891,7.041361078737014,0.0
415,10.595713782083394,6.8874801192634605,0.0
416,10.187112689578136,6.594079309038108,0.0
417,10.232122275323045,6.336991024154099,0.0
418,9.300145391571547,6.123499930127647,0.0
419,9.673083102104442,5.821563845012611,0.0
420,9.558487345174555,5.433608407531367,1.0
421,9.5151933272602,5.065355619575288,1.0
422,10.01759711928915,4.687858686783919,1.0
423,10.42665138819143,4.198378452411871,1.0
424,10.97612611744109,3.6387580466916827,1.0
425,10.748267705321105,3.154156943682798,1.0
426,11.5942329764343,2.7217031515826204,1.0
427,12.46688441990397,2.258804194180045,1.0
428,13.120051605473783,1.8432692584406147,1.0
429,14.669346580598848,1.5573019077310148,1.0
430,14.923787073891262,1.598650031856898,1.0
431,14.472417852766768,1.751963483770512,1.0
432,14.84478898598961,1.9173404413028166,1.0
433,14.519818505989283,2.0335183639441445,1.0
434,14.894433669690365,2.1515584065771884,1.0
435,15.353531760751082,2.267040837607985,1.0
436,15.78973997395012,2.3655313055871168,1.0
437,16.481603845293563,2.4803494565709854,1.0
438,17.337519360031187,2.556041687975906,1.0
439,17.879495458198207,2.639498199713036,1.0
440,19.656956312133765,2.8103170998127323,1.0
441,19.67979401394291,2.8778378197181715,1.0
442,20.43857259456912,2.9669679182443316,1.0
443,20.9206430398184,3.0400815501598566,1.0
444,22.212296952843666,3.1872590789372093,1.0
445,22.001900432470443,3.1860572807575864,1.0
446,22.00606887822736,3.1648247896911417,1.0
447,21.272648341925983,3.0856553326064655,1.0
448,20.70472553784074,2.9668035249655094,1.0
449,21.2987119778374,2.9450004815138335,1.0
450,24.06693941720988,3.093593251015629,1.0
451,23.602494197930984,3.0963217957707,1.0
452,24.65709952718846,3.1389769558255156,1.0
453,24.49328081315569,3.057391184404531,1.0
454,24.368565177205667,2.916703458562196,1.0
455,24.76990230170322,2.7622683841816262,1.0
456,24.350221299515407,2.5367858212749557,1.0
457,24.71294560771924,2.319379455414004,1.0
458,25.066710211614154,2.1343914121582555,1.0
459,24.055225201199608,1.8758288010426492,1.0
460,25.205499180955147,1.8085727054038165,1.0
461,25.43074480472201,1.7082681357759875,1.0
462,26.106768914514674,1.6817278281610208,1.0
463,25.916515983931397,1.63873078503126,1.0
464,27.187955178770498,1.7561022899469838,1.0
465,28.69886111030917,1.9679621924637125,-1.0
466,30.04180350679188,2.2533905589565117,-1.0
467,31.17845237377926,2.511093931996388,-1.0
468,31.030972035989898,2.578163248384035,-1.0
469,30.82143486035249,2.5801107752320007,-1.0
470,31.44128955045013,2.766195639408695,-1.0
471,31.01958744749464,2.8315779916395085,-1.0
472,30.73768281045185,2.889495457755747,-1.0
473,29.48562395615607,2.846705182896293,-1.0
474,30.070824816787415,2.7930432737837916,-1.0
475,29.0815606054747,2.7065134009809064,-1.0
476,29.05670718465324,2.5659213239743837,-1.0
477,28.02490400038675,2.424006883294696,-1.0
478,27.344394815124485,2.3056745914518153,-1.0
479,27.020008149473632,2.0828523641640753,-1.0
480,26.25812820205739,2.0003697269085485,-1.0
481,25.369285292521,2.0058539912778257,-1.0
482,24.82549423401325,2.113776034146609,-1.0
483,23.940443434211343,2.2909905892418005,-1.0
484,23.529440585748944,2.5443854851616283,-1.0
485,22.568114977852357,2.862141514631473,-1.0
486,22.036049748305,3.129813540834682,-1.0
487,22.410364720415203,3.23543241157737,-1.0
488,21.56657528439994,3.3516228563638366,-1.0
489,20.726135705851704,3.4767799953346894,-1.0
490,19.5293511043112,3.5732686082498804,-1.0
491,18.783778710464876,3.6662188675461533,-1.0
492,17.968207357141928,3.747097096079631,-1.0
493,17.28464832149185,3.880056968092635,-1.0
494,17.187341739766772,3.8657966641083106,-1.0
495,16.694600753178058,3.870480799125465,-1.0
496,15.044818033728356,3.909371851230443,-1.0
497,15.087503146706602,3.9138918143237524,-1.0
498,15.052767566217852,3.872826967308766,-1.0
499,14.559747327985882,3.794612111857304,-1.0
500,14.0528908975417,3.719466009789747,-1.0
501,13.755377069783409,3.6461374619013194,-1.0
502,13.359645722746336,3.554106416632143,-1.0
503,12.330604386888758,3.5249519739232307,-1.0
504,11.277716594532455,3.518823255782389,-1.0
505,11.267072460874786,3.495707021163555,-1.0
506,9.948382162585451,3.532701863006808,-1.0
507,8.667545585341522,3.5351274376918185,-1.0
508,8.523779219575509,3.503134332083925,-1.0
509,7.725086328330612,3.504005089428084,-1.0
510,6.4471544518224135,3.6180327165534103,-1.0
511,4.95528916180097,3.820698708038304,-1.0
512,5.834402224309173,3.8795592094508238,-1.0
513,5.578466914569809,3.915696025776381,-1.0
514,8.281779266440942,3.7205451294360694,-1.0
515,5.827645050668288,3.6254705127530937,-1.0
516,4.627516051495476,3.6679118502634287,-1.0
517,2.208686428124885,3.828491162221121,-1.0
518,0.6841937749112006,4.018610476265814,-1.0
519,1.1141984493504324,4.07501216633306,-1.0
520,0.4550032326600899,4.115117018894947,-1.0
521,0.0736529918776298,4.09528155961377,-1.0
522,-1.6860909134598003,4.142665945001367,-1.0
523,-2.3317878001474317,4.205733454261765,-1.0
524,-3.8328415325699794,4.367839309579781,-1.0
525,-5.845813651447585,4.585138427680227,-1.0
526,-5.803435684473627,4.74447478786841,-1.0
527,-7.956301709613577,5.066243973085707,-1.0
528,-9.848451215390448,5.425152813709184,-1.0
529,-12.34974378190995,5.916270546053546,-1.0
530,-13.460581621469268,6.397978277465553,-1.0
531,-14.808542572604438,6.907516663471112,-1.0
532,-15.561389459515864,7.252144210903258,-1.0
533,-20.43145026656152,7.892919271715062,-1.0
534,-25.274932433807493,8.563774313629835,-1.0
535,-26.88907891388916,9.241283396977837,-1.0
536,-27.35420141085408,9.723746975160994,-1.0
537,-28.57858896110981,10.206732076805345,-1.0
538,-30.367568903507625,10.688696470342002,-1.0
539,-34.17061947336395,11.215898051737152,-1.0
540,-37.19644635222182,11.755627667630113,-1.0
541,-39.83877336186337,12.228764371729913,-1.0
542,-42.514407829598646,12.728195440023152,-1.0
543,-44.198411287035725,13.069460119365985,-1.0
544,-44.86540606336569,13.235175645703848,-1.0
545,-47.280239947310434,13.425185246165393,-1.0
546,-48.80574559471759,13.390091369658153,-1.0
547,-49.98413869016814,13.279278550912071,-1.0
548,-49.73165989285931,12.97611481007431,-1.0
549,-49.39234365203002,12.557986690969487,-1.0
550,-49.79681177899392,11.962918197682983,-1.0
551,-51.10986383228174,11.255171367074718,-1.0
552,-51.24483956259416,10.268096172894225,-1.0
553,-53.18459429463358,9.579860587528508,-1.0
554,-53.16215474198088,9.097740619290345,-1.0
555,-54.186285928647486,8.58957494449471,-1.0
556,-56.68659715800879,8.020560344398106,-1.0
557,-58.89908099181823,7.435351996633609,-1.0
558,-62.85579080331653,7.074433820398249,-1.0
559,-61.83714364483049,6.727762207213291,-1.0
560,-63.55721041174972,6.5985133900130215,-1.0
561,-64.08784596528831,6.54032989528383,-1.0
562,-67.13880768518196,6.80105548270191,-1.0
563,-69.8256967221516,7.2374690495328755,-1.0
564,-73.10275345024444,7.809639910884748,-1.0
565,-76.81273760579623,8.661711083787935,-1.0
566,-78.40615250840787,9.45225296950633,0.0
567,-79.66503854423905,10.14302485815299,0.0
568,-81.41259654923881,10.710091539705397,0.0
569,-81.8476233808898,11.0229714902008,0.0
570,-84.67323000802101,11.338537151387028,0.0
571,-87.28873982920314,11.687516808754042,0.0
572,-90.83061471684933,12.048166405598595,0.0
573,-91.4068655320487,12.274316851765391,0.0
574,-81.83999406008024,11.630276114469384,-1.0
575,-83.42243847462714,10.91435639617466,-1.0
576,-82.46482959757341,10.161350130706737,-1.0
577,-83.77743723561338,9.446488943369896,-1.0
578,-80.88374876600236,8.834702905979134,-1.0
579,-81.06726546283744,7.961864566844716,-1.0
580,-79.79772077947375,7.062504024746656,-1.0
581,-78.34640418725866,6.015008093499348,-1.0
582,-82.41444622256796,5.103022425897672,-1.0
583,-82.46701093137011,4.306260434437852,-1.0
584,-84.77399175776293,3.782278899818604,-1.0
585,-84.61510441244562,3.539877515025901,-1.0
586,-82.69867605916082,3.3681832202189086,-1.0
587,-85.10420539325965,3.278944402322762,-1.0
588,-85.9314618910464,3.279119235025317,-1.0
589,-89.84909773188335,3.51056353166627,-1.0
590,-92.91583341745168,4.018297851811756,-1.0
591,-96.2527006121462,4.765111374979198,-1.0
592,-97.79276163997656,5.419535382748866,1.0
593,-100.20344833429525,6.229822805014571,1.0
594,-101.37402743679284,7.048645191598089,1.0
595,-100.77468487390144,7.652136410274132,1.0
596,-101.05193905904018,8.101533983943039,1.0
597,-101.6665594017581,8.517395555381405,1.0
598,-104.27270599173976,8.870589006744448,1.0
599,-105.28152028432795,9.139560271472739,1.0
600,-87.63644474176856,8.754144864998015,1.0
601,-87.51012483884764,8.209866007995599,1.0
602,-81.81691615871009,8.250365869317697,1.0
603,-77.33326640579986,8.65539483500902,1.0
604,-77.97649286526271,9.094689306292622,1.0
605,-77.13802456591267,9.560442498442479,1.0
606,-76.702321837513,9.944837809733325,1.0
607,-73.93574500041444,10.610013810522402,1.0
608,-70.9413204224623,11.471767316470231,1.0
609,-71.00813208617666,12.242972925223675,1.0
610,-69.50671720317811,12.96465726002756,1.0
611,-67.49737587845044,13.582064772447168,1.0
612,-67.81805157848412,13.928009926893449,1.0
613,-64.44806031193438,14.176118403508994,1.0
614,-64.46500368657982,14.099485907531864,1.0
615,-61.77481379917801,13.98096836965828,1.0
616,-58.5615996145585,13.75846702035405,1.0
617,-57.87958344633175,13.158597427444565,1.0
618,-56.13179131770438,11.89855205137717,1.0
619,-53.928040827738194,9.883288188360863,1.0
620,-52.35210929636874,9.755461024671334,1.0
621,-50.39129003816071,9.462198151043186,1.0
622,-48.73777726629151,9.5493800523594,1.0
623,-46.357509653067616,9.93536880609299,1.0
624,-45.28665082254904,10.094923714624567,1.0
625,-44.40552854421799,10.121001645386858,1.0
626,-44.19442528802599,9.923898817824405,1.0
627,-41.77690782172979,9.893284556287421,1.0
628,-40.52356596722135,9.954626140484889,1.0
629,-37.69223687056317,9.984379400058351,1.0
630,-35.396022460207064,10.052888698023605,1.0
631,-35.87449028730954,9.97050124693612,1.0
632,-34.14556183856993,9.714119206100921,1.0
633,-32.6492857169511,9.605401582124404,1.0
634,-29.93909871356072,9.426089647773662,1.0
635,-28.56657007768316,9.313987608848123,1.0
636,-26.2277173836052,9.41150187439521,1.0
637,-23.642028809537173,9.50790174207869,1.0
638,-19.310697125781388,9.861910902285098,1.0
639,-18.767878843181144,10.110761445062067,1.0
640,-16.272918692776898,10.406441214981898,1.0
641,-15.576425409123978,10.607635524469028,1.0
642,-12.899926045380226,10.880169522875585,1.0
643,-10.808988195084524,11.21937499568521,1.0
644,-9.825864067370148,11.426250037050778,1.0
645,-9.307433550901711,11.457066768286506,1.0
646,-9.295348193792831,11.222611240534139,1.0
647,-7.560535024143256,11.044820138231344,1.0
648,-6.061121815688566,10.805789461695465,1.0
649,-4.905449707423735,10.62420787245146,1.0
650,-2.8169671311880293,10.531924781032286,1.0
651,-0.7206598309894616,10.273370583258606,1.0
652,0.7842779793038233,9.984997118094762,1.0
653,2.2052118991370198,9.634390292073356,1.0
654,4.191743456872196,9.398216535155102,1.0
655,5.736008635471109,9.1047981550943,1.0
656,7.926327538244529,8.915182016437242,1.0
657,9.968342667144915,8.849326887524635,1.0
658,12.192844588474536,9.09318050786539,1.0
659,14.82193436632587,9.338346628965441,1.0
660,16.15677567407387,9.616134820262099,1.0
661,18.408131477018337,9.865135749956393,1.0
662,19.49341753417483,10.13408714758313,1.0
663,20.25326843497475,10.360072827625231,1.0
664,22.003620210985417,10.554059940538224,1.0
665,22.98227563395092,10.611303180654476,1.0
666,24.66535838549003,10.534854675850815,1.0
667,26.27513150101192,10.454280085800429,1.0
668,27.456860155416862,10.315305651401063,1.0
669,28.08028762195174,10.04394229350559,1.0
670,29.562331680419742,9.796566928403454,1.0
671,30.633816114310708,9.549284186983652,1.0
672,31.808738989953746,9.259498703421004,1.0
673,31.516914355923284,8.813428152916007,1.0
674,32.31260875541989,8.355233084289818,1.0
675,32.6422364094455,7.8128433152117385,1.0
676,33.79568752299737,7.319080456190952,1.0
677,34.143734349237874,6.814974485166178,1.0
678,35.96020583908426,6.441689898783455,1.0
679,36.68787544980809,6.178997320009601,1.0
680,37.242195863281104,5.890349947814649,1.0
681,37.46861039676364,5.658531249424849,1.0
682,37.694145527070575,5.378985247795022,1.0
683,38.92987781709655,5.09082002501056,1.0
684,40.77005197367937,4.958039388248191,1.0
685,42.65922533611713,4.91553408329639,1.0
686,42.92720765718849,4.881085981824981,1.0
687,44.501557611963854,4.9792097308934204,0.0
688,45.66955108350198,5.1249611378128295,0.0
689,46.78745094795888,5.260689603557149,0.0
690,48.37307432734936,5.502016856553532,0.0
691,48.55084770913019,5.673839736638346,0.0
692,50.12242743480783,5.92084716883614,0.0
693,49.943760170812325,5.974963689714202,0.0
694,49.42306998417837,5.911468503626088,0.0
695,49.26874332211386,5.734923860173424,0.0
696,49.26245405129743,5.532109654534195,0.0
697,49.44700199209859,5.247197907480144,0.0
698,48.96846414213357,4.986918193767922,0.0
699,48.14978070278288,4.66146700190679,0.0
700,48.65034220131212,4.3070539149113625,0.0
701,50.5666841899516,3.941289473035976,-1.0
702,50.32043064999514,3.4288436004403464,-1.0
703,50.66455325376285,2.910383311517258,-1.0
704,50.2369881150659,2.4483649132848555,-1.0
705,50.247686809463424,2.104310694590098,-1.0
706,49.556905988310746,1.632198766389515,-1.0
707,49.71395603957443,1.260829974047936,-1.0
708,48.68791295594208,0.9616235643955481,-1.0
709,48.244271260158456,0.7989437587404082,-1.0
710,48.24446127835618,0.808276725265256,-1.0
711,47.05993181792192,0.948600004270477,-1.0
712,46.75544183747644,1.0904157479099887,-1.0
713,46.91491826977318,1.1837275529248743,-1.0
714,45.60050840545573,1.4033184250518929,-1.0
715,45.74251419699323,1.558026917391887,-1.0
716,45.374707978041215,1.7126757621123905,-1.0
717,45.07765906337937,1.8527426446272113,-1.0
718,44.305080423924494,2.0400699373795064,-1.0
719,44.56551836132964,2.179423256279756,-1.0
720,44.70033226835129,2.277603721526607,-1.0
721,45.73873990564395,2.2045403109605806,-1.0
722,44.93867065051015,2.155627069850487,-1.0
723,45.07618738889518,2.0303397794683122,-1.0
724,44.85853396435817,1.9091763709059513,-1.0
725,45.49457300347396,1.7130699510992602,-1.0
726,45.58569957005172,1.5411937448004744,-1.0
727,43.98120831459072,1.3631479312799633,-1.0
728,44.05505520504601,1.2434156637312428,-1.0
729,44.58708544494803,1.0967771732248885,-1.0
730,44.28026672324921,0.9030055968165479,-1.0
731,43.39812412517798,0.8844730926521897,-1.0
732,42.53030033689625,0.9576382109492318,-1.0
733,41.10917381831231,1.155219104559395,-1.0
734,40.46367128667376,1.4442484991210958,-1.0
735,39.35812959433648,1.7747800078332931,-1.0
736,37.92062759028426,2.1974776255061914,-1.0
737,36.24501759534858,2.712374406415927,-1.0
738,33.87373730022007,3.397034260558397,-1.0
739,32.275670159129305,4.074105195171434,-1.0
740,30.201993041290315,4.798256259321936,-1.0
741,27.655651791972467,5.5607086353039685,-1.0
742,25.58407056274629,6.35558697450424,-1.0
743,22.170799775282227,7.28045167435716,-1.0
744,19.0932520808258,8.267985105046447,-1.0
745,15.874853569252068,9.258501408188966,-1.0
746,12.466742442017155,10.26863609358379,-1.0
747,7.982182207084314,11.483650889205203,-1.0
748,5.034797347670306,12.598401212412133,-1.0
749,1.570844583253745,13.625920283511357,0.0
750,-1.7848271475776016,14.580890902988429,0.0
751,-3.240412083705195,15.304734867985239,0.0
752,-4.760238670268549,15.824768704943658,0.0
753,-4.631585129865847,16.062206461110147,0.0
754,-7.014984637688293,16.179461447604844,0.0
755,-7.245123011789261,16.03819523527923,0.0
756,-8.895135127161105,15.771814044315759,0.0
757,-8.412488519408825,15.25520209117476,0.0
758,-7.646544475628829,14.557138895011017,0.0
759,-9.218761717387068,13.746676929560447,0.0
760,-7.903564599096164,12.706080384188049,0.0
761,-10.991388314690305,11.712426139833148,0.0
762,-10.547099088318518,10.51101131697294,0.0
763,-10.738470063738651,9.296612364116818,0.0
764,-11.052732517736189,8.048086157768507,-1.0
765,-10.071649359838544,6.7348607665529965,-1.0
766,-11.286488147154516,5.5008041595123665,-1.0
767,-13.219388327006683,4.629715174135944,-1.0
768,-16.681910056113864,4.15559200276019,-1.0
769,-17.18438033950791,3.948346994097045,-1.0
770,-18.709436344304777,4.102724460784075,0.0
771,-18.67793149520179,4.219999643613317,0.0
772,-19.407802536091182,4.394221319400176,0.0
773,-21.10846713646707,4.583785375269533,0.0
774,-21.405190555975267,4.83305561413165,0.0
775,-22.184314002571213,5.043394203695235,0.0
776,-21.49560750585873,5.187710316526036,0.0
777,-21.91364791349075,5.246056666294526,0.0
778,-21.884022816065084,5.1504996095031546,0.0
779,-21.03550198205545,5.034181938663485,1.0
780,-21.048658493463165,4.718141264840409,1.0
781,-21.655876271990465,4.600667007760485,1.0
782,-22.626750106556912,4.420173404937569,1.0
783,-23.300858348862636,4.195504529524933,1.0
784,-23.935833323516377,3.9240449539115088,1.0
785,-24.4237375842677,3.39727897172845,1.0
786,-23.465679706623447,2.753729955041752,1.0
787,-21.66013069455657,2.1066983525052905,1.0
788,-21.204535799045946,1.8206045187520847,1.0
789,-20.894690579528728,1.5329907302386205,1.0
790,-17.670924014428877,1.6492984428776378,1.0
791,-17.45497127828004,1.7789595206200575,1.0
792,-17.166080934922917,1.9766211944450165,1.0
793,-17.32868298060933,2.174424414288574,1.0
794,-19.790403600550466,2.1958015089219423,1.0
795,-18.52637868428737,2.2529471874344087,1.0
796,-18.115201515850544,2.3331919741310494,1.0
797,-15.0783582211197,2.6355804611772644,1.0
798,-17.194605143076892,2.705524959888847,1.0
799,-11.897247143023442,3.266689409520469,-1.0
800,-13.595890541950098,3.522451645335243,0.0
801,-12.908254541390749,3.7563077209859737,0.0
802,-15.31434198058993,3.731492866401475,1.0
803,-16.827751088909586,3.574837447513323,1.0
804,-16.34896238628634,3.330896310496245,1.0
805,-15.531882477881702,2.9814382683546143,1.0
806,-15.07193485771628,2.6554231640524906,1.0
807,-15.468371702661289,2.4325322669073968,1.0
808,-14.38910580249501,2.2329804661187755,1.0
809,-13.047532768527816,2.0720795376853753,1.0
810,-13.689928494065498,2.087833903887815,1.0
811,-12.561751265143585,2.1613645436995417,1.0
812,-12.219455664359216,2.2413370887011768,1.0
813,-12.535634180997164,2.26299062618945,1.0
814,-11.900727373476885,2.063922257267178,1.0
815,-12.717638444419109,1.8849152885978822,1.0
816,-12.116647845763268,1.7193331689301674,1.0
817,-10.433317989615986,1.8755885027282622,1.0
818,-9.410424719816106,1.938201747102759,1.0
819,-9.100564425086247,2.1424041018045634,1.0
820,-10.226302857931174,2.2446131019085316,1.0
821,-7.963543851719564,2.5210966340488805,1.0
822,-8.214227071212306,2.6514275706808275,1.0
823,-8.57636926860934,2.581792568545819,1.0
824,-8.56712831857233,2.488678520161318,1.0
825,-8.582617032385471,2.4074236340637154,1.0
826,-8.382185921091562,2.324890929041786,1.0
827,-5.958687077543516,2.336466354540654,1.0
828,-4.797742837736379,2.482388832690813,1.0
829,-2.3001429429895808,2.9234550859283996,1.0
830,-1.7686175488570086,3.2265521150344316,1.0
831,-0.5547852649813905,3.6072198211784112,1.0
832,2.9821470759792845,4.280283218081938,1.0
833,4.446581403172885,4.882567512780601,1.0
834,6.263228383346842,5.514148047348306,1.0
835,6.061479110052318,5.86191762185953,1.0
836,5.71543150112899,6.053102349826512,1.0
837,4.829355319877635,6.156376524329022,1.0
838,4.408981407526113,6.198650763194664,1.0
839,17.520100514547877,7.443141377649369,1.0
840,17.557903038188044,8.218921529113334,1.0
841,18.116648742973467,8.895611009507771,1.0
842,19.673610791923004,9.458990162526272,1.0
843,21.727994837995844,9.938182058220043,1.0
844,26.305541137400542,10.578323154156413,1.0
845,31.472456954639057,11.399481785470638,1.0
846,35.990898338490354,12.292386618331,1.0
847,41.586385424973614,13.503162342147515,1.0
848,46.65763700719086,14.819212989216448,1.0
849,52.62518986585725,16.385700017012397,1.0
850,58.51126040533808,18.00622499702425,1.0
851,64.37292802967578,19.67332789118534,1.0
852,71.3722049749696,21.61333778059584,1.0
853,77.86851631387735,23.59001103465314,1.0
854,83.00226125667434,25.44848446002159,1.0
855,87.0772580079946,26.95780954271117,1.0
856,91.57899814101216,28.13587195213833,1.0
857,97.4423211420276,29.0240562692927,1.0
858,102.73272993262133,29.531217266464203,1.0
859,107.29633370874129,30.631407082715555,1.0
860,112.76692988009236,31.460029012039225,1.0
861,116.13880212013252,31.829823641490368,1.0
862,121.00955994248616,31.91318948781637,1.0
863,125.97164511021094,31.717792173711764,1.0
864,131.23268340064135,31.465533622640123,1.0
865,135.6818646391758,31.139029167551783,1.0
866,141.0029306089211,30.75070207241694,1.0
867,147.16634168704115,30.46757714806258,1.0
868,150.83014944867634,30.026038585382306,1.0
869,156.08241095337257,29.65806677639161,1.0
870,161.6108224064208,29.387262943172505,1.0
871,168.3662440287468,29.323472251941467,1.0
872,174.27340426617337,29.496338913046444,0.0
873,178.29768014240614,29.6956098291258,0.0
874,182.3101093156528,29.817759680303148,0.0
875,184.24174714250796,29.60898004336943,0.0
876,186.50430028874544,29.16128797289722,0.0
877,192.6256995731094,28.920901972938093,0.0
878,187.53995718161443,28.012894503411722,0.0
879,186.0106632927986,26.747680241512267,0.0
880,191.54070266209897,25.672232675778908,0.0
881,193.43892419441227,24.360531951204564,0.0
882,201.213399395086,23.355465567324963,0.0
883,204.059365778702,22.32369918611213,0.0
884,207.75070666089675,21.379579156023823,0.0
885,213.329747095762,20.60817604526143,0.0
886,215.01139947246497,19.78802571371288,0.0
887,216.230419281105,19.01263057222299,0.0
888,215.27662511338517,17.887288919854452,0.0
889,212.09024475331017,16.498591070399197,0.0
890,209.10591864168583,15.004425758290935,0.0
891,214.39719670068783,14.048817212359841,-1.0
892,210.64555207090297,13.10230825601443,0.0
893,211.94981275241508,12.293494930365451,-1.0
894,211.1692517929517,11.561857429153847,-1.0
895,214.0122402780524,10.888520251134032,-1.0
896,211.3872852886146,10.093143265656186,-1.0
897,210.20035740837068,9.627324226043827,-1.0
898,210.92329375944092,8.519000688957918,-1.0
899,210.01120412737072,6.771547890303061,-1.0
900,209.62831843134225,5.349183994959987,-1.0
901,207.3616559010955,3.7283515852725118,-1.0
902,207.71770784014493,3.075829602600924,-1.0
903,204.76655228950975,2.9934365422369402,-1.0
904,201.33153632762105,3.6492045119621332,-1.0
905,199.88308822995947,4.33765947856188,-1.0
906,195.35798169762288,5.299176357396367,0.0
907,194.67311890725077,5.94146003249593,0.0
908,193.7689262205704,6.493826264738159,0.0
909,191.8328944991565,7.202377514556176,0.0
910,192.67981734952053,7.746319324954873,0.0
911,195.99523589086493,7.687157175783824,0.0
912,195.42157332211272,7.775316039974454,0.0
913,194.6434980402077,7.748828318054836,0.0
914,197.4284844873079,7.5594710036854735,0.0
915,197.6232288820128,7.0546750246956496,0.0
916,197.3212416511765,6.669067292513228,0.0
917,197.35888237787088,6.28590958930402,1.0
918,198.52403162436008,5.715246976453438,1.0
919,197.94060609702035,5.115641236484705,1.0
920,198.44297952639997,4.404194475628174,1.0
921,199.72024175565065,3.845684761151199,1.0
922,200.7230182315421,3.130809470420633,1.0
923,200.5385184401583,2.712971871885463,1.0
924,201.0908059096492,2.6934892419870082,-1.0
925,200.7350783748127,2.7468894619167608,1.0
926,199.3760160936524,2.7603707139165077,1.0
927,197.00210655691208,2.6923673177617893,1.0
928,197.5583687675733,2.552470731980042,1.0
929,196.68569781720896,2.1789306306905587,1.0
930,197.48006644899735,1.814451571032625,1.0
931,199.7312246946164,1.7804680047903991,1.0
932,202.44394491171363,1.8794177378360046,-1.0
933,200.67176087234336,1.6813439603594171,-1.0
934,199.10380249206625,1.6444625155531272,1.0
935,197.32767611636095,1.6587852248071193,1.0
936,197.43243171065,1.653078666865698,1.0
937,208.6614358344973,2.6784798165182,1.0
938,212.61032918055972,3.9446289363004863,-1.0
939,211.27465060842565,4.6031652100228015,-1.0
940,214.90465589151148,5.516163571126237,-1.0
941,214.0549908579404,6.134667720157953,-1.0
942,214.1489158407333,6.646615174563705,-1.0
943,211.32710079000609,6.858642536196658,-1.0
944,209.4134997841993,6.945148916658022,-1.0
945,210.7091944750769,7.048357334760415,-1.0
946,209.89156011780625,7.030668205880911,-1.0
947,205.97325591514868,6.766595243796907,-1.0
948,206.9466507370716,6.502012113718797,-1.0
949,211.5119169392973,6.218418076119742,-1.0
950,209.9660816839312,5.851447252500894,-1.0
951,210.02532826429467,5.58769748053086,-1.0
952,205.95794038829928,5.460240389007674,-1.0
953,202.0727726038988,5.368195975795064,-1.0
954,196.6996261282451,5.603555914164556,1.0
955,200.80859096882017,5.298918455025833,-1.0
956,202.97612382443785,4.829117874878689,-1.0
957,203.93531223060887,4.935104175434979,-1.0
958,206.21473541260852,4.844789974155161,-1.0
959,201.28908088338332,4.9953132934831235,-1.0
960,204.87353600690653,4.701465860115075,-1.0
961,194.68937746249676,5.133316460939861,-1.0
962,193.70036240538175,5.4457736818132405,-1.0
963,194.14365283237692,5.734420082212096,-1.0
964,195.4480927104423,5.899943020932116,-1.0
965,194.03332800479973,5.989047252275995,-1.0
966,196.3180940008521,5.88237687534907,-1.0
967,192.25419411640175,6.1725769380839255,1.0
968,188.48167160407743,6.630661925785702,1.0
969,188.29734561920296,6.590924353628793,1.0
970,183.8534001921334,6.905918859785909,1.0
971,184.8304536422068,6.856947361029816,1.0
972,188.92951948128547,6.681445507540566,1.0
973,190.7026014218469,6.593134016955316,1.0
974,191.1755276678352,6.639199627837463,1.0
975,190.8409072666357,6.541591189292661,1.0
976,189.602903245972,6.292107390476076,1.0
977,191.80620838728936,5.818404096382766,1.0
978,199.4313521873657,5.174137965884674,-1.0
979,200.1837826639432,5.083065419790405,-1.0
980,197.90040824084508,4.395273005350979,-1.0
981,197.12170780560197,4.496445510036734,1.0
982,198.2622874735314,4.675219212099731,-1.0
983,201.74444740364623,5.090837421867324,-1.0
984,199.34664341568543,5.258915952649369,-1.0
985,200.3528016338194,5.492738472613377,-1.0
986,204.07341307568583,5.951415756910099,-1.0
987,202.59407057740384,6.237695674519195,-1.0
988,203.540773673474,6.383161125418671,-1.0
989,202.18953967812095,6.3448575827400635,-1.0
990,200.78179784965573,5.75121392760198,-1.0
991,196.3924935468688,5.022819447120258,-1.0
992,195.97808789024785,4.633164333876825,-1.0
993,197.0747308454304,4.336147535235585,-1.0
994,195.8271535079799,4.066060237674098,-1.0
995,193.4957600200042,3.848907701764168,-1.0
996,192.81234042807853,3.5159927088984135,-1.0
997,193.92256744001088,3.3293862034699484,-1.0
998,191.01206203443968,3.73332661350059,-1.0
999,186.28414127517587,4.554076513034925,-1.0
1000,187.50976594930395,5.0733238208709635,-1.0
1001,187.68176973277943,5.485346570604765,-1.0
1002,188.8536237196584,5.728284332580361,-1.0
1003,186.2287345570708,5.965565014843681,-1.0
1004,189.71832835902848,6.009947502547271,-1.0
1005,189.49562208486705,5.973760769973401,-1.0
1006,189.8937101788087,5.577761434042769,-1.0
1007,188.84121904671812,5.2437039771338325,-1.0
1008,185.64031106262289,4.83982450266827,-1.0
1009,185.66278990772676,4.395725711741829,-1.0
1010,183.56662759879583,4.086098431921221,-1.0
1011,178.866966527969,4.561144950174644,-1.0
1012,177.86913179990935,4.969555426424233,-1.0
1013,177.17923282727395,5.1533708056932825,-1.0
1014,175.75131400805762,5.399083808236085,-1.0
1015,179.37830528032214,5.361012030393123,-1.0
1016,172.7730573824185,5.834813901559961,-1.0
1017,168.77598223642207,6.444546777857915,-1.0
1018,164.448610424163,7.4796755473429535,-1.0
1019,156.90733753225544,9.302194758487136,-1.0
1020,151.2271200366391,11.249150118601245,-1.0
1021,146.94008374392322,13.116366309457952,-1.0
1022,141.28593746020215,15.010814464614132,-1.0
1023,133.6062624830547,17.289812979670913,-1.0
1024,124.32435858028664,19.749510570898515,-1.0
1025,114.95184386015993,22.451953533217463,-1.0
1026,105.996384738267,25.204223995668467,-1.0
1027,94.6488058344114,28.28144234910056,-1.0
1028,84.65699355884594,31.536394735617332,-1.0
1029,75.02974760870393,34.67233094622398,-1.0
1030,65.65234636761137,37.73259019021107,-1.0
1031,57.50908041140172,40.711345507963294,-1.0
1032,47.47678611919578,43.56358762469639,-1.0
1033,40.28608858399312,45.941628729254404,-1.0
1034,34.84143433796553,47.725058282193636,0.0
1035,27.82824177457067,48.659169116851324,0.0
1036,19.97627827751585,49.52147031529716,0.0
1037,12.63143751966642,50.05152897290209,0.0
1038,4.249778935818995,50.329903416961784,0.0
1039,-5.689153038030838,50.7240782613069,0.0
1040,-9.439898306508129,50.55060544000762,0.0
1041,-13.755765073249236,49.7458899521034,0.0
1042,-15.16321096155322,48.20426789736671,0.0
1043,-16.272340180644605,46.1248225557541,0.0
1044,-18.218050074977555,43.766310008792374,0.0
1045,-21.173212505553664,41.24950127601928,0.0
1046,-20.746755344840068,38.36037692640066,0.0
1047,-25.34457645222726,35.728900231271425,0.0
1048,-25.37871262094278,33.00339490635501,0.0
1049,-29.96131068121001,30.489231949939818,0.0
1050,-30.82147753900189,27.99547497805028,0.0
1051,-34.25030665847626,25.60196925919441,0.0
1052,-36.04903160093335,23.498252910174777,0.0
1053,-34.88746367201031,21.252373884798725,0.0
1054,-35.93289865455105,18.8157733282882,0.0
1055,-35.52989784002871,16.319068668283528,0.0
1056,-35.89518563789092,13.985333138805652,0.0
1057,-37.58844481853089,11.911724699391453,0.0
1058,-37.19088686018557,10.246683574066397,0.0
1059,-37.03707949660445,9.339441307341913,0.0
1060,-39.73160223813216,8.684273403750481,0.0
1061,-40.46757942996764,8.252204490880889,0.0
1062,-43.09192057677825,7.89672995437585,0.0
1063,-41.69858196520417,7.292584923865814,-1.0
1064,-41.90342927212464,6.652315058707768,-1.0
1065,-35.9893231570386,5.904205573121932,-1.0
1066,-37.724095124189645,4.88306581107087,-1.0
1067,-39.99373100169626,4.291299834085441,-1.0
1068,-40.48970955168008,3.471770109830926,1.0
1069,-41.24787490728205,3.1128472267929435,1.0
1070,-40.327607776073535,2.673769396224008,1.0
1071,-39.98717726506047,2.5135820915354095,1.0
1072,-40.87866672626109,2.4835634890780125,1.0
1073,-37.62666874190177,2.3221005678006437,1.0
1074,-35.08064995098104,2.3885370227303913,-1.0
1075,-35.59874801929483,2.3833558994371007,-1.0
1076,-35.97954336034917,2.3776819389272705,-1.0
1077,-34.32178080054646,2.581859456923232,-1.0
1078,-34.23558634814184,2.758434544746518,-1.0
1079,-33.933469863986886,2.9367046937324623,-1.0
1080,-38.55826865699888,2.9228165864725826,-1.0
1081,-47.6698263986152,3.558225651557682,-1.0
1082,-52.858557745581294,4.671766973540101,-1.0
1083,-52.78704500054171,5.546775607385221,1.0
1084,-52.51755938236481,6.2195855250223335,1.0
1085,-55.80247169705992,7.009468231333965,1.0
1086,-60.97099895426712,8.197870928094416,1.0
1087,-59.06563660184871,8.95955004509394,1.0
1088,-57.482693376523855,9.451590255878259,1.0
1089,-58.69580477235604,9.942986724762394,1.0
1090,-50.46909210570148,9.939006715334498,1.0
1091,-53.80516369389935,9.999170644086812,1.0
1092,-54.17466773498394,10.053426489423861,1.0
1093,-42.848541372799545,9.860913792908592,1.0
1094,-40.06597334982348,9.594033104053308,1.0
1095,-39.50081426202931,9.374464988691996,1.0
1096,-35.56000610282676,9.40270391177348,0.0
1097,-36.82216182811942,9.229566207734921,0.0
1098,-39.26159131352529,8.900751329454975,1.0
1099,-39.03748378715841,8.537675542106685,1.0
1100,-49.37588039736514,8.21819923197612,1.0
1101,-46.680913058741965,8.229202292756947,1.0
1102,-43.99542354330491,8.24282875124627,1.0
1103,-40.296272333851846,8.368841373813176,1.0
1104,-47.38273677341756,8.295634221228154,1.0
1105,-43.29272793593009,8.111388949118867,1.0
1106,-35.25822112593835,7.802145525421151,-1.0
1107,-41.62279785902459,7.1735907869798785,1.0
1108,-28.519064289396383,7.394687316360048,-1.0
1109,-29.204311515201866,7.104776044568746,-1.0
1110,-23.726413101087587,7.873877617653808,-1.0
1111,-28.164281442135348,7.682298180584701,-1.0
1112,-30.0424730906456,7.084991596033114,-1.0
1113,-25.535376025191688,7.51053850667273,-1.0
1114,-32.08040450147708,7.560424861837117,-1.0
1115,-38.16501431265982,7.540886896769667,-1.0
1116,-45.33273096290455,7.776011221546946,-1.0
1117,-40.54872105762927,7.811305526208791,-1.0
1118,-50.06716916454502,8.306568782705723,0.0
1119,-50.99201147658823,8.806550690639835,0.0
1120,-51.5749012990094,8.961659947313484,0.0
1121,-46.7060325426671,8.962850218405627,-1.0
1122,-45.44763947579095,9.014378811360327,-1.0
1123,-49.17480133962691,9.310971403261679,0.0
1124,-53.294524625507776,9.673152246181738,0.0
1125,-56.71934680586806,10.393859191838498,0.0
1126,-51.877750160599874,10.646924715506787,0.0
1127,-49.39758193500586,10.813803363585182,0.0
1128,-51.16675497478416,10.585220580346306,0.0
1129,-52.88107452869747,10.345870968348486,0.0
1130,-61.10317512563856,9.925801601748658,1.0
1131,-55.75940740837724,9.284432432809327,0.0
1132,-53.238484413947546,8.48285953124462,0.0
1133,-47.12250915727584,6.640129808985576,0.0
1134,-49.39887903205404,5.291679723063841,1.0
1135,-49.978166968419046,4.501630541268036,1.0
1136,-52.78867862392606,4.349581332761251,1.0
1137,-53.58853730624237,3.623184797793308,1.0
1138,-47.95367536646117,3.700663507731447,1.0
1139,-52.47870996870006,3.704678641964285,1.0
1140,-53.43504446200163,3.727754878097826,1.0
1141,-48.0842728466137,3.642824192321385,1.0
1142,-46.14923090894736,3.581863930973088,1.0
1143,-48.80795828715698,3.596812432066152,1.0
1144,-45.57435101693727,3.8302804117635505,1.0
1145,-46.4972173017828,3.7610168441549003,1.0
1146,-46.29808506934378,3.8867099975333534,1.0
1147,-46.09151179865648,4.0082765715190245,1.0
1148,-47.27961035752223,4.064004946700914,1.0
1149,-42.141775986048685,4.390977316526529,1.0
1150,-45.06374208137298,3.587714478971207,1.0
1151,-47.60427669393245,3.208902233350571,1.0
1152,-45.18953728419473,3.082790611735665,1.0
1153,-42.999471042599154,3.2813890645828954,1.0
1154,-38.00312121268685,3.9277055344745775,1.0
1155,-37.22771445758019,4.467832944803067,1.0
1156,-37.13529827998215,4.7031086849758825,1.0
1157,-38.23014396803451,4.6315562779091,1.0
1158,-38.36774476131866,4.814423864997988,1.0
1159,-35.67365432807959,4.839460030606815,1.0
1160,-33.825786513327714,4.769006493768999,1.0
1161,-33.54675128317672,5.024218085038429,1.0
1162,-33.03974061351461,5.31298083410273,1.0
1163,-29.259209620360124,5.670370036271479,0.0
1164,-32.083005841876954,5.829242934281894,1.0
1165,-32.80659488218663,5.802444040344257,1.0
1166,-33.759603688506544,5.658614605171391,1.0
1167,-34.18393116376575,5.436167875395743,1.0
1168,-32.2238791245897,5.09655120988056,1.0
1169,-27.03312134152533,5.422090580428164,0.0
1170,-25.905158658866952,5.495865389041883,0.0
1171,-22.92577775866583,5.381928073264044,0.0
1172,-25.87232929294652,5.021733997368408,0.0
1173,-24.795856669895315,4.797782348403018,0.0
1174,-25.05524077245225,4.860163729133548,0.0
1175,-23.247532432033,5.018134400852788,0.0
1176,-24.35687880295129,5.002424899153556,0.0
1177,-26.60765419586141,4.6998098906299655,0.0
1178,-24.70702109936873,4.358435438461699,0.0
1179,-25.180857947651266,4.14487625972252,-1.0
1180,-26.455094394257173,3.972456731889101,-1.0
1181,-27.16458300402897,3.7673544295439805,1.0
1182,-26.72894930806038,3.5672903070735114,1.0
1183,-29.695291195951228,3.579806352243962,1.0
1184,-29.74112877048387,3.459649949358619,1.0
1185,-28.15460491003704,3.227172394629523,1.0
1186,-24.510923509329245,2.880185975018222,-1.0
1187,-23.898527175485384,2.347730073222832,-1.0
1188,-21.197915502292236,2.148036519372935,-1.0
1189,-21.994875420150024,2.2706710330637874,-1.0
1190,-23.875701170151142,2.2926102884236137,-1.0
1191,-26.317460581590296,2.2317298208587126,-1.0
1192,-25.44796790355105,2.229799109326198,-1.0
1193,-24.741336029150705,2.230682698460678,-1.0
1194,-26.388909966297447,2.2380576114273176,-1.0
1195,-25.16060355158723,2.175808049192618,-1.0
1196,-28.11504038403584,2.223083901238484,-1.0
1197,-27.0109100561036,2.232562846067641,-1.0
1198,-31.00787078332648,2.495652921944862,-1.0
1199,-37.69796141028949,3.5775935846838443,1.0
1200,-32.277820545801674,3.782097652537923,-1.0
1201,-34.88948270656199,4.168443312317836,-1.0
1202,-41.85961579082556,5.261752403940705,1.0
1203,-40.68504753133108,5.95445056543249,1.0
1204,-39.87411966850982,6.453520549357332,1.0
1205,-38.723279473318826,6.782935824425095,1.0
1206,-39.026708089550965,6.963248593974862,1.0
1207,-37.21459124618376,6.934413272100297,1.0
1208,-35.033462353789204,6.567063245465176,1.0
1209,-38.349539746194935,6.28526379213111,1.0
1210,-41.25529994880712,6.20413494867414,1.0
1211,-41.006820936618425,6.171782377390033,1.0
1212,-40.5029591313027,5.950959014910237,1.0
1213,-36.39434377137633,5.437789679483432,1.0
1214,-37.88449313628061,5.000229191592374,1.0
1215,-36.14096516074606,4.274670287394088,1.0
1216,-36.35804281946102,3.7656201356067642,1.0
1217,-35.74746816537042,2.9433124531879096,1.0
1218,-33.87298183360292,2.6620413228138786,1.0
1219,-33.50416698552419,2.82565166344043,1.0
1220,-30.838549989755435,2.9805382098445894,1.0
1221,-29.39862091686858,3.4461148890427764,1.0
1222,-24.60519891310166,4.274170653750617,1.0
1223,-26.87290715393425,4.632723046838763,1.0
1224,-27.35489849815868,4.868881855331318,1.0
1225,-23.904287974263937,5.374464444336062,1.0
1226,-21.24304397068593,5.981713861616896,1.0
1227,-21.4878678306153,6.4644972740061295,1.0
1228,-22.940030628827813,6.781516335570028,1.0
1229,-21.544495568331897,6.989102659048301,1.0
1230,-19.625398217916043,7.015403884771995,1.0
1231,-16.42002585489243,7.149383996572816,1.0
1232,-13.631660109777869,7.362414704200996,1.0
1233,-10.787276594383584,7.936349273265948,1.0
1234,-10.704821817531752,8.155737214547765,1.0
1235,-5.31955100380371,8.796549002298498,1.0
1236,-5.772372253821757,9.063026779428188,1.0
1237,-4.36010248399208,9.232831723413986,1.0
1238,-3.883883673698023,9.331669171264801,1.0
1239,-2.6836799744738755,9.304777463151545,1.0
1240,1.5681238191178295,9.61552493813928,1.0
1241,2.518877705230409,9.8418612140808,1.0
1242,3.278881110781711,10.221132305485877,1.0
1243,4.849169035332665,10.343497538175892,1.0
1244,7.138806434044824,10.343853582708993,0.0
1245,8.272057650255604,10.446035175506333,0.0
1246,6.93294822556922,10.414680672287519,1.0
1247,8.706651130544287,10.274056276233472,1.0
1248,10.15608047283756,9.841252593387107,1.0
1249,10.399643736042236,9.25934963418596,1.0
1250,10.579865213183268,8.580394909110549,1.0
1251,10.573709665370828,7.9549124511371065,1.0
1252,11.737146438206963,7.43917982697053,1.0
1253,13.782358228640971,7.1236452825135075,1.0
1254,14.316239275638551,6.6040274035087725,1.0
1255,16.102226206938298,6.555404747982573,1.0
1256,16.74183413724161,6.318154341013467,1.0
1257,17.05091774799895,6.039809816321851,1.0
1258,17.292257437563876,5.612821664188351,1.0
1259,19.394642296840715,5.257451695490365,1.0
1260,21.676117541750983,5.366984253297439,1.0
1261,20.7459808976604,5.295317054248829,1.0
1262,19.963953676098257,5.078250182175355,1.0
1263,19.69193746416124,4.854712222225796,1.0
1264,19.401859155096105,4.706333330449236,1.0
1265,20.15614093838433,4.604366692144547,1.0
1266,23.973500326226517,4.556804327707626,1.0
1267,30.33336597492307,5.221957740047632,1.0
1268,33.93466467623311,6.1563114251203785,-1.0
1269,38.44191478876267,7.322936809333986,-1.0
1270,36.8688616298376,7.917169115435538,-1.0
1271,27.293361328251564,7.623464592233947,-1.0
1272,25.744705115395988,7.27162815085969,-1.0
1273,30.3310162146292,7.150558123163052,-1.0
1274,24.26156713104629,6.818371932475729,-1.0
1275,16.21210144337003,6.81173999429789,-1.0
1276,13.70788226825232,7.012148309880096,-1.0
1277,10.063542773083626,7.522829645632995,-1.0
1278,9.3996429425097,8.052566334212566,-1.0
1279,8.720889448759237,8.641804609879882,-1.0
1280,6.973066647968807,9.318600366879384,-1.0
1281,3.040867344024761,10.222266524696133,-1.0
1282,3.8509940441981314,10.913633518097535,-1.0
1283,1.5324825346867073,11.679645428974133,-1.0
1284,-2.130306409983845,12.616091945467169,-1.0
1285,-4.744615314554139,13.596757929683264,-1.0
1286,-6.4279664715654405,14.436672452304744,-1.0
1287,-13.107948577860595,15.308582870254227,-1.0
1288,-15.608126159447336,15.777722514291206,-1.0
1289,-15.57532543170366,15.401588730300986,-1.0
1290,-24.928703590922268,15.50793418082573,-1.0
1291,-28.554842276140946,16.27823707457902,-1.0
1292,-34.06481167183961,17.18192547716327,-1.0
1293,-40.36346280074126,17.693266150905572,0.0
1294,-42.68500165473273,18.30999940539823,0.0
1295,-48.474921125962894,19.529989702083288,0.0
1296,-48.6678365386432,20.345344110255457,0.0
1297,-47.89142340925,20.845556350093663,0.0
1298,-46.7454466913597,20.8857634247552,0.0
1299,-48.75318470386193,20.70928798841318,0.0
1300,-49.25245089829009,20.28595652906728,0.0
1301,-52.77740930009918,19.993516126771514,0.0
1302,-50.288016353763865,19.05907295543775,0.0
1303,-54.25112598039894,18.10948584629829,0.0
1304,-52.2725414933242,16.93208510675283,0.0
1305,-57.50638712072946,15.836289325834306,0.0
1306,-59.3123628425016,14.484702083787115,0.0
1307,-60.97480194331747,13.455084851825976,0.0
1308,-65.1502904276638,12.488885113282214,1.0
1309,-63.56180274407102,10.73692984658608,1.0
1310,-66.36048191428821,9.843721331265412,1.0
1311,-64.49746941814438,8.773159218229639,1.0
1312,-60.73583788300462,7.761348847210787,1.0
1313,-60.95573088237085,7.198982788957265,1.0
1314,-63.58989618390359,6.815725674394067,1.0
1315,-60.5512658602588,6.63715537532773,1.0
1316,-58.01194482084561,6.364933736008374,1.0
1317,-60.42717976043939,6.010277354732312,1.0
1318,-58.33183939620229,5.418005860027589,1.0
1319,-55.85823699332951,4.967937065458339,1.0
1320,-53.96117006942156,4.592357454093474,1.0
1321,-52.283951371061846,4.628554905774878,1.0
1322,-55.4445006089873,4.2490659231441406,1.0
1323,-51.100184613139504,4.493668809756457,1.0
1324,-48.21611162957505,4.88951137447604,1.0
1325,-45.65707415896416,5.709028259090814,1.0
1326,-45.85809809370534,6.335459056251008,1.0
1327,-47.85114727105329,6.637384173526996,1.0
1328,-51.61261733899417,6.441295269129198,1.0
1329,-53.118738250875325,6.236840879757024,1.0
1330,-49.61463077734832,5.8451028261580555,1.0
1331,-50.74748607234335,5.450132301350038,1.0
1332,-53.556768563464175,5.228678869523315,1.0
1333,-42.73734813320665,5.503054933793747,1.0
1334,-39.24267071664751,5.70912896519479,-1.0
1335,-37.2099635342601,6.1733357441488685,-1.0
1336,-39.42071139735731,6.385410124578961,-1.0
1337,-38.77924883407744,6.289787469055126,-1.0
1338,-37.44058674962099,6.3110143017068205,-1.0
1339,-36.49101366608764,6.4431647927752715,-1.0
1340,-34.1633235659979,6.752702998341872,-1.0
1341,-43.34744311033657,6.575422715672749,-1.0
1342,-44.21762838564405,6.10658413410642,-1.0
1343,-42.89926947754327,5.913713338703171,-1.0
1344,-48.42378948181644,5.921481635301649,-1.0
1345,-53.07579889249712,6.246323383149046,-1.0
1346,-52.54662223876781,6.497407063501327,-1.0
1347,-53.03423961176733,6.723885754128718,-1.0
1348,-54.36654369626696,6.890747986753717,-1.0
1349,-54.95032202374742,7.012323434067667,-1.0
1350,-59.59968326133965,7.6602038783556665,-1.0
1351,-63.42442760277868,8.56149834646587,-1.0
1352,-70.93827846619057,10.07047740450549,0.0
1353,-73.44076696405979,11.56517965570491,0.0
1354,-77.28412200568523,12.947481435407552,0.0
1355,-73.65621170119321,13.494360835639208,0.0
1356,-72.33993120000464,13.809400031706287,0.0
1357,-71.43816784011608,13.818268689014806,0.0
1358,-75.55431793085394,13.773294775588782,0.0
1359,-76.76948651172731,13.440463221574536,0.0
1360,-73.51258029540173,12.32826555262934,0.0
1361,-75.6081297870567,11.897975167884562,0.0
1362,-77.9129297019518,11.421739263760763,0.0
1363,-76.83102437948223,10.437778717996833,0.0
1364,-73.86381473445759,9.605750286998454,0.0
1365,-72.21639103909311,8.972426369425014,0.0
1366,-74.23352976590436,8.157297306687713,0.0
1367,-75.46326335984635,7.178033197537554,1.0
1368,-77.90751531463599,6.131364231052316,1.0
1369,-80.09071759507489,4.812185186037282,1.0
1370,-76.85241042032084,3.550572426013888,1.0
1371,-71.50706250349705,2.5451988349630863,1.0
1372,-70.50529730951368,2.5819863933660403,1.0
1373,-68.33616046827689,2.9540466847728304,-1.0
1374,-64.50933414736292,3.642651775796339,-1.0
1375,-67.06367795695164,3.955959882282338,-1.0
1376,-65.43054537676815,4.355663791813285,-1.0
1377,-70.42121935140369,4.384143393353129,-1.0
1378,-70.27821270239622,4.395612011674801,-1.0
1379,-68.95932027176113,4.3868133828631315,-1.0
1380,-73.72044067718275,4.389396634642222,-1.0
1381,-76.61458730871126,4.431441247390545,1.0
1382,-72.65206558519264,4.254315804349832,-1.0
1383,-72.68798336127338,4.124703736343704,-1.0
1384,-75.85399569531731,4.191296856952467,1.0
1385,-74.43382568487871,4.219174161953274,-1.0
1386,-73.72930614938173,4.208985056642473,-1.0
1387,-70.74483281645655,4.15726704344513,-1.0
1388,-68.52225036452037,3.995547355643562,-1.0
1389,-70.21743345013027,3.4729811721682187,-1.0
1390,-71.27709187367984,3.2047424150196915,-1.0
1391,-72.31119166635443,3.2181292412112206,-1.0
1392,-72.46404487029693,3.234816567639051,-1.0
1393,-74.14927507120049,3.2429416778969276,-1.0
1394,-80.88579028270794,3.495222422910035,1.0
1395,-76.92099632916546,3.4391171307047865,1.0
1396,-73.70759322724342,2.999088314907079,-1.0
1397,-74.97223103354455,2.9633650443455006,-1.0
1398,-81.11622581656454,3.3553643018721258,1.0
1399,-77.33871649968856,3.240698555489386,1.0
1400,-79.28006606679818,3.428934142705428,1.0
1401,-81.11446299383184,3.7114021820379506,1.0
1402,-77.61449032060901,3.7317717577412504,1.0
1403,-78.1834216843439,3.757355991824192,1.0
1404,-76.12466799428202,3.760163297638416,1.0
1405,-77.19193690758274,3.7789763867616513,1.0
1406,-74.18315269106984,3.769809914857368,1.0
1407,-74.6484931288783,3.6130265401758432,1.0
1408,-73.83651445864257,3.240449409022616,1.0
1409,-71.45503179897503,3.1368483559171914,1.0
1410,-70.51405134527121,3.2005242344958265,1.0
1411,-69.67239555332424,3.404195258459849,1.0
1412,-69.17821908330052,3.6429894983703495,1.0
1413,-67.53531241168525,4.058528778040955,1.0
1414,-67.0340101419986,4.228751731061157,1.0
1415,-68.13849196192575,4.424453210200825,1.0
1416,-63.614501634966444,5.013064017299912,1.0
1417,-60.00059205899458,5.851028965237838,0.0
1418,-59.80781433740199,6.203449106782942,0.0
1419,-57.44171509479199,6.83562321563858,0.0
1420,-55.48680781138859,7.339224744304681,0.0
1421,-55.74860298379343,7.442749131252336,0.0
1422,-56.653448707974746,7.547623944411921,0.0
1423,-56.42811744044195,7.467217565581358,0.0
1424,-56.78500826420199,7.370679014254308,0.0
1425,-57.74330482055981,6.987689662621862,0.0
1426,-55.745115882644654,6.828984371203808,0.0
1427,-57.63952839949343,6.39633558939196,0.0
1428,-57.45124684849651,5.901159437913053,0.0
1429,-55.57983680944696,5.5793841591254045,0.0
1430,-56.212152912124026,5.186333701007206,0.0
1431,-57.09939622772816,4.717916912782912,1.0
1432,-60.21837614750285,4.14815017801121,1.0
1433,-56.81814036244532,3.668032519609461,1.0
1434,-58.612499482358174,3.0835589503896212,1.0
1435,-58.677218152023215,2.0118487899635356,1.0
1436,-58.55967580660021,1.4736946116283491,1.0
1437,-57.107178057333584,1.3450267197265886,1.0
1438,-56.99970064630233,1.2080369941342204,1.0
1439,-54.44252919383408,1.3480078781724638,-1.0
1440,-55.4092735473219,1.3526932230415278,1.0
1441,-55.24007740236493,1.3818496653757448,1.0
1442,-56.7622063320797,1.3807474361919634,1.0
1443,-57.03461743407868,1.374715911666061,1.0
1444,-56.4953582333622,1.37869599963519,1.0
1445,-55.615045959394735,1.3996597632975454,1.0
1446,-52.14488803103299,1.7434093681368006,1.0
1447,-53.153381385114216,1.8986549730241957,1.0
1448,-51.97498841002974,2.132002069345213,1.0
1449,-51.46550887013473,2.3798722733864963,1.0
1450,-48.4633946331868,2.914555189379216,1.0
1451,-44.75697098065535,3.765959143209506,1.0
1452,-45.323297253558,4.133989612256565,1.0
1453,-38.874443823935536,5.323836655687494,1.0
1454,-37.71060474496815,6.214619657747174,1.0
1455,-37.91255983710258,6.801765354117592,1.0
1456,-36.38214720326931,7.337840741119228,1.0
1457,-36.18544364500198,7.774167240968148,1.0
1458,-32.05135734001368,8.417744754903826,1.0
1459,-8.23864847930804,12.067806796898115,1.0
1460,-4.5648771927878045,14.90551312437441,1.0
1461,-2.3911304530097084,17.141471850643722,1.0
1462,2.3702120765651102,19.148391043623676,1.0
1463,8.61031364457051,21.132344032965893,1.0
1464,13.511142121687584,22.95330697072591,1.0
1465,20.231191124543614,24.800355398214915,1.0
1466,27.62877330635752,26.84750076497476,1.0
1467,32.7831445679347,28.56507787696418,1.0
1468,39.265680498900025,30.18709655961745,1.0
1469,47.53735207412059,31.793962893073193,1.0
1470,56.16563677149239,33.52744328883421,1.0
1471,63.59941493975074,35.27260231002297,1.0
1472,69.76362017142674,36.57754540551631,1.0
1473,74.01211633041008,37.75867744815057,1.0
1474,81.27082507207153,38.70920612393069,1.0
1475,88.76449211455166,39.27481738182244,1.0
1476,97.17518307408486,39.59079739885155,1.0
1477,97.06942186413788,38.721691058562165,1.0
1478,102.55139455233171,37.46815550707611,1.0
1479,104.70340527253867,37.47657318190528,1.0
1480,108.3745954013498,37.17055451090044,1.0
1481,110.36643083037328,36.2848925078857,1.0
1482,113.9247987124673,35.14581244698795,1.0
1483,119.02096459975368,34.001180445254214,1.0
1484,125.80496214950476,32.84555864069115,1.0
1485,130.17529768714917,31.67132958130546,1.0
1486,134.49408425530387,30.567359270777896,1.0
1487,139.89562300587613,29.40559171054815,1.0
1488,144.50709774277573,28.264281500649464,1.0
1489,148.58378668988635,27.32198933277873,1.0
1490,153.595833813679,26.74032478672811,1.0
1491,158.00648550752155,26.377397634474057,1.0
1492,165.79173758097335,26.42983738416764,1.0
1493,172.68798732420103,26.621462949578284,1.0
1494,177.9615510001139,27.06897525285199,1.0
1495,172.21121760164425,26.861952896798986,1.0
1496,170.65354869458247,26.606244192812643,1.0
1497,174.17606753156724,26.016443312329233,1.0
1498,175.0445403704307,25.36465538475033,1.0
1499,179.64367851624343,24.62312302451144,1.0
1500,183.29297882938675,23.844527812106804,1.0
1501,190.17813551014729,23.09005828689195,1.0
1502,194.1721808059509,22.26306121615028,1.0
1503,200.03732831127417,21.682602424430524,1.0
1504,204.5183247426569,21.42274372998752,1.0
1505,208.04855972727648,21.169416175910833,1.0
1506,212.53559605433503,21.011424747973532,1.0
1507,217.4578397876581,21.10071588306316,1.0
1508,225.3576140032066,21.649347739462378,1.0
1509,229.75430824457655,22.222326247280588,1.0
1510,236.69825910900903,23.15029016945596,0.0
1511,241.48401586200268,24.125529013424316,0.0
1512,252.04357133843516,25.96981431968121,0.0
1513,259.3754035947464,28.155847990895058,0.0
1514,264.3582771120452,30.297874262648637,0.0
1515,264.744596502937,31.342770930096183,0.0
1516,262.765368379493,31.378005276695422,0.0
1517,249.27859929287612,30.231552548353466,0.0
1518,249.37590289340196,28.610964499011555,0.0
1519,247.20381659675465,26.745426324194398,0.0
1520,246.7033989049172,24.638293400566983,0.0
1521,249.7209094327272,22.740815223797767,0.0
1522,250.90614871578964,20.72655213293168,0.0
1523,247.66394626338092,18.697196735287168,0.0
1524,247.2957051126796,16.637576244456387,0.0
1525,253.5605172874248,14.569451068372146,0.0
1526,251.8830556945968,12.389601668229725,0.0
1527,252.22109408253647,10.218945353485156,1.0
1528,253.4757355484124,8.580625317170934,1.0
1529,255.6013037443593,7.107544938685363,1.0
1530,258.2444533204758,6.279910854402692,1.0
1531,261.55201602632724,5.955509538784253,-1.0
1532,261.40079618386665,6.165933634007924,-1.0
1533,263.04733636337426,6.374081071566378,-1.0
1534,260.5848007364528,6.119231840302905,-1.0
1535,264.4191942344181,6.090536998834246,-1.0
1536,268.26023880664627,6.593527579348481,-1.0
1537,268.6066600201676,7.161435116177594,-1.0
1538,260.9375903283505,7.100108820007706,-1.0
1539,259.4763913731753,6.809300554432913,-1.0
1540,249.0287446542855,6.646121210863084,1.0
1541,247.4678073595824,6.791616997577244,1.0
1542,249.092060033046,6.885679254933408,1.0
1543,250.77265618654573,6.703867931250849,1.0
1544,253.7433961869324,6.366975577503858,1.0
1545,257.21532261620285,6.310158133380203,0.0
1546,260.1700195959773,6.20335120466779,0.0
1547,258.30392736661423,6.064758196576616,0.0
1548,262.42246500428865,6.037944194511492,-1.0
1549,262.7508519409183,6.067783406865045,-1.0
1550,263.4864522188393,6.151754579895392,-1.0
1551,265.2872843725813,6.2842081241322925,-1.0
1552,264.98497392126365,6.396658429195163,-1.0
1553,263.19757278242787,6.401126499618755,-1.0
1554,257.6801095210192,6.4084149964872745,0.0
1555,261.13318853739736,6.313439358594027,-1.0
1556,262.18298080186287,5.992561936476977,-1.0
1557,263.36535139181115,5.6504332005342075,-1.0
1558,264.9547289777415,5.8058547432371705,-1.0
1559,265.1628561765272,5.975631933870172,-1.0
1560,265.016642152051,5.61298906186666,-1.0
1561,264.3753055674645,4.861895681117114,-1.0
1562,262.1678767237595,4.0150157258334875,-1.0
1563,260.7432204371958,3.1492198560171984,-1.0
1564,259.2955984664974,2.584917940659923,-1.0
1565,259.6863243209299,2.3857691814292448,-1.0
1566,254.09496700653096,2.9851371469464176,-1.0
1567,254.1539243652401,3.375376134777555,-1.0
1568,252.83655164268032,3.9200452515880633,-1.0
1569,257.274393035735,4.005747244412289,-1.0
1570,256.38345580015226,4.0926696663817985,-1.0
1571,257.11052734707545,4.017910997357743,-1.0
1572,258.11712264906845,3.886882059231789,-1.0
1573,257.40098127338155,3.847630317537821,-1.0
1574,255.44158258954585,3.9396175899557173,-1.0
1575,248.6954836667789,4.601732935691182,-1.0
1576,245.65415935261888,5.400376823957049,1.0
1577,248.4883673826477,5.655030728095549,1.0
1578,246.37785233012733,5.8625018268876845,1.0
1579,245.93838176700672,5.929878802747935,1.0
1580,241.57047178700208,6.250611896108064,1.0
1581,247.21174873484443,5.964822045804769,1.0
1582,249.84129841564507,5.642820283584254,1.0
1583,249.1569518699224,5.374494179248682,1.0
1584,253.6482154905302,5.126741398253275,-1.0
1585,245.1636835601905,5.000864570476386,1.0
1586,246.03752244686007,5.081648179102118,1.0
1587,247.7566921705572,5.0623900856701685,1.0
1588,253.43562439547975,5.078656214689427,-1.0
1589,257.25291404123834,5.0771581732154205,-1.0
1590,252.69956928837456,4.918115237068988,-1.0
1591,250.6507864894714,4.655885202758741,-1.0
1592,247.4164675720553,4.276662716801437,1.0
1593,248.32024487726676,3.853938119771984,1.0
1594,249.13305763709204,3.5482833729723895,-1.0
1595,243.0868342990971,3.765514219605924,1.0
1596,246.80251926744057,3.729347745881836,1.0
1597,245.79786072826371,3.7779779671777094,1.0
1598,245.38897678765665,3.8116729895904893,1.0
1599,249.0027827777737,3.7724790266105104,1.0
1600,257.93325121659063,3.9670030285521802,1.0
1601,262.75267255758706,4.941507656999852,1.0
1602,267.45778354377785,6.2867119553138116,1.0
1603,280.1420312728661,9.038558560654044,1.0
1604,283.3559650435854,11.376841537128382,1.0
1605,291.71127399181205,13.948901166752163,1.0
1606,294.3822867802066,16.098863160224045,1.0
1607,296.0922347933459,17.89381451691389,1.0
1608,304.78448696759625,20.257752495952957,1.0
1609,310.6314222746822,22.728152033944834,1.0
1610,313.7287245797786,24.79779225697788,1.0
1611,319.439994641059,26.74993102443842,1.0
1612,333.78669975610325,29.277192924282577,1.0
1613,350.1766561612019,32.65568462464898,1.0
1614,370.6184546298371,37.15448573585155,1.0
1615,381.9966242124893,41.0287364929938,1.0
1616,391.6855243795391,44.646357297554026,1.0
1617,403.4283206696407,47.89683333024746,1.0
1618,402.09963867643336,49.489355457595664,1.0
1619,414.7315807957109,51.130132547833796,1.0
1620,422.1727203269206,52.69539686323946,1.0
1621,429.7973736598495,53.90613613474545,1.0
1622,437.5684696507441,54.75470868164412,0.0
1623,443.6159105328675,55.71666236267106,0.0
1624,437.452099738931,55.243229976656565,0.0
1625,447.7514098589869,54.99519545709182,0.0
1626,448.7529594524167,53.86240809277071,0.0
1627,453.163407539796,51.93797304093834,0.0
1628,460.2721181830482,49.974150448110606,0.0
1629,472.804021218156,48.06221639831815,0.0
1630,476.95261086764594,45.20840990052088,0.0
1631,470.6881662957396,40.836052436353725,0.0
1632,475.83595798120353,36.74717911333975,0.0
1633,487.7338894416919,33.86360207972409,0.0
1634,488.4331996623561,32.004229773966564,0.0
1635,490.0095413357473,30.35526260789603,1.0
1636,499.139787340776,29.404895895876912,1.0
1637,513.9765467214211,29.95741339608721,0.0
1638,503.7164777598274,28.440819854953507,1.0
1639,486.92495740665976,26.403269788988627,1.0
1640,490.3319245677426,24.604282471378166,1.0
1641,487.2505689614936,22.864136653776093,1.0
1642,487.5038247787272,21.399835991008533,1.0
1643,497.6825401960927,20.473170977466726,1.0
1644,488.3479372030305,18.08451659931844,1.0
1645,493.04787340970137,16.412607805526587,1.0
1646,497.8457116115067,14.47943979990665,1.0
1647,514.9917511894195,13.658045471585305,1.0
1648,504.3681142833223,12.231495005642087,1.0
1649,528.0357865942847,13.93351292322197,1.0
1650,516.439241204087,14.165441993353989,1.0
1651,516.8595895066728,13.552513381837484,1.0
1652,515.4168660594802,12.957351329183068,1.0
1653,520.2630123837566,13.319920271468582,1.0
1654,523.5365987230352,13.74023173123623,1.0
1655,537.8839847948808,15.29623123502303,-1.0
1656,550.3162840464807,18.083437119028087,-1.0
1657,523.0465210281541,18.333747935418376,1.0
1658,525.0730482500559,18.617883515873395,1.0
1659,532.3422057289345,18.390505588816406,-1.0
1660,539.9630734112013,18.58514135153963,-1.0
1661,539.3870164128543,18.137499378283692,-1.0
1662,540.7266851220332,17.375074295308067,-1.0
1663,548.3732205209351,17.60115146590039,-1.0
1664,554.7702952116562,17.012397606789936,-1.0
1665,543.9999491696105,15.549024995031894,-1.0
1666,532.7246940533814,13.761721423881376,-1.0
1667,532.4728517421429,13.276437936672359,-1.0
1668,512.7130204617115,12.493536331277591,-1.0
1669,519.2713291645036,12.779890891837367,-1.0
1670,525.852586047425,12.371410314136435,-1.0
1671,519.024938942665,12.24305182016827,-1.0
1672,510.6619313666226,12.619502752793178,-1.0
1673,500.8412297460822,14.189103860385035,-1.0
1674,480.4930146412513,18.06084469238769,1.0
1675,484.7637678261218,20.366470235384163,1.0
1676,486.7761272244256,21.28282160815315,0.0
1677,483.664595606954,22.998240222262123,0.0
1678,478.5312359222376,24.81484076815713,1.0
1679,492.3749168159196,25.235958009839656,0.0
1680,499.1137531045956,24.87640429421374,0.0
1681,507.02225995706186,24.20400799622048,0.0
1682,515.6176521258917,23.308879472508995,-1.0
1683,517.6272066138936,21.704396860868215,-1.0
1684,510.36591446786326,18.973986970760034,-1.0
1685,510.8767734356211,16.97907618920681,-1.0
1686,501.81581296271673,15.787174874932207,-1.0
1687,507.4788195586275,14.382597554249607,-1.0
1688,501.872183472483,14.210214905378908,-1.0
1689,509.87579431164266,13.782495536294016,-1.0
1690,517.2850256802295,13.12728542786169,-1.0
1691,516.730458822488,12.978043628592586,-1.0
1692,510.5292966329031,12.97325039846986,-1.0
1693,506.1976739907413,13.01019974424124,-1.0
1694,491.3982850026692,12.271098860844242,-1.0
1695,472.6895612246034,13.431535820083786,0.0
1696,486.2999778475372,13.460130803551882,-1.0
1697,476.1714081455044,14.083353752630822,-1.0
1698,487.13649799172566,13.46267386252491,-1.0
1699,477.1677823172919,14.42539707294553,-1.0
1700,476.5677505381215,15.439334030468283,-1.0
1701,475.9966291141362,16.23845458886352,-1.0
1702,477.7503042571111,16.342978031294223,-1.0
1703,476.6561012242088,16.133923426526547,-1.0
1704,464.8545366353298,16.972503321533917,-1.0
1705,466.9201829433303,17.27917335038611,-1.0
1706,468.4702620224044,17.690014043461705,-1.0
1707,465.632136057312,17.789434262573497,-1.0
1708,460.64619161271446,18.27320941195748,-1.0
1709,461.36534860734207,17.908450090707042,-1.0
1710,470.9089732830995,15.972983775163764,-1.0
1711,469.8234759400101,13.466375195535454,-1.0
1712,467.24022519707904,11.089683330395193,-1.0
1713,463.5942151760414,8.590785206444172,-1.0
1714,465.2937662679114,7.546251569799502,-1.0
1715,458.7450888828431,8.062830584714314,-1.0
1716,460.9050611510117,7.48240762729638,-1.0
1717,454.1169068903348,8.064297511114889,-1.0
1718,449.9203693812327,7.8253313487823135,-1.0
1719,446.38641317445496,8.629166312809907,-1.0
1720,442.6868027307503,9.535351774090708,-1.0
1721,440.115453324378,10.377976796950481,-1.0
1722,432.4879516849629,11.541081423669613,-1.0
1723,424.1050679652111,13.246939443595261,-1.0
1724,426.03817659767856,14.749326488999692,-1.0
1725,429.6081307115509,15.473578471571566,-1.0
1726,415.2704925306646,17.139851791702018,0.0
1727,416.2325648926776,18.324176717531074,0.0
1728,412.19210694822345,19.685384913848242,0.0
1729,409.2676424039691,20.866367331294974,0.0
1730,415.4059602709308,20.61310356141831,0.0
1731,413.3879420884933,20.169584291740605,1.0
1732,409.1983029727008,19.784184167685698,1.0
1733,417.1735484014355,18.861615442145652,1.0
1734,415.7206919290567,17.450483166662277,1.0
1735,418.4199004833191,16.16995307250065,1.0
1736,420.8551044168909,14.161638303806662,1.0
1737,406.5237753896298,13.041814436899896,1.0
1738,402.7355085726805,12.16339161179289,1.0
1739,409.6859138748461,10.771536778090438,1.0
1740,411.4196936747956,9.29905471488723,1.0
1741,418.7838057773065,7.614210530949088,1.0
1742,421.7968039970157,6.737199710867692,1.0
1743,422.6049345180424,6.646332347586067,1.0
1744,423.8745825085926,6.483377609511982,1.0
1745,421.5955851528257,5.775093545621173,1.0
1746,423.1176798599963,6.0469389122078825,1.0
1747,425.9972767710247,6.48739825841436,1.0
1748,437.3785681455061,7.983793642620508,1.0
1749,434.5025792455144,8.624673585016062,1.0
1750,431.6275636714645,9.068826648552939,1.0
1751,448.6442223474182,11.062501858968075,1.0
1752,458.9418719499664,13.559899703332306,1.0
1753,461.0393628498837,15.828649080466032,1.0
1754,460.6192309460096,17.43207432254555,1.0
1755,454.746159989772,18.253579863852313,1.0
1756,453.6386680406705,18.867398903077998,1.0
1757,461.2673172446863,19.029077809103025,1.0
1758,459.400680894942,18.30217855345331,1.0
1759,474.71273896284777,18.952508438498388,0.0
1760,470.43432950923545,18.815361451282573,1.0
1761,465.79425396472016,18.534159053602625,1.0
1762,471.44399807142656,18.504881950509915,-1.0
1763,467.7788469954372,17.98274104527227,1.0
1764,468.7964928989624,17.29713043404985,1.0
1765,479.6627789265164,16.68625095725422,-1.0
1766,485.2654392130853,16.12005622313226,-1.0
1767,490.7053253578647,15.724128896884041,-1.0
1768,492.29009904176826,16.022999157550192,-1.0
1769,491.1232044308633,15.422506008816432,-1.0
1770,498.71205409922624,14.501240376190283,-1.0
1771,487.7206727160161,13.989388137440072,-1.0
1772,482.3976472069023,13.75612181477364,-1.0
1773,467.00490107948747,13.525848052348941,-1.0
1774,465.6493835009692,13.30547457753693,-1.0
1775,460.7889615144727,12.8973870507352,-1.0
1776,459.0416908574157,12.48227160554567,-1.0
1777,458.8827021143592,12.630850265903002,-1.0
1778,449.3724211006022,13.450169967352263,-1.0
1779,449.770420629773,14.530537845255147,-1.0
1780,425.7139208906274,17.995285276211234,-1.0
1781,424.8694837176439,20.725558229633027,-1.0
1782,421.84404990180815,23.216602379012212,-1.0
1783,418.3334761247584,25.571813680906338,-1.0
1784,422.0921505096347,27.182652180270203,-1.0
1785,425.8240513320762,27.95077588088741,-1.0
1786,417.94839661429535,28.649391112899455,-1.0
1787,419.2396597253819,28.48416220688083,-1.0
1788,415.9040248389256,27.902972767423677,-1.0
1789,415.4200242596225,26.87705337712459,-1.0
1790,403.4325674612542,25.116319967165513,-1.0
1791,400.7383527062367,23.836697637708667,-1.0
1792,408.0103196630111,21.803618397993198,-1.0
1793,398.9569967849272,21.27349582923979,-1.0
1794,397.542196194751,20.37726748704663,
1795,391.887500687492,19.767617273088952,
1796,391.25284746181785,18.729481022261727,
1797,389.0406047342067,17.118360087840134,
1798,387.7749601159592,15.991558451275953,
1799,382.82332518013743,14.44229228909998,
1800,387.6515051931714,14.483592566050897,
1801,374.4712893732757,15.389117338981423,
1802,372.5212338206055,16.22562177527586,
1803,362.2114499840624,17.84969501358961,
1804,353.2877364544305,19.55869725841129,
1805,352.79529316129504,20.265486119589312,
1806,349.52718718347813,21.253762727401874,
1807,352.6075452618228,21.27603456755582,
1808,349.94659194878847,21.246416957873297,
1809,349.1632685749966,20.772858817168558,
1810,347.6489223385065,20.892200853247196,
1811,343.23198437034165,21.118440258309047,
1812,344.870949285351,20.168435858702438,
1813,342.95588317893936,19.665911341471446,
