index,CI RH,Standard_dev,label
0,62.54019919429867,4.666863335365876,-1.0
1,59.6539262147059,4.666863335365876,-1.0
2,57.50110142070785,4.666863335365876,-1.0
3,58.99030374835056,4.666863335365876,-1.0
4,56.14547029440323,4.666863335365876,-1.0
5,57.69527205069627,4.666863335365876,-1.0
6,55.05750820868777,4.666863335365876,-1.0
7,57.22807189680462,4.666863335365876,-1.0
8,55.84744371875778,4.666863335365876,-1.0
9,56.58336533236822,4.666863335365876,-1.0
10,58.8762116456558,4.666863335365876,-1.0
11,58.7714434454929,4.666863335365876,-1.0
12,58.41576196490067,4.666863335365876,-1.0
13,57.50211208488055,4.666863335365876,-1.0
14,54.95022055898239,4.666863335365876,-1.0
15,53.445026091639846,4.666863335365876,-1.0
16,51.60967153981821,4.666863335365876,-1.0
17,51.02058219616368,4.666863335365876,-1.0
18,48.80041474079184,4.666863335365876,-1.0
19,41.285299159929735,4.666863335365876,-1.0
20,39.14366871867134,5.661033399009727,-1.0
21,36.64781355086673,6.771355838732488,0.0
22,36.40056862037152,7.663427103476118,0.0
23,37.102446075127496,8.190556872122052,0.0
24,34.94464918139332,8.852012129941013,0.0
25,36.905721175447866,9.125432446558014,0.0
26,37.22105001571495,9.373253453232397,0.0
27,37.66931156263554,9.394909494340714,0.0
28,36.95432277682809,9.424913033716782,0.0
29,33.56612325829307,9.496914379520149,0.0
30,32.469004727343126,9.309023094790591,0.0
31,33.47089718262301,8.867647862047315,0.0
32,32.73334755389865,8.277885311904727,0.0
33,36.2465286846378,7.390595171088257,0.0
34,38.69534382832724,6.517117625264554,-1.0
35,38.927301350180194,5.6053744406370765,-1.0
36,35.838512768718864,4.716314215782945,-1.0
37,35.48476762473706,3.562995976203263,-1.0
38,32.424680790884864,2.409518320202632,-1.0
39,27.85492702588077,2.764887380250466,1.0
40,29.470998761121574,2.9408197063948514,1.0
41,31.40109665340549,3.0237649311484898,1.0
42,33.44336414562109,3.0131006531722933,1.0
43,31.0116442716098,3.05870651422539,1.0
44,31.433895890542036,3.122063104590514,1.0
45,31.940374976941055,3.0895804582565325,1.0
46,34.71847108835071,2.9978628990828686,1.0
47,36.92124727635012,2.951188484193217,1.0
48,38.14407575867773,3.0301066731784556,1.0
49,40.12662414113444,3.3414452187332957,1.0
50,41.591188799496415,3.704522656387592,-1.0
51,43.015956004858296,4.141316398877269,-1.0
52,43.2095884959989,4.478835591717302,-1.0
53,45.67961260980935,5.015578941014506,-1.0
54,44.07493753229005,5.300148384433196,-1.0
55,42.72303037349778,5.463281149558963,-1.0
56,40.674616075724906,5.537792080883136,-1.0
57,40.48415816582729,5.589447681637475,-1.0
58,37.12030876595392,5.484011715489287,-1.0
59,34.370604883191874,5.07464276028857,-1.0
60,27.335291916508105,5.272813207095339,-1.0
61,27.47790071041421,5.574837222695175,-1.0
62,22.704587282744008,6.416850680245503,-1.0
63,20.99291781534339,7.227284963656628,-1.0
64,19.97562214686223,8.036877532935017,-1.0
65,22.324212306124277,8.543075695116414,-1.0
66,18.80381482025992,9.296588766934427,-1.0
67,17.186167239599506,10.03178522057386,-1.0
68,16.212367227567853,10.664721537634088,-1.0
69,10.626383727747374,11.530764707967625,-1.0
70,5.055571209218208,12.582206425873,-1.0
71,-0.6854533527659186,13.760016725734728,-1.0
72,-7.0907655361407365,15.13442895833581,-1.0
73,-13.291997316904371,16.438764108239926,-1.0
74,-18.827766257552085,17.822053409951632,-1.0
75,-25.918306161702095,19.39279319142417,-1.0
76,-26.851906065210763,20.493580425614716,-1.0
77,-39.5872795275901,22.258082304970667,-1.0
78,-50.47430192004841,24.596668988568997,-1.0
79,-59.621011027813225,27.13868391579587,-1.0
80,-70.92025845713354,30.31652632511176,-1.0
81,-78.3795703504615,33.16181601907595,-1.0
82,-83.3907199287694,35.72373674383445,-1.0
83,-90.39688675150693,38.06349049850912,-1.0
84,-93.96396243166666,39.81650203119625,-1.0
85,-103.55786296106892,41.288564545323716,-1.0
86,-110.93000444930163,42.60161090249662,0.0
87,-114.15963028284942,43.23985611262851,0.0
88,-136.0955314330095,44.7568372231264,0.0
89,-138.4290789055259,45.58214551968132,0.0
90,-139.46324810472254,45.70130652081401,0.0
91,-141.82246046248017,45.313426979596095,0.0
92,-146.74212285917088,44.703737696949176,0.0
93,-148.56606005517472,43.640915051153385,0.0
94,-148.32516685605717,41.95834731081772,0.0
95,-154.44668063006392,40.244953912765986,0.0
96,-156.60032518325016,37.55487003784177,0.0
97,-160.4321761010222,35.229558201403236,0.0
98,-164.87932857578085,33.202420064048745,0.0
99,-167.5375384230955,31.232350299935703,0.0
100,-165.57786108076772,29.328886354900018,-1.0
101,-160.0041758535238,27.037276688567104,-1.0
102,-156.17109661953734,24.305982340877655,-1.0
103,-151.38827177887558,21.422617496471997,-1.0
104,-156.9996467983638,18.23551261652879,-1.0
105,-155.79109068645215,15.329954880602124,-1.0
106,-161.5775967669607,12.720296534436388,-1.0
107,-163.87757331489058,9.554371120596468,-1.0
108,-167.95109786543304,9.103370593518855,-1.0
109,-170.22208754592268,8.766576672173773,-1.0
110,-174.49016081196092,8.592891934477073,-1.0
111,-175.62318966412536,8.427261897879761,-1.0
112,-178.7231132595107,8.735782122340796,-1.0
113,-178.91192610574598,8.920521344714192,-1.0
114,-189.3854942166145,9.919023335288927,-1.0
115,-177.60484619081382,9.908854425950176,-1.0
116,-180.30539310138656,10.055439102505552,-1.0
117,-179.5659437140949,10.219154863323269,-1.0
118,-185.2385621856558,10.802351526779185,-1.0
119,-198.2536580673862,12.505862427005894,-1.0
120,-213.4365294419215,15.54585588367153,-1.0
121,-224.5356491595196,18.876960302915858,-1.0
122,-229.63600121590284,21.566195456645545,-1.0
123,-242.34581627154404,24.461211113018443,1.0
124,-248.6373524027868,27.312493957931586,1.0
125,-260.01064649076386,30.26387358214756,1.0
126,-264.7660761249515,32.94058577061596,1.0
127,-260.2651976265972,34.370395802610226,1.0
128,-259.1843094967714,35.238386610205296,1.0
129,-250.19681131210984,35.07711760553681,1.0
130,-245.17110970026403,34.48973031140435,1.0
131,-236.9219298396543,33.31447867658151,-1.0
132,-235.6510098591004,31.99403052914707,-1.0
133,-227.4694563455151,30.268056882017234,-1.0
134,-222.71419244568335,29.073083835503887,-1.0
135,-215.17089548085897,26.834727109188837,-1.0
136,-204.76486769728365,24.99420244174389,-1.0
137,-201.79069464666335,23.04254550153054,-1.0
138,-192.82800396382385,22.29427067360752,-1.0
139,-198.30013208413013,22.2906046215743,-1.0
140,-204.34040100265216,22.770273113182604,-1.0
141,-205.3799030805725,23.45934902807356,-1.0
142,-210.05718793676115,23.89203006869618,-1.0
143,-225.73687749882492,23.702549398746783,-1.0
144,-243.7249685795024,23.507188602042447,-1.0
145,-257.16183832341005,23.3122535491738,-1.0
146,-266.73962098788394,23.479292479297765,-1.0
147,-279.91143126465084,25.237512578993005,-1.0
148,-298.0585004253626,28.90240569222833,-1.0
149,-291.0047300654943,31.632669341589374,-1.0
150,-301.41508762211976,35.071288728580285,-1.0
151,-327.53676671726106,40.617124369691076,-1.0
152,-334.7038953460699,45.71534570162221,-1.0
153,-342.69547515844624,50.35646101450517,-1.0
154,-349.28635423689167,54.38058246965407,-1.0
155,-355.98005854715154,57.62599881537231,-1.0
156,-367.8440334498638,60.19845100978477,-1.0
157,-372.6849313771414,61.7095726594382,-1.0
158,-375.5046321624189,61.44881334793501,-1.0
159,-376.3559390367763,60.29001443385426,-1.0
160,-387.3297296279974,58.99073970844021,-1.0
161,-391.2761634826907,56.48708107120392,-1.0
162,-407.3719280567407,53.85777903392974,-1.0
163,-427.40109318990505,52.64417475717167,-1.0
164,-450.889569573272,53.55358985923091,-1.0
165,-464.6129342072636,55.08991020596787,-1.0
166,-490.4838176000093,58.124645316830595,-1.0
167,-505.6738502173463,61.60433929067312,-1.0
168,-510.2544592847089,64.77612469150543,-1.0
169,-522.7540702945942,66.55383470557076,-1.0
170,-532.30107923843,67.99584382637015,-1.0
171,-549.9006119534854,71.11084980275933,-1.0
172,-547.1040872739434,72.63954455125707,-1.0
173,-532.1668697577314,72.1310733003016,-1.0
174,-558.71995621277,72.57417988763947,-1.0
175,-582.6506375247136,73.76734865365995,-1.0
176,-583.4161746422534,74.16261547459318,0.0
177,-587.2972063633794,73.57898909773144,0.0
178,-581.8022698031656,71.22800080906026,-1.0
179,-590.3300656168433,67.7443381302021,-1.0
180,-586.1413776194961,63.20207140474998,-1.0
181,-599.565396031388,57.780921995624624,-1.0
182,-593.3101338189745,51.54172173074274,-1.0
183,-595.1781667817368,45.588080438354446,-1.0
184,-602.4262413386009,40.911849894580946,-1.0
185,-604.9651895103565,36.21409442098933,-1.0
186,-625.257292623404,34.54584164871681,-1.0
187,-641.5139009043502,34.6774463908941,-1.0
188,-630.9831755069563,33.034835228173094,-1.0
189,-649.3135408347234,33.1316047115284,1.0
190,-683.9518505879371,36.70173741465379,1.0
191,-693.8924536307409,40.9930152191426,1.0
192,-631.8735380492868,39.198216347061425,1.0
193,-618.1408769571418,34.95951793206045,1.0
194,-602.421274990236,32.74743932331938,1.0
195,-584.4629266790589,32.65786745964123,1.0
196,-546.3638484960817,35.435602575052215,-1.0
197,-536.0604554494568,39.02116371971734,-1.0
198,-526.930580407909,42.842439379336206,-1.0
199,-527.8925440874847,46.27062460202076,-1.0
200,-542.0617546573321,48.1781510873331,-1.0
201,-538.3085076169715,50.23291451508685,-1.0
202,-532.3371003329945,52.385536062233214,-1.0
203,-528.2820751187595,54.5141390642812,-1.0
204,-548.5227209976194,55.31746803381856,-1.0
205,-552.1620213760734,55.80729818527401,-1.0
206,-589.1715734082077,55.08522845249165,0.0
207,-582.776276394587,53.468720681089806,0.0
208,-578.2273023661598,52.227273748594286,0.0
209,-582.1359379869206,49.60615045824784,0.0
210,-586.4560468205466,42.79285981272778,-1.0
211,-588.6013005037065,32.06537105780316,-1.0
212,-598.318412718089,29.19546780053171,-1.0
213,-609.1570134197348,28.38427280745435,-1.0
214,-609.1644607208777,28.899639807321698,-1.0
215,-604.7633945163003,29.97885579660121,-1.0
216,-602.9179689074168,30.74765114059933,-1.0
217,-607.6259387465348,30.97243723103445,-1.0
218,-613.4808592981509,30.41610226040193,-1.0
219,-621.9699302457617,29.834449567372676,0.0
220,-626.0821924599747,30.00433734780363,0.0
221,-630.3828039083223,29.519235141981085,1.0
222,-628.9572399916165,27.486194953835785,1.0
223,-621.6542174379593,23.25921776212215,-1.0
224,-641.3185804424667,21.846029135766422,1.0
225,-647.7151827578678,20.364749395486825,1.0
226,-652.1469628499748,22.01362140255388,1.0
227,-644.101426758756,22.044847181159444,1.0
228,-636.0228841734483,20.754350427293158,1.0
229,-644.0049401010097,19.77003624789756,1.0
230,-659.5891395289515,19.8578775108191,1.0
231,-652.651576071239,18.92368962307321,1.0
232,-644.6995404127805,17.963882617909277,1.0
233,-645.1922573498011,17.57466965494385,1.0
234,-633.8864063707539,16.754875021629896,1.0
235,-623.3839493265558,15.581998567602712,1.0
236,-616.4567951189189,14.416148667226894,1.0
237,-617.900082234558,13.563469937508788,1.0
238,-610.6175366112587,13.816209120608356,1.0
239,-598.6965639952246,15.80305115042948,1.0
240,-587.8846284974418,18.804583110200074,1.0
241,-570.0738590447602,23.342416167826407,1.0
242,-560.9944849527187,27.83938697778597,1.0
243,-544.765602493224,33.18647462859837,1.0
244,-532.8481093186791,38.26940108214931,1.0
245,-523.2248713880736,42.73423864528356,1.0
246,-514.1958603183665,46.53057159927908,1.0
247,-492.6925126092237,51.548135270081694,1.0
248,-467.16673140912144,57.985937767167,1.0
249,-447.8420355467652,64.11114775173682,1.0
250,-430.1990447298946,68.94023261422136,1.0
251,-405.0953616736418,74.51789007721828,1.0
252,-402.63158554456777,78.46105922125444,1.0
253,-387.6402287921268,81.58341133968393,0.0
254,-373.7633859535692,84.56334069840338,0.0
255,-362.90662389213566,87.07872882649018,0.0
256,-351.4327726976038,88.95029668860424,0.0
257,-344.60671875681663,89.11877453003791,0.0
258,-340.347629529434,88.03067271366066,0.0
259,-330.94739373832266,86.48589698442535,0.0
260,-322.6748426221908,84.30423689582985,0.0
261,-307.371936344864,82.64991757855373,0.0
262,-291.8253661360253,80.7473796162227,0.0
263,-283.47682492104013,78.68682698680027,0.0
264,-273.4802107812298,76.21866453234391,0.0
265,-274.8067657875502,72.24689701897917,0.0
266,-279.5646358217133,66.46167818031692,0.0
267,-282.26334435409746,60.49195648194346,0.0
268,-294.18892859520844,54.64038707662196,0.0
269,-286.7764339255276,49.43005421960632,0.0
270,-284.38289070361674,44.59192280228378,0.0
271,-283.69714955376134,41.099090818455615,0.0
272,-285.4634296147676,36.48290606181718,0.0
273,-281.6592355335832,32.3985932508406,0.0
274,-282.89966325323206,28.667536710436345,0.0
275,-272.94358765956497,25.533934032763213,0.0
276,-265.19369018514044,23.16102397946649,0.0
277,-276.64793131274274,20.031146511766945,0.0
278,-279.76207124512973,16.24450975310646,1.0
279,-278.75543482110254,12.595602171948943,1.0
280,-277.89967661952096,8.857476598907489,1.0
281,-280.97279087969514,6.574244997418238,1.0
282,-270.7131909367282,6.409226917142059,1.0
283,-267.1654642278809,6.930320769889285,1.0
284,-261.305219526565,7.903542532580971,1.0
285,-260.5080235907703,8.83325238272557,1.0
286,-261.6601960635687,9.509151962673872,1.0
287,-256.01273907978464,10.470172993054705,1.0
288,-251.40949053506424,10.80078585614708,1.0
289,-254.3782393464745,11.097327521815888,1.0
290,-249.2277532136342,11.743332753851229,1.0
291,-252.52731222313048,11.885283969027512,1.0
292,-248.65146090673176,11.94666543045812,1.0
293,-249.4913449881893,11.965806144920728,1.0
294,-255.5086636619348,11.349632387831825,1.0
295,-253.972561732935,11.314773060231015,1.0
296,-249.3933611928545,11.669323693799756,1.0
297,-247.69939907946173,11.524908668632493,1.0
298,-247.80793799304945,10.889672434103531,1.0
299,-249.39095783168693,9.993555616547235,1.0
300,-246.8298688870296,8.984246592942414,1.0
301,-237.963974097068,7.676601626847148,1.0
302,-232.8889496737738,7.889962350086648,1.0
303,-226.56613019438947,8.861666124445403,1.0
304,-229.8766311938373,9.454645123004553,1.0
305,-233.52659061785224,9.513998614529477,1.0
306,-236.0558700235545,9.11483592025185,1.0
307,-230.1722216757147,9.368030844595614,1.0
308,-223.2303695020509,10.294664205549342,1.0
309,-209.65211165372375,12.300125949227883,1.0
310,-206.43504075415103,14.27015797947601,1.0
311,-199.4497317035737,16.293177403618145,1.0
312,-188.71852431188697,19.066616084419152,1.0
313,-172.10740385153204,22.944048540289135,1.0
314,-156.8355001181916,27.13821582599905,1.0
315,-151.550617664728,30.61183465776147,1.0
316,-141.99728000169807,34.17619661133463,1.0
317,-133.84607982888036,37.49040690707654,1.0
318,-127.80621996172538,40.24284966053163,1.0
319,-121.2736991612544,42.39851308961028,1.0
320,-110.30360568700716,44.60518051250071,1.0
321,-99.19304078524932,47.224302545996935,1.0
322,-83.92740595600594,50.348679046709066,1.0
323,-73.63630684749751,53.48078705595352,1.0
324,-64.79053979379817,55.86758065044025,1.0
325,-52.16893695786017,57.690518150201385,1.0
326,-40.436562295160186,58.7552020596033,1.0
327,-25.627246039356947,59.90976700807336,1.0
328,-15.06718865501913,60.78058602485715,1.0
329,-0.0518299668535604,62.33063445126855,0.0
330,12.382281388954633,63.38674951800613,0.0
331,24.240467588199014,64.1480367838968,0.0
332,35.36695071501568,64.85344323306438,0.0
333,45.8903465392241,65.97129323471145,0.0
334,54.701028622599615,67.2542338516142,0.0
335,59.78774568818931,67.63189300545736,0.0
336,64.4568018788936,67.4639940460507,0.0
337,68.69838400528364,66.65768157311582,0.0
338,72.7773254129305,65.03985161085663,0.0
339,74.90028043194906,62.50075467915568,0.0
340,84.64696479056568,59.97027456570065,0.0
341,85.78201026869316,56.8916508519076,0.0
342,80.07403121890817,53.38132244910696,0.0
343,79.1145558314603,49.36315474872215,0.0
344,79.04574854791383,44.74540816604835,0.0
345,77.2841434465496,39.898997212856415,0.0
346,76.4991274143097,34.827145498652385,0.0
347,74.35862615438907,29.974291456707768,-1.0
348,73.34354699102047,24.91935527765436,-1.0
349,69.96079823101891,20.369350963314464,-1.0
350,68.80179724922903,16.234641420455528,-1.0
351,62.400219135858,12.753839590992309,-1.0
352,60.04679852102216,10.233067304134854,-1.0
353,58.481018906297095,8.936195229134945,-1.0
354,54.89092084123877,8.917759561221844,-1.0
355,50.595227698442855,9.739599085773397,-1.0
356,45.478143248552726,11.205232078693152,-1.0
357,41.02531628342569,12.931663971459315,-1.0
358,39.84705082146024,14.371356353517896,-1.0
359,35.56900861695354,15.826129928067958,-1.0
360,31.557606338726657,16.75787642047894,-1.0
361,28.40847972285493,17.40805142802674,-1.0
362,28.014436313934247,18.02564373232743,-1.0
363,32.043096226989206,18.022965651100115,-1.0
364,30.62111662618223,17.786458727136893,-1.0
365,28.75092180583933,17.457479269207713,-1.0
366,24.875463488354093,17.07298835662668,-1.0
367,21.54710028579469,16.691064253694794,-1.0
368,15.250315065054828,16.42583889130379,-1.0
369,12.324920662150111,16.20729505919634,-1.0
370,7.372067583405204,15.987116357379428,-1.0
371,2.5346595105487357,16.278295204923715,-1.0
372,-2.9602879864014184,16.748853593949274,-1.0
373,-7.892018928317242,17.233546129061082,-1.0
374,-10.077076589808115,17.61844689870755,-1.0
375,-13.323281007505392,18.09143195405252,-1.0
376,-17.240310695930425,18.782788434776165,-1.0
377,-21.113462135387707,19.617938364755243,-1.0
378,-27.59302155978068,20.587722804749667,-1.0
379,-32.40077329375991,21.712532511956933,-1.0
380,-39.11023780801016,23.129960801738846,-1.0
381,-45.16261463820659,24.675317066821485,-1.0
382,-51.15578178639876,26.13736477993192,-1.0
383,-55.683487545464416,27.004738204240635,-1.0
384,-62.17292737203519,27.795123156829195,-1.0
385,-67.79126614167612,28.41794144547583,-1.0
386,-72.05804846252107,28.894952064007622,-1.0
387,-72.43201824498816,28.853445823729967,-1.0
388,-77.80123466396564,29.00832754344553,-1.0
389,-80.7523921983059,28.872909581753643,-1.0
390,-89.33478069296018,29.087707716548138,-1.0
391,-98.64309548784034,29.694443297686092,-1.0
392,-106.97744008950568,30.626261094336048,-1.0
393,-119.7384640036419,32.2338629247027,-1.0
394,-125.468312768612,33.50140966408703,-1.0
395,-132.22873404948157,34.605119128772394,-1.0
396,-135.33753211606415,35.24467302415171,-1.0
397,-140.37643321215376,35.619462571930015,-1.0
398,-148.0168739936317,36.181484043759426,-1.0
399,-151.58523651301545,36.42017083170224,-1.0
400,-156.60110145791322,36.644796501617094,-1.0
401,-161.8555078880293,36.83300759924519,-1.0
402,-170.650897169096,37.27691560719275,-1.0
403,-174.748242345142,37.43861423694876,-1.0
404,-178.00521900449806,37.43287195144615,-1.0
405,-185.32481789809157,37.531821853015366,0.0
406,-187.95526156833063,37.24016009663461,-1.0
407,-194.7977656237846,36.51788909398877,0.0
408,-214.50166192403225,36.895002817920776,0.0
409,-210.65559508545527,35.9206423734966,0.0
410,-211.97767052961157,34.7236744076903,-1.0
411,-214.85253996136447,33.572036699172976,-1.0
412,-209.8236230931102,31.87599955621075,-1.0
413,-210.5653880730516,30.59912306054029,-1.0
414,-212.2027204026532,29.21011154070637,-1.0
415,-213.5434092262291,27.821868122693008,-1.0
416,-218.20117237006184,26.29533545554688,-1.0
417,-220.46580545401167,24.65848079090581,-1.0
418,-226.5249976834725,23.45472345870169,-1.0
419,-230.34172687021007,22.136898668653945,-1.0
420,-232.6362681877939,20.74413305236206,-1.0
421,-235.371439240877,19.353443046309362,-1.0
422,-236.8074507645512,18.321659443282417,-1.0
423,-235.9735982393273,17.02059609799695,-1.0
424,-237.09546232887,15.499381443414286,-1.0
425,-237.863358068254,14.253971414293723,-1.0
426,-244.4764590611166,13.213167030562575,-1.0
427,-248.6215783766905,12.761693723742106,-1.0
428,-256.29933322880123,14.264381727941613,-1.0
429,-262.4827985038816,15.730095187507048,-1.0
430,-269.1223881615755,17.42033936730599,-1.0
431,-271.5581685527426,18.919046619020765,-1.0
432,-284.98730756800927,20.910946844185396,-1.0
433,-290.4528252465374,22.695679421580493,-1.0
434,-295.3668783354489,24.271458132805847,-1.0
435,-295.03424684893275,25.112501321597858,-1.0
436,-298.2671592252896,25.897042976041526,-1.0
437,-308.7939310146787,27.11326156255982,-1.0
438,-310.76550631620034,28.177430378406488,-1.0
439,-303.07789196366315,28.28259598386302,-1.0
440,-311.1397212415569,28.598241859440307,-1.0
441,-318.6847097410507,29.094907743348596,-1.0
442,-327.3507745809935,29.73836260550754,-1.0
443,-333.017214865119,30.028681699427207,-1.0
444,-340.7690668151162,30.231067427455994,-1.0
445,-348.2213610469203,30.207396034886116,-1.0
446,-349.684466073062,29.935942729132947,-1.0
447,-361.5763599741772,30.151675166770143,-1.0
448,-370.8711819862987,30.919538232265307,-1.0
449,-377.576344976855,31.806268900535535,-1.0
450,-390.771613893171,33.49080335359163,-1.0
451,-400.94486898047,35.199646115431754,-1.0
452,-399.6985840193659,36.64627468313709,-1.0
453,-410.55291141891206,38.48002367339444,-1.0
454,-414.25509157375154,39.952825485884254,-1.0
455,-423.8846182052502,41.23673757147769,0.0
456,-419.7368789779152,41.38686499465438,0.0
457,-419.8915873239682,41.456975447065616,0.0
458,-426.92573671218526,41.356289555905896,0.0
459,-442.01076540910407,40.75777705297249,0.0
460,-445.5408316406155,39.98720469376193,0.0
461,-443.4061439882568,38.62259506171395,0.0
462,-444.72022582673264,37.116484249346485,0.0
463,-457.2420802703567,36.01163680428053,0.0
464,-468.95579072401216,35.491500779101614,0.0
465,-474.74143726418913,35.01836111822832,0.0
466,-478.952201979934,33.81995249841014,1.0
467,-475.2687617087848,32.367562872420486,0.0
468,-475.4163844445783,30.841171895457407,1.0
469,-467.3890247080222,28.567577191314673,0.0
470,-460.8993210131239,26.568271994484768,0.0
471,-462.57671355674063,25.021295753395954,-1.0
472,-459.80434885005513,22.721467635031406,-1.0
473,-459.36337790872005,20.972850942826323,1.0
474,-445.7897917230357,19.168903815564306,-1.0
475,-427.34644204821103,18.909593478470164,-1.0
476,-429.5090134654678,18.120109191923827,-1.0
477,-439.5774951136898,16.688680888108497,-1.0
478,-436.5651333372487,15.981572286354224,-1.0
479,-445.0189578496111,15.869090076469766,-1.0
480,-440.5261919619796,16.06324544900612,-1.0
481,-444.2028652699791,16.034847472909867,-1.0
482,-446.8995349354218,15.970785051757177,-1.0
483,-439.4313311632999,16.320320766170177,-1.0
484,-446.4835962231562,16.000504728065135,-1.0
485,-454.470958021091,15.156456161544549,-1.0
486,-463.2158209850571,14.038559746083731,-1.0
487,-465.11129409333023,13.276989118848952,-1.0
488,-479.6185491729729,13.718294048487243,-1.0
489,-484.9003190820693,15.307027784302356,-1.0
490,-496.58512016928375,18.24939118954916,-1.0
491,-500.3429053742671,21.00083184437871,-1.0
492,-508.0455048370251,24.095282018905568,-1.0
493,-517.9126706334131,27.61416295005404,-1.0
494,-515.4976773481703,29.94983845405359,-1.0
495,-517.2860387524703,30.884318024633497,-1.0
496,-518.5633714161371,31.373636149522376,-1.0
497,-518.9638488709047,31.937661940495964,-1.0
498,-516.3123821882629,31.602491530927622,-1.0
499,-511.4619184977057,31.11291131225752,-1.0
500,-513.2163763973666,29.95548547744967,-1.0
501,-509.3612787972882,28.455649001767444,-1.0
502,-509.7454913848421,26.725393525940355,-1.0
503,-522.032354370315,24.043495861349587,-1.0
504,-533.6844178055935,21.936931701766397,-1.0
505,-533.6320353536412,19.791473350911883,-1.0
506,-543.7855839592463,18.6240343373287,1.0
507,-550.2917798375593,17.31912810805408,1.0
508,-550.8364063128238,16.966011266785998,1.0
509,-558.2232254069914,17.215705665065336,1.0
510,-563.0082846228319,18.364720464585183,1.0
511,-571.2549739613072,20.002082143581106,1.0
512,-551.8357492917632,19.966340669341037,1.0
513,-545.9395496396002,19.95748389641694,1.0
514,-545.1081278927169,19.70728292109094,1.0
515,-549.6617186145243,19.571700565718267,1.0
516,-561.5505037194987,19.93096007253012,1.0
517,-568.2824393976497,20.49533797685814,1.0
518,-566.5693337815865,20.459583886026856,1.0
519,-541.2333157610053,19.082913503056027,1.0
520,-531.1218685509709,17.92471209022562,1.0
521,-524.3431544173436,16.60572202264168,1.0
522,-516.3214418805042,15.897877837369627,1.0
523,-510.0519434540892,17.04975464887162,1.0
524,-510.1428569470424,18.6686552907462,1.0
525,-497.1336699083883,21.38908206529046,1.0
526,-489.1290162402984,24.52324740520981,1.0
527,-494.689870074023,26.38804689021296,1.0
528,-500.7813270473124,27.393376690921535,1.0
529,-490.9510952481392,28.477062715631412,1.0
530,-486.96269559710856,29.112129495485597,1.0
531,-483.3182087211013,28.819441852385648,1.0
532,-475.8434784937127,29.844428324966962,1.0
533,-490.7497122317502,29.818372090275,1.0
534,-500.172995125808,29.252520514612844,1.0
535,-484.6176495904158,28.74307776702135,1.0
536,-467.5040345321613,27.747677747094915,1.0
537,-462.47337531102175,25.328774367110697,1.0
538,-457.76579098082544,22.019211422702053,1.0
539,-457.1697266691908,20.8768618398265,1.0
540,-463.3491089087293,19.577614805336484,1.0
541,-460.4032171990824,18.55420695289388,1.0
542,-462.1549777972723,17.67027849040086,1.0
543,-451.913975501687,17.64113290926662,1.0
544,-438.5143619040057,18.320858801114966,1.0
545,-435.6150726575992,19.662184141197883,1.0
546,-433.6420291365747,21.08571806517977,1.0
547,-435.38837433069375,21.584276336173424,1.0
548,-428.499698001228,21.675208910335567,0.0
549,-424.86040997835033,22.275513335974935,0.0
550,-425.9783532988672,22.569082473085405,0.0
551,-425.123795913016,22.747631573866773,0.0
552,-419.5787078518261,23.38559219729304,0.0
553,-421.5713337100517,22.33175058642531,0.0
554,-416.69243835954063,19.67393878818514,1.0
555,-408.0415174248448,18.70720140437635,1.0
556,-411.7257507938298,18.518351843179843,1.0
557,-411.86099829443503,18.31449244644014,1.0
558,-412.8532007506411,18.062386879733072,1.0
559,-401.97955418582353,18.269054221966606,1.0
560,-397.2130418502608,17.79668946578709,1.0
561,-396.9109214536932,17.016518868864473,1.0
562,-398.9449032371441,15.127850256587713,1.0
563,-401.3117114192237,13.640616699874975,1.0
564,-407.28288151669767,12.8508478665827,1.0
565,-416.9997483876177,11.981333764996972,1.0
566,-413.5375502209206,11.132646562085846,1.0
567,-409.6695312213649,9.930344855768734,1.0
568,-407.2490873246056,9.245132989244148,1.0
569,-403.8405723132486,8.828065275522045,-1.0
570,-408.43951109675993,8.03668918757835,1.0
571,-409.317066782225,7.152194191505522,1.0
572,-418.9339041223839,7.102094745006025,1.0
573,-413.3940657727644,6.536060752835477,1.0
574,-377.63306903614,9.194394274346472,1.0
575,-387.7561402562496,10.075445732259274,1.0
576,-382.59282726316974,11.152418280136994,1.0
577,-383.0052553380334,11.907373363424396,1.0
578,-367.681588626284,13.939541459224548,-1.0
579,-368.2950044151221,15.64221791484146,-1.0
580,-366.1111083913434,17.241236123547647,-1.0
581,-357.3599445785917,19.380852195037065,-1.0
582,-367.2501830371736,20.311975601893117,-1.0
583,-364.753501996696,21.18702682438734,-1.0
584,-369.8995722202235,21.374649537070155,-1.0
585,-366.7155862021755,20.945804208327047,-1.0
586,-358.9391310657769,20.88651533001337,-1.0
587,-362.0835994976378,20.569416093782095,-1.0
588,-365.3940981988707,19.993155582709885,-1.0
589,-363.3703431182725,19.49174490106319,-1.0
590,-365.5146869058283,18.283173424784753,-1.0
591,-377.5847322416732,16.512612050026043,-1.0
592,-384.5093863299408,13.0333447461346,1.0
593,-390.53151082871415,9.877705677186546,1.0
594,-389.472661203424,10.602332392339864,1.0
595,-385.3560839724156,10.426024122272267,-1.0
596,-390.8839585294376,11.024527476676496,1.0
597,-395.9483949162367,12.024533957620628,1.0
598,-399.6652154930392,13.350141800895758,1.0
599,-403.52268573740633,14.742236211269889,1.0
600,-350.89426270058783,15.65696816836145,1.0
601,-356.2319278149247,15.727559173577681,1.0
602,-342.90031843999367,17.26145709883342,1.0
603,-333.343513258326,19.456329118774253,1.0
604,-334.0307583868868,21.288894592078403,1.0
605,-332.4136736075683,22.955543816628015,1.0
606,-331.3386335239446,24.38550264295483,1.0
607,-325.66062542060087,26.128672440359896,1.0
608,-316.9160947920686,28.336191404366303,1.0
609,-311.73827321123497,30.609839386155688,1.0
610,-299.5067364364438,33.509847149042905,1.0
611,-287.9131705092622,36.55862829661061,1.0
612,-288.3156189488072,38.49088747936571,1.0
613,-278.4300380665095,40.14837092439174,1.0
614,-260.80139378887304,42.50327382692748,1.0
615,-248.27962492139275,45.14482026440827,1.0
616,-239.1225325206936,46.98956313135479,1.0
617,-238.56368601254232,47.105416647555906,1.0
618,-231.38176368427764,46.01135043054292,1.0
619,-221.95179825658204,43.5110389875682,1.0
620,-214.64216871948804,45.17866204612052,1.0
621,-209.0408017624788,45.75083933625826,1.0
622,-204.63621428394893,46.553359411561665,1.0
623,-198.5970664632632,47.467920045983966,1.0
624,-195.84618858604568,47.50941531677986,1.0
625,-194.68450259518005,46.70344848301871,1.0
626,-195.85899801204573,44.815229887405735,1.0
627,-192.04245147315208,42.54551319104354,1.0
628,-189.67176561860748,40.10465998218777,1.0
629,-182.18676510532956,37.44038292269962,1.0
630,-175.69163304736443,35.267670231043496,1.0
631,-173.91877465422198,33.274918453904505,1.0
632,-173.35801873584455,30.019543375361213,1.0
633,-169.35757244800624,26.853027233893606,1.0
634,-163.80666037055045,25.033404149961697,1.0
635,-156.7946577285253,24.213618758313437,1.0
636,-148.52812582075404,24.207220335809563,1.0
637,-143.33913519084695,23.83078759296391,1.0
638,-137.55086065345202,23.821391642184174,1.0
639,-136.45196969509232,23.959990422976794,1.0
640,-126.15552166536604,24.948254252521785,1.0
641,-126.10796848547396,25.5922163161347,1.0
642,-118.03548072110632,26.592868484486704,1.0
643,-111.53233005377928,27.881229902908647,1.0
644,-109.1749435317128,28.82540743463533,1.0
645,-107.8502794808073,29.261940654996934,1.0
646,-107.94265351755028,28.90747508681404,1.0
647,-105.06559042586768,28.387571985066764,1.0
648,-101.25013920843212,27.63235812086051,1.0
649,-99.27609737893968,26.977236985291416,1.0
650,-94.50285552989278,26.56743517434633,1.0
651,-87.33535092417387,26.171401566869992,1.0
652,-87.51822470987464,25.039830594901556,1.0
653,-79.53221389916774,24.114248603023697,1.0
654,-71.66172830178127,23.575216479155454,1.0
655,-64.10385960648306,23.578067356964453,1.0
656,-54.57769494146228,24.451939011803944,1.0
657,-50.94235040151054,25.234454978831636,1.0
658,-45.785289049044266,26.14924204935529,1.0
659,-40.05897165119616,26.833847221770785,1.0
660,-31.426576163234373,28.32722531102162,1.0
661,-20.27572328518769,30.016369436883803,1.0
662,-11.74867540128443,32.14785868253402,1.0
663,-5.384658590406076,34.327225555094614,1.0
664,3.5580269391761163,36.52851387160857,1.0
665,13.089972544287749,38.683293178129695,1.0
666,56.41294579958063,44.353163443894346,1.0
667,66.00146206276362,49.17793416138528,1.0
668,75.50153687205982,53.355586899825205,1.0
669,91.47611480084768,57.487521343090386,1.0
670,95.32597530646036,60.47006511188078,1.0
671,103.01701752405438,62.99071849467664,0.0
672,111.10592172020895,64.59015794885988,0.0
673,115.59371262386014,65.5611874404193,0.0
674,124.2027404481868,66.28333726125436,0.0
675,126.61624889274812,66.2741155661545,0.0
676,131.69228026983103,65.9501724802472,0.0
677,136.10933515259106,64.82223759451192,0.0
678,138.78601101727386,62.864714382494476,0.0
679,142.44478771402095,60.15541491879337,0.0
680,146.94489581235905,56.98083388335118,0.0
681,151.84742993733755,53.61579967431954,0.0
682,154.52735171459005,49.65016196408154,0.0
683,158.32545703151175,44.80334205112735,0.0
684,164.39991906772835,39.33591381352296,0.0
685,170.69729721593583,33.10237762015912,0.0
686,168.70950104753155,30.636260355615615,1.0
687,173.67275561386202,28.42541773163344,1.0
688,187.7283466973145,27.314758163478338,0.0
689,186.3889336965984,26.741540033756,0.0
690,190.44260724162436,26.001112923124715,0.0
691,191.55262131008212,25.257272205478714,0.0
692,197.8915570371677,25.028313140002243,0.0
693,196.91872166810748,24.386360730986336,0.0
694,199.53150176754968,24.057189781251722,0.0
695,201.5629078107277,23.468654956384732,0.0
696,202.78164032132213,22.814005496350216,0.0
697,206.7692349348622,22.254471646027998,0.0
698,206.16444716234264,21.309313920929657,0.0
699,205.41037004310397,20.09072262711199,0.0
700,208.70307395178924,18.952955293744857,0.0
701,208.06482305388275,17.718386355945864,0.0
702,211.45688687692368,16.41148346157935,0.0
703,213.44168877784915,15.055797564910684,0.0
704,215.9279791335372,13.983931023713767,0.0
705,216.87895787625337,13.168008796114869,-1.0
706,217.9011957364877,11.616906459482585,-1.0
707,218.33056378541045,10.084517858740417,-1.0
708,216.8422722383045,9.675866669905416,-1.0
709,223.42117965308984,9.333649057287714,-1.0
710,226.38760308354043,9.337047304285573,-1.0
711,221.180505369246,8.702374257108456,-1.0
712,221.7449402014264,8.474861423510099,-1.0
713,221.84839630045585,7.9622743956929645,-1.0
714,218.9938782434572,7.368778101458936,-1.0
715,217.70872358722693,6.7728648196079035,-1.0
716,221.2504017629641,6.2591558798742,-1.0
717,222.78984967100644,6.047816012478944,-1.0
718,218.9928072676868,5.52697628289092,-1.0
719,214.13226713783288,4.834941506172104,-1.0
720,217.96123109165052,4.335560691641988,-1.0
721,215.94204336363245,3.666557057499784,-1.0
722,210.7274554417376,3.7447375942007954,-1.0
723,209.6606588618201,4.09864997103027,-1.0
724,199.21283501852005,5.930685207406192,-1.0
725,177.26015642689978,10.800152773351343,-1.0
726,175.51244793116012,14.01000321930827,-1.0
727,172.74627124503172,16.642533385419807,-1.0
728,171.0938936099838,18.82882526902208,-1.0
729,167.94938698651663,20.585315273325666,-1.0
730,174.60025169149336,21.15553221420454,-1.0
731,179.575918123054,21.376613156528695,-1.0
732,179.0247148346872,21.38001631399165,-1.0
733,177.50547474029676,21.22264777653808,-1.0
734,172.61837233837568,21.241790650944555,-1.0
735,169.28092840210317,21.25471425046272,-1.0
736,167.47893605699213,20.808355346531425,-1.0
737,163.62254918193088,20.048903531925674,-1.0
738,157.4869920652621,19.553119553267663,-1.0
739,154.98921243982323,19.172163670810313,-1.0
740,151.78885123562569,18.084645778965278,-1.0
741,146.10782359488243,16.95884228097115,-1.0
742,139.69191617699013,16.26717799738961,-1.0
743,129.94874241453272,15.892218387867294,-1.0
744,117.17851929447026,17.478020594191875,-1.0
745,114.20479531191016,20.119759805165682,-1.0
746,108.6980480906784,22.643440684605782,-1.0
747,102.872288840181,25.140632737910703,-1.0
748,97.57684297350806,27.50892344018505,-1.0
749,94.03496143739758,29.655332805630216,-1.0
750,92.19979370771712,31.007137830058134,-1.0
751,101.4096777324226,30.787081493141837,-1.0
752,103.1792866913796,29.984104468984953,-1.0
753,99.4712755695627,28.96048021522271,-1.0
754,98.0569782993286,27.853986929260774,-1.0
755,89.24038924922385,26.962875925021635,-1.0
756,80.07689624432942,26.183694141870145,-1.0
757,74.49839253124699,25.420734899459507,-1.0
758,56.25573635870708,26.08963455317956,-1.0
759,57.06067491161695,25.91139710846781,-1.0
760,46.58171356892572,26.094983121004823,-1.0
761,47.73807563147216,25.702171064454497,-1.0
762,47.34405520080015,25.064942549160712,-1.0
763,40.82893437565761,25.114395264993007,-1.0
764,46.65779983108946,25.076560900109666,-1.0
765,37.7348581857141,25.398341761536653,-1.0
766,36.13001677817313,25.674678309124957,-1.0
767,35.56978842147818,25.886798533464773,-1.0
768,27.88773008567441,26.531635977928232,-1.0
769,25.5845421831002,27.079560348479752,-1.0
770,22.263150133535035,27.510482469618783,-1.0
771,8.280373546971362,27.777376483929068,-1.0
772,4.510797744179797,27.345954776118294,-1.0
773,-4.369384804937013,27.133610417454225,0.0
774,-5.693220485382796,26.133278850892953,0.0
775,-10.727167055272318,25.512502504800707,0.0
776,-20.531224053634677,25.806086587176083,0.0
777,-31.176001337130216,26.732839604328724,0.0
778,-37.1363717410033,28.770101507248555,0.0
779,-34.191804896744344,29.594831307651003,0.0
780,-34.31050998789259,30.44665137685265,0.0
781,-34.01052077904629,30.617477937577963,0.0
782,-31.604465549424745,30.09580269228611,0.0
783,-36.12886348189227,29.799726785051416,0.0
784,-31.62487796682059,28.203392754040422,0.0
785,-33.88110893952411,26.918603712944538,0.0
786,-31.686420722762264,25.110940972073916,0.0
787,-23.493521055933968,22.476633894468662,0.0
788,-5.584698363144838,20.198691560440412,0.0
789,-0.9299272989562156,17.986538694788212,-1.0
790,-3.996673500651383,15.653668538199348,-1.0
791,-5.779403318841048,14.601156825635506,-1.0
792,-11.01517224117245,13.571273043136916,-1.0
793,-14.54520691484936,13.08134364445683,1.0
794,-27.35534562879519,12.554818810321347,1.0
795,-28.28416535097638,12.263003851803836,1.0
796,-27.06924076792319,12.256645595402487,1.0
797,-23.134552926107915,12.146825079413894,1.0
798,-28.137038667674545,11.78770569658203,1.0
799,-20.32393122383361,11.520504875751119,1.0
800,-31.58833519220191,11.390776608062524,1.0
801,-31.04312496894282,11.251549933182226,1.0
802,-25.571084307902183,11.070074980683014,1.0
803,-25.331271154422154,10.601127178430133,1.0
804,-18.143281798566637,10.35035335896203,1.0
805,-12.233630737279183,10.042638821972474,1.0
806,-7.77706217068004,9.971316118748476,1.0
807,-5.373373200536221,10.317317862843101,1.0
808,0.7907094585531098,10.797387404362745,1.0
809,14.853831353772163,12.502312943503142,1.0
810,19.426209402521422,14.652560674854433,1.0
811,29.346185535788308,17.660458505340987,1.0
812,32.18795766544375,20.42273350957894,1.0
813,36.963070181188456,23.087747534250983,1.0
814,45.83964018083604,25.664134691951737,1.0
815,43.09599445635784,27.20630440097081,1.0
816,44.24015800968783,28.349862787313462,1.0
817,53.11480138979978,29.890541206121757,1.0
818,62.96200090549415,31.36493150452591,1.0
819,62.1926445349194,32.533909537751285,1.0
820,65.002165114504,32.51742794410162,1.0
821,69.94411238300158,32.13906669404903,1.0
822,79.27824511872566,32.131486523554855,1.0
823,80.96592304136328,31.363324679725586,1.0
824,85.82536854069551,30.730232234376935,1.0
825,92.0269321431922,30.23661794725917,1.0
826,97.08931004653124,29.644735056974152,1.0
827,99.31481548959869,28.48162439251345,1.0
828,106.88897136116954,27.57803555818806,1.0
829,114.98871693052078,27.842399387704635,1.0
830,119.83979929895894,28.048159279571298,1.0
831,119.52625904884754,28.238122397026274,1.0
832,124.00065759905192,28.27824764746806,1.0
833,127.12805156992307,28.217173591122307,1.0
834,140.5787071536932,29.288460142975122,1.0
835,148.80119768167953,30.021209604180292,1.0
836,154.9588589027268,30.434929808893934,1.0
837,161.49175616780855,31.243665292421024,1.0
838,165.68551493899275,32.28456196485835,1.0
839,169.78498220608523,32.72403891120038,1.0
840,171.48527700389124,32.625522358475386,1.0
841,178.9607258667885,32.66890266394544,1.0
842,187.2593500809481,33.29581520352137,1.0
843,190.18615237838847,33.384691652961,1.0
844,197.94622978890223,33.61223915072232,0.0
845,201.55446337764343,33.724454385649615,0.0
846,211.2872774069125,34.160040106623526,0.0
847,209.45442141889143,33.65532489049126,0.0
848,215.0433674959249,33.344700316856404,0.0
849,215.52258421624884,32.904496904302064,0.0
850,213.80681117384276,31.982140646289917,0.0
851,212.84763936993292,30.185659659051886,0.0
852,215.9595624945876,28.16028050479043,-1.0
853,220.72663100039077,25.80516708728738,-1.0
854,226.3144689381897,24.39132133928071,-1.0
855,225.528349793782,22.992394480469784,-1.0
856,223.0893506872431,21.381148272595453,-1.0
857,227.94152300079716,20.09239791561082,-1.0
858,231.5551646071212,18.83752907110326,-1.0
859,232.28513301354872,17.41471672996955,-1.0
860,240.3257829878164,16.061111869730876,-1.0
861,238.1481881517375,14.682047934014443,-1.0
862,241.59687427177744,13.928469711074,-1.0
863,237.324415104348,12.624268716408924,-1.0
864,234.95351648044075,11.596845314554892,-1.0
865,236.1671835119906,10.65233636390304,-1.0
866,206.32797249397404,11.05071602384339,-1.0
867,199.71971219567712,11.959859010090218,-1.0
868,188.69143734199065,14.307693592407988,-1.0
869,186.2036514177352,16.496357998976812,-1.0
870,178.99726841876827,19.043294358867158,-1.0
871,174.13243051978176,21.626299043639435,-1.0
872,173.6336967968009,23.826365607303686,-1.0
873,172.4333112456688,25.714024428621325,-1.0
874,172.92270889641415,27.078298038095404,-1.0
875,170.84812435261304,28.27856546926163,-1.0
876,164.46232984161122,29.676000070858393,-1.0
877,160.1893217553323,30.816557432617184,-1.0
878,157.90900545433408,31.49739053338214,-1.0
879,145.841538944653,32.512264002656984,-1.0
880,137.1337265743225,32.965462719360254,-1.0
881,127.58984855491332,33.53402551377366,-1.0
882,124.5095640737257,33.04783395449534,-1.0
883,122.7870003617478,32.04399293700903,-1.0
884,118.47523922498785,30.504502604555835,-1.0
885,114.01554723881,27.815508562323654,-1.0
886,112.21921207877902,27.49579229228631,-1.0
887,108.78863893307825,27.252476801147974,-1.0
888,104.84639893267396,27.530244462425863,-1.0
889,105.38715062351176,27.310142846346242,-1.0
890,102.3678391642474,27.274353612926614,-1.0
891,95.03141219364308,27.572691660662773,-1.0
892,88.84981032823562,27.767540743201256,-1.0
893,85.13354122669809,27.662178347000054,-1.0
894,82.79799265100776,26.9414948105617,-1.0
895,80.32363276038345,25.78674355197258,-1.0
896,69.88495079239517,25.278858039084806,-1.0
897,70.45701062151983,24.25633998149675,-1.0
898,67.29942387542755,22.806913644945837,-1.0
899,62.67610880817556,22.193935554568114,-1.0
900,56.31663002964445,22.248125698684436,-1.0
901,50.75316244850661,22.945273491300156,-1.0
902,51.19810274617499,23.189387838540828,-1.0
903,45.16228977275855,23.46352078697525,-1.0
904,38.41820665935848,24.02271701941508,0.0
905,36.55722410245609,24.42218990413582,0.0
906,34.9100406225654,24.459827591792823,0.0
907,29.15781779468933,24.612530815250363,0.0
908,25.334768211997925,24.747851969950432,0.0
909,20.04464969797401,24.575077654573718,0.0
910,16.71220074359053,24.19652398381865,0.0
911,17.640737096877245,23.699898675920423,0.0
912,14.386694753967944,23.36709593556586,0.0
913,9.856351917106196,23.091023996606854,0.0
914,6.655359281699489,22.628943382659944,0.0
915,8.767721806217693,21.5816201046709,0.0
916,8.162063058729672,20.977521950302034,0.0
917,8.576462763156968,19.772204312841613,1.0
918,21.24684172038367,17.839534405448656,0.0
919,22.564979473853995,15.90027217494276,0.0
920,24.175485012113956,14.223624071115907,0.0
921,26.799152952596582,12.839002010715229,0.0
922,28.892344050593262,11.146824057721808,0.0
923,27.947692152003498,9.872265682469575,0.0
924,27.228334200557214,9.143664016630908,0.0
925,28.199606249704143,8.55685828756193,0.0
926,24.520604261065277,7.918825639525731,1.0
927,24.461322485099828,7.694540249658859,1.0
928,28.27064642938912,7.836230691494968,1.0
929,30.817113900452952,8.218073537416409,1.0
930,33.785247225168376,8.699077427740288,1.0
931,33.49203028553664,9.076645376249934,1.0
932,34.06662466634734,9.279150493784403,1.0
933,36.88640571199336,9.244025170740096,0.0
934,35.28804016940971,8.56364992149954,1.0
935,39.03934353596632,8.073195386979732,1.0
936,38.0590862344356,7.063179581157618,1.0
937,32.57440803230109,5.2734649589746425,1.0
938,32.44118348500635,4.884675576807949,1.0
939,36.004216545877355,4.658332890196612,1.0
940,37.35638210912913,4.551212267097898,1.0
941,36.41185185218441,4.501887780079421,1.0
942,39.47802300320284,4.699689474272129,1.0
943,39.77401256257858,4.797835660385854,1.0
944,40.29356321247292,4.801645674683765,1.0
945,40.48503903769918,4.798170288954639,1.0
946,44.453802416997874,4.645669594495361,1.0
947,44.85305837871708,4.279002901117925,1.0
948,46.513250396776726,4.333490649694187,1.0
949,44.39874628625904,4.277833553178622,1.0
950,50.62464009451945,4.950358593069519,1.0
951,49.952958070755386,5.319237836120677,1.0
952,47.74010538634437,5.401642018861458,1.0
953,50.31958218045506,5.736266056804988,1.0
954,51.047460646185726,5.945121770116911,1.0
955,51.62444836741781,6.262666633483775,1.0
956,49.87623096495184,6.356502171738336,1.0
957,54.52274236888788,6.299678625169619,1.0
958,50.12747391058771,5.748594907668985,1.0
959,54.7513639943714,5.682343019151262,1.0
960,53.2265231006205,5.482513248766294,1.0
961,51.82290996251142,4.971740075121618,1.0
962,51.64896436883093,4.633614319928161,1.0
963,52.25709675970698,4.2336025458945095,1.0
964,53.24700477138738,3.7953601277710494,1.0
965,52.303006436111545,3.155329887553659,1.0
966,55.06309294165831,3.015554343612807,1.0
967,60.36824330335695,3.3798941708560384,1.0
968,58.04754934751486,3.454551459972847,1.0
969,61.98434706144822,3.612601301643978,1.0
970,64.68363966668409,4.401960581982832,1.0
971,66.1624980998469,5.105762933338786,1.0
972,64.50629052219516,5.302928212514892,1.0
973,64.84141874704831,5.561522772063775,1.0
974,61.91000809749595,5.571952678814945,1.0
975,62.89598912434987,5.606944240471495,1.0
976,68.78440590300964,5.891732292119362,1.0
977,72.24588651055053,6.605799929097404,1.0
978,71.78104142383614,6.837913469697847,1.0
979,73.38656492548668,7.319604049016016,1.0
980,80.77610141350155,8.295401832959842,-1.0
981,82.67403698514804,9.051964474230545,-1.0
982,84.70485002801679,9.678413349613445,-1.0
983,76.19848436373499,9.4141707163984,-1.0
984,77.86051019216993,9.150427760323643,-1.0
985,74.40986122067174,8.455851875650131,-1.0
986,66.18594767509407,7.821593416025443,1.0
987,63.084945264244325,7.672804459976161,1.0
988,59.97693515522445,7.527270008531178,1.0
989,61.88115820061293,7.533052381486697,1.0
990,66.80129272051143,7.469787342582988,1.0
991,71.73036066475395,7.420737779215642,1.0
992,77.52284845916138,7.45365539705479,1.0
993,79.21261015245854,7.5228566441035705,1.0
994,82.57184471986734,7.5262079167620115,1.0
995,79.42766698711148,7.293027765291154,1.0
996,86.11941204452818,7.713467901813318,1.0
997,88.31481381043457,8.28961903056466,1.0
998,96.88946609615338,9.545734648981533,1.0
999,99.17398226154504,10.768285315533674,1.0
1000,102.6395775174398,12.11451061523942,-1.0
1001,107.50998210345124,13.694891135410868,-1.0
1002,111.82478190009525,15.409064569877435,-1.0
1003,116.92131941491613,17.25611183744416,-1.0
1004,115.6228322222742,18.618388452093612,-1.0
1005,113.79394769281546,19.459571646251753,-1.0
1006,114.58917031561712,19.696031605948225,-1.0
1007,107.82802019981656,19.034190114115642,-1.0
1008,109.15062626363384,17.814454733780316,-1.0
1009,104.98047667331896,16.197399533856117,-1.0
1010,102.2359604931692,14.624357496936634,-1.0
1011,99.1740611997353,13.208993440296847,-1.0
1012,99.53325618992928,12.130306654604404,-1.0
1013,92.22784605211775,11.222085364422789,-1.0
1014,86.44446200772876,10.9068018944752,-1.0
1015,80.08309369708294,10.837056890329967,-1.0
1016,69.3747245273755,12.610175058816434,-1.0
1017,55.639110911617735,15.991956313556903,-1.0
1018,44.4023460673412,20.166935738047673,-1.0
1019,39.03362932469906,23.908523904545476,-1.0
1020,32.14068825049395,27.44839759754535,-1.0
1021,24.96703573955827,30.70883397605875,-1.0
1022,14.802948673150553,33.910671937667956,-1.0
1023,7.818849399038669,36.52745806651366,-1.0
1024,-2.062962359362245,39.14194847442051,-1.0
1025,-13.921742028845102,41.90845732931022,-1.0
1026,-20.302914912424825,44.040691142059586,-1.0
1027,-23.57893291513747,45.775993843643484,-1.0
1028,-37.86921309917207,47.56510824820891,-1.0
1029,-54.0488368640693,49.853030876173236,-1.0
1030,-51.577490111721545,50.75904844986316,-1.0
1031,-54.52676121544428,50.909880492622456,-1.0
1032,-62.71203186484448,50.39777004706477,-1.0
1033,-65.05215769719098,49.36838206660956,-1.0
1034,-63.87472930324176,47.474680619891785,-1.0
1035,-72.21908911669578,45.43814125678156,-1.0
1036,-79.33462421909505,43.607041987138174,-1.0
1037,-89.69384706556298,42.59191749129989,-1.0
1038,-95.85977586513022,41.864974005338375,-1.0
1039,-102.0028028779011,40.88996848750163,-1.0
1040,-81.17496502877489,38.05531425519346,-1.0
1041,-89.45213642804461,35.308911396311345,-1.0
1042,-101.60235859593296,33.28267311568468,-1.0
1043,-108.85113423339146,31.373149606013076,-1.0
1044,-117.4999015092769,30.069796626151764,-1.0
1045,-139.9698936539864,31.05460535440634,-1.0
1046,-138.63366075620368,31.244512916411296,-1.0
1047,-151.3556595165611,31.840673046977898,-1.0
1048,-149.86576496817042,32.4280349305253,-1.0
1049,-163.95313477035566,34.63408974354428,0.0
1050,-166.0323135889396,35.82805761332221,0.0
1051,-182.9384727907991,37.817463457644784,0.0
1052,-185.9824348804131,39.52233690995319,0.0
1053,-177.0946697834264,39.6719920004443,0.0
1054,-180.4868483827672,39.11044592058425,0.0
1055,-194.55434482200343,39.37757553776386,0.0
1056,-195.98687658050343,39.36627108494795,0.0
1057,-197.8341763306948,39.425642211565666,0.0
1058,-200.8886493956516,39.382423525217504,0.0
1059,-199.7472170300375,39.004848002276745,0.0
1060,-203.9106120325251,36.12966458662533,0.0
1061,-202.37078338149277,32.811901148152465,0.0
1062,-213.43131279903864,30.340871017346632,1.0
1063,-203.3254611226728,26.89306432464312,0.0
1064,-212.2489953822073,23.7861301839387,1.0
1065,-189.17272129272777,21.536112434346098,0.0
1066,-185.29226946062204,18.507301667424336,0.0
1067,-193.45179637337355,16.417325148753118,1.0
1068,-195.763894656138,13.464857118948345,1.0
1069,-198.15298937717813,11.747831312713979,1.0
1070,-198.56839664826623,9.766499621799563,1.0
1071,-190.72213356240985,9.384691457851057,1.0
1072,-190.86256533717224,9.172962680219399,1.0
1073,-181.91211120138632,8.695902207172354,1.0
1074,-177.55271704026546,8.998589225932543,-1.0
1075,-181.74275626738196,9.566543914578306,1.0
1076,-176.54982701309504,10.474404896445613,-1.0
1077,-166.67737714031762,12.160989186924269,-1.0
1078,-168.89513388386945,13.149022753430726,-1.0
1079,-168.74043301337616,13.932238294941655,-1.0
1080,-174.44535230233282,13.93809206934354,-1.0
1081,-187.3090761784572,13.550359310189197,1.0
1082,-198.57023448514067,12.428460746391377,1.0
1083,-193.3073320576071,11.927557361652692,1.0
1084,-182.49917451598063,10.289557822038928,1.0
1085,-182.1181454644296,10.260201510648635,1.0
1086,-190.11475296094676,10.332337278104493,1.0
1087,-189.5232738880869,10.197624201112745,1.0
1088,-184.68246687391053,9.860395417554027,1.0
1089,-171.86400577328445,9.6449759552118,1.0
1090,-172.27357911156827,9.16746610998693,1.0
1091,-173.1034463301519,9.08259847961402,1.0
1092,-174.72488349524974,8.839963304154603,1.0
1093,-158.95397913136514,9.973352121486283,1.0
1094,-148.25649403822572,12.07745459121757,-1.0
1095,-143.56841442182704,14.16139834163646,-1.0
1096,-147.14031741951908,15.490302945560707,-1.0
1097,-158.25486828198106,15.806493325607114,-1.0
1098,-165.90387778484288,15.865575693753565,-1.0
1099,-163.91422988160002,15.974387471561036,-1.0
1100,-191.98039464950003,16.527977582543286,1.0
1101,-186.939382527912,16.51239483825304,1.0
1102,-180.4143890915337,15.555169418687896,1.0
1103,-171.69063512302571,14.800898385333292,-1.0
1104,-198.4427798344904,15.797831990277462,1.0
1105,-194.0876499265667,16.389321743024052,1.0
1106,-169.06415017734946,15.921332547489198,1.0
1107,-177.97723572405363,15.46440252292418,1.0
1108,-154.88674744118032,15.578808235634082,-1.0
1109,-162.46605347709456,15.666575348704102,1.0
1110,-153.0796783605557,16.083114844949645,-1.0
1111,-149.24901517838828,16.618300858930354,-1.0
1112,-151.78158835381797,16.886655570026292,-1.0
1113,-134.66590951393226,18.26740461341854,-1.0
1114,-139.79516092611786,18.77120871228464,-1.0
1115,-152.56838263797948,18.339226418732412,-1.0
1116,-170.56148760291163,17.865984699290607,0.0
1117,-152.56602929290466,18.046628168038158,-1.0
1118,-171.95494279588615,18.093798085778825,1.0
1119,-186.08243379351825,18.60501126675954,1.0
1120,-189.89537100725647,18.46601567595501,1.0
1121,-182.12658165485655,18.22792666025641,1.0
1122,-177.476159681112,18.12710598822298,1.0
1123,-176.76493180150823,18.231118231939007,1.0
1124,-180.8881625898439,17.03489560665188,1.0
1125,-187.10672493522569,16.50079427260189,1.0
1126,-167.10617018503987,16.487759833046166,1.0
1127,-152.48560973597253,16.49436805786727,-1.0
1128,-161.30626861205408,16.355737350331438,1.0
1129,-162.2714441000636,16.357379716557936,1.0
1130,-181.21997903991897,16.489019297041384,1.0
1131,-167.44184568464533,15.987626504005497,1.0
1132,-161.32686352823754,15.63854759865639,1.0
1133,-147.5129150715286,14.423418963371521,1.0
1134,-146.06336215329986,13.82427800288883,1.0
1135,-149.2960082139998,14.043336021372392,1.0
1136,-145.79873501020015,14.92283167800619,1.0
1137,-138.6891990215806,15.933984152574462,1.0
1138,-127.98155406809592,18.0548132219062,1.0
1139,-130.52291697100463,18.8084582451636,1.0
1140,-139.97468078958204,18.166221447439668,1.0
1141,-132.19364018160107,18.27577585530582,1.0
1142,-123.01912971140284,19.053152842063774,1.0
1143,-129.70620924516172,18.992801446764616,1.0
1144,-114.60766140152084,19.390988023500032,1.0
1145,-110.194942615487,18.906447829501502,1.0
1146,-108.12545051772427,19.764667630184277,1.0
1147,-102.5553131987278,21.388938150562804,1.0
1148,-109.96854564179748,21.648798908058335,1.0
1149,-106.61329736174152,21.7284461820885,1.0
1150,-107.25585025098434,19.37063299954206,1.0
1151,-110.23524615908195,17.69290886467006,1.0
1152,-93.69341971202772,17.261341389973577,1.0
1153,-91.71236364470056,17.713566277709578,1.0
1154,-85.52034573623968,18.35060145085804,1.0
1155,-70.879583964776,19.619095845894606,1.0
1156,-61.85928980147392,21.351889565059157,1.0
1157,-70.8955580119304,21.892854504799164,1.0
1158,-65.34700681877399,23.086835112571777,1.0
1159,-65.13769137973952,23.643437019427825,1.0
1160,-54.194016261937634,23.785441263299457,0.0
1161,-59.92435524369347,23.43423358395107,1.0
1162,-28.87519578501184,26.184677778852148,0.0
1163,-23.2883773357226,27.885028779698487,0.0
1164,-33.10824113903064,28.815345930036067,0.0
1165,-46.63068703307957,28.57837129767259,0.0
1166,-49.27300111613917,27.989230992180282,0.0
1167,-51.12974504765237,27.375228440663516,0.0
1168,-53.36775218620883,25.829185437132434,0.0
1169,-45.506425381405336,24.40262019505283,0.0
1170,-38.741999344568285,22.668210169672605,0.0
1171,-27.253030181078717,20.470709072636403,0.0
1172,-29.103152478161604,19.238595594762565,0.0
1173,-32.43343829221135,17.369159619657175,0.0
1174,-28.97911265653352,15.744375425620035,0.0
1175,-36.35673099880836,14.831006261417622,0.0
1176,-32.133263053154,14.546707989084718,0.0
1177,-36.518086420933,13.109736767528606,0.0
1178,-31.588630622948894,12.058325155253582,0.0
1179,-29.698370417427668,10.727828019656979,0.0
1180,-29.59111524579612,10.220657264591168,-1.0
1181,-36.10734000943973,8.70577780787663,1.0
1182,-42.77611109960984,8.663145001493955,1.0
1183,-38.91576835934171,8.076697900511576,1.0
1184,-45.02545587587028,8.17766839009558,1.0
1185,-41.90567252836922,7.982855751099629,1.0
1186,-34.71554994086205,7.534727513413968,1.0
1187,-24.27645436729512,7.290272338056484,-1.0
1188,-19.67462776407058,6.886532914768564,-1.0
1189,-21.03986947245437,6.920147505497377,-1.0
1190,-27.047577291357868,6.889352885402248,-1.0
1191,-27.60210745876537,6.876438493450346,-1.0
1192,-17.440743770668462,7.614401814058463,-1.0
1193,-18.20068561924944,8.185097388504836,-1.0
1194,-17.527468121062782,8.715753788818743,-1.0
1195,-20.0321979570669,8.891859896342023,-1.0
1196,-26.008854604802597,8.905142636842939,-1.0
1197,-24.160843856487872,8.804977868922036,-1.0
1198,-33.32933074022509,8.843896985038903,-1.0
1199,-40.65074762005946,9.235865521168433,-1.0
1200,-30.832277823415268,9.242082214649914,-1.0
1201,-48.55304681898889,10.099297866854704,1.0
1202,-57.99548616728805,11.57877015940272,1.0
1203,-53.88444219588172,12.575472532896386,1.0
1204,-51.19864997198164,12.99384616544525,1.0
1205,-44.64181178776386,13.11959752860486,1.0
1206,-43.921756676935445,13.38098078970921,1.0
1207,-37.64196535710232,13.287293665476637,1.0
1208,-29.749035457973942,12.939179657665465,1.0
1209,-26.840148301757893,12.706391765446343,1.0
1210,-33.2038541677519,12.606776473113118,1.0
1211,-38.34770462406476,12.540904549832097,1.0
1212,-35.901633626442674,11.86422289033942,1.0
1213,-24.825061095415837,11.436766573773598,1.0
1214,-28.25250407107552,10.758201842259528,1.0
1215,-23.67237235223212,10.492470087478832,1.0
1216,-14.139565008005375,11.422310090136687,1.0
1217,-8.62884243487315,12.729106155499899,1.0
1218,1.892190614506319,15.21194291566454,1.0
1219,3.7274206794967313,17.22502042131751,1.0
1220,12.07312209095619,19.773600296953628,1.0
1221,13.590213332649055,21.38672791560853,1.0
1222,29.9580135803987,23.423992501797944,1.0
1223,33.45878011086256,25.180166980203833,1.0
1224,37.377599645637645,26.65309099784511,1.0
1225,45.84018919263116,28.587870781545316,1.0
1226,62.92501401002761,31.434340673390636,1.0
1227,55.5897544590095,32.907910791028776,1.0
1228,46.83823538019345,33.513125084996425,1.0
1229,46.39236373180256,33.79627407139489,1.0
1230,51.003151010259614,33.48799466839084,1.0
1231,64.52808991073215,33.027809894192096,1.0
1232,139.71561669287624,40.34161460835195,1.0
1233,144.82266415563728,46.21877789758953,1.0
1234,148.9702285042414,50.12549744511989,1.0
1235,157.00292731459683,53.34847511246689,1.0
1236,171.49352667445805,56.960277917019795,1.0
1237,177.6535216090987,59.802881684733975,1.0
1238,185.9649433860032,62.50926222097834,1.0
1239,191.35947718525503,64.28601960140746,1.0
1240,204.29058697547373,66.23135428890481,1.0
1241,197.63059823727448,66.3147595323322,1.0
1242,206.82867001829732,66.91993888217884,1.0
1243,219.1257955586383,67.3807120972177,1.0
1244,233.3518473619274,67.79241303662282,1.0
1245,256.0134338586257,69.1024385541567,0.0
1246,268.3727088306438,71.02199991821259,0.0
1247,272.79506870820114,71.08874721987434,0.0
1248,285.346061556058,69.46719658907317,0.0
1249,284.295269348925,65.43201827092878,0.0
1250,272.49225256091165,58.50603979129248,0.0
1251,290.4441430924616,51.53336327779758,0.0
1252,291.0888184031986,50.9455365609441,0.0
1253,289.5884039052564,49.52271549969284,0.0
1254,286.23474066235394,47.12555479790948,0.0
1255,315.47226745189795,46.26953318507569,0.0
1256,317.31388945538924,45.56184021224958,0.0
1257,319.8571318498196,44.38309290132658,0.0
1258,317.3152682781095,42.629310284961235,0.0
1259,309.3459075761292,39.83437354952916,0.0
1260,305.59176601233025,37.139743228281304,0.0
1261,304.7467991002738,32.541926834504146,-1.0
1262,321.1567432458147,28.363508943230787,-1.0
1263,335.0476682443263,25.21884873041984,-1.0
1264,305.8840916373552,20.918082871677818,-1.0
1265,304.6882443442034,18.5438421905455,-1.0
1266,298.49695344461554,17.01239835501155,1.0
1267,302.4768275488361,15.627656830838626,-1.0
1268,289.964069854689,15.38778814062682,1.0
1269,297.44788962845,14.813278748190003,1.0
1270,315.1980413661344,13.04552983132456,-1.0
1271,324.3032216533579,13.135272786639362,-1.0
1272,325.19144539293103,13.097864624403867,-1.0
1273,316.7795550019332,12.336938875427771,-1.0
1274,287.8614116555002,12.171932812530592,-1.0
1275,282.06927730767035,13.681689112720434,-1.0
1276,298.85434694164223,13.716525763691463,-1.0
1277,268.82238312422794,15.977622819881306,-1.0
1278,271.39881480114605,17.432547957488826,-1.0
1279,259.85324136525696,19.86697071938749,-1.0
1280,263.39117694731254,21.503907712852037,-1.0
1281,250.20568930966127,24.006944873296305,-1.0
1282,262.7772189401502,24.32835847063418,-1.0
1283,258.30747388164934,23.387000633905537,-1.0
1284,247.57297411739975,24.790021658290666,-1.0
1285,231.81156001034623,27.18280645822827,-1.0
1286,234.0611587971211,28.964543458298387,-1.0
1287,228.8198082227349,30.519243635335435,-1.0
1288,207.73441275430176,33.85768359258058,-1.0
1289,196.5711356443053,37.160798940348286,-1.0
1290,178.3336519893826,40.21290136403443,-1.0
1291,165.64120935348546,42.395811874182215,-1.0
1292,153.9829242435257,44.050176335902364,-1.0
1293,136.68707332546091,46.56214166992223,-1.0
1294,127.05929231613374,50.529573187340986,-1.0
1295,114.9282441302683,54.47065058880938,0.0
1296,97.9530059898259,57.20036817404357,1.0
1297,72.89883175406703,62.71041926079998,1.0
1298,76.11901439993022,65.8067341003471,1.0
1299,76.05003396922245,68.0739842012349,1.0
1300,77.11860087232293,68.66671166834804,1.0
1301,68.04048745045566,69.50692799826227,1.0
1302,82.89911154735194,67.19214607470278,1.0
1303,75.65292408601886,64.27941522985073,1.0
1304,82.6153833630263,60.562818012566964,1.0
1305,67.8938791422965,57.68804821069531,1.0
1306,71.02927375177279,52.94644191438027,1.0
1307,48.3797865006963,48.21313715271566,1.0
1308,37.90747077614287,44.714457608476195,1.0
1309,48.3459227423366,39.9650755320293,1.0
1310,49.920761082828,35.60786158340723,1.0
1311,68.60898741678312,30.510886746364605,1.0
1312,95.11034468919894,25.618273658810974,1.0
1313,128.13331815304315,24.653556494673303,1.0
1314,163.18780920928083,29.297894498046176,1.0
1315,173.45177636054217,35.26935538300952,1.0
1316,190.9198273748601,42.68201596784458,0.0
1317,208.6425565780036,50.312808760815045,0.0
1318,212.756292771287,56.57274126775713,0.0
1319,226.2254864332387,62.677213692601654,0.0
1320,219.92850211621695,66.86763543721652,0.0
1321,216.47644628303487,69.45398671830208,0.0
1322,217.8032343158834,71.82354233053141,0.0
1323,233.99307181626585,74.18817972033428,0.0
1324,241.8929963139168,76.4372736337698,0.0
1325,240.84722397771716,76.91408565963175,0.0
1326,236.07380716455225,76.3185567684088,0.0
1327,203.73243478334717,71.81928992514867,0.0
1328,220.8024273197571,65.37617064062252,0.0
1329,218.61814156218296,58.0241983290333,0.0
1330,227.39560469759743,48.53330758086267,0.0
1331,213.5201986161071,37.99320956896739,0.0
1332,198.5909921709064,28.06445399443314,1.0
1333,226.2870517269357,20.66633335485643,-1.0
1334,232.4174536164156,17.09935900914848,-1.0
1335,244.13908138866196,14.51241137000757,-1.0
1336,236.99979185929251,12.968834106650727,-1.0
1337,233.94101135667324,12.636252852949942,-1.0
1338,240.5597766748693,12.733259202424296,-1.0
1339,225.53216398125423,12.73502462220912,-1.0
1340,220.3500793078824,12.723958246285964,-1.0
1341,205.51296322729743,13.396833340324731,1.0
1342,212.25730587915015,13.629718331985398,1.0
1343,232.77952332862225,13.593382856746183,-1.0
1344,219.56202849018047,13.093673032248356,-1.0
1345,218.4632886473301,12.568586880168757,-1.0
1346,222.4197694214643,12.20827422767121,-1.0
1347,191.5907886764176,13.440505109724633,1.0
1348,207.3957458881953,13.83643453347064,-1.0
1349,214.9342194547566,13.900024792387086,-1.0
1350,193.06104177512128,15.161764922140446,-1.0
1351,165.9861283568162,19.30939111133941,-1.0
1352,147.5324805277882,24.553797586689626,1.0
1353,140.72111813485884,29.386655354728436,1.0
1354,126.97556275854016,34.26480285441016,1.0
1355,146.51621304400555,35.33776941491624,1.0
1356,149.73617041331238,35.931290552940254,1.0
1357,164.57336392137273,35.398981753316704,1.0
1358,156.01078531160175,34.36876773907618,1.0
1359,145.82043304376157,34.42078403555596,1.0
1360,160.54870957552424,33.696784200213855,1.0
1361,161.6886220803973,33.4510757038824,1.0
1362,167.6610489748071,32.58772323329691,1.0
1363,197.17860348786013,30.25178695133133,1.0
1364,209.14807744430283,29.523803825114456,-1.0
1365,191.20705069304532,27.97094372755576,1.0
1366,160.58756650081716,25.536412533089848,1.0
1367,198.69728322656425,25.90032118774215,1.0
1368,238.5816438175973,29.004018137422808,1.0
1369,215.0454563952509,29.01272254028556,1.0
1370,251.29436389458093,33.782080916206915,1.0
1371,252.31181820843975,37.86775207467443,1.0
1372,250.2446737164977,40.25223991308228,1.0
1373,243.5165919871191,40.96126153911596,1.0
1374,262.839898961609,41.33383899171319,1.0
1375,239.82705208102615,40.69664459534443,1.0
1376,255.15265284753747,40.55776375646517,1.0
1377,254.73991169075168,40.71025398533754,1.0
1378,241.58549419289272,39.13691406763184,1.0
1379,238.3674760548897,35.876792543626394,1.0
1380,238.9937337453368,33.285885587138296,1.0
1381,244.6012790618061,30.212389423814,1.0
1382,267.5182693753849,27.956145575394046,1.0
1383,274.51542926286226,28.150809534141672,1.0
1384,267.0851112767266,28.175645453639362,1.0
1385,288.33376436293406,27.811630010125256,1.0
1386,285.66646081209444,21.330048291613156,1.0
1387,320.6362609844138,23.112716383918205,1.0
1388,324.0556403341333,27.164057436567557,-1.0
1389,346.1895213728764,31.080068757314475,-1.0
1390,357.98698632882605,36.804236490138884,-1.0
1391,338.1506839654783,39.2258915957201,-1.0
1392,321.78160127375173,39.91330030253857,-1.0
1393,327.74822774297047,40.239565214973354,-1.0
1394,304.2805954620668,40.11663330565766,-1.0
1395,299.9113284857475,38.63130514715108,-1.0
1396,306.37927156577985,37.89996570723306,-1.0
1397,316.44937098832344,37.175384722465566,-1.0
1398,287.4777874025748,35.02583016972141,0.0
1399,270.7605404915401,32.81157651702225,0.0
1400,246.86549790727756,32.08774105283305,1.0
1401,245.57475822197864,32.00019057696388,1.0
1402,269.0955212561767,31.918107887799476,1.0
1403,252.6320249680649,33.185724621646976,1.0
1404,251.9193210729856,34.11021370986339,1.0
1405,243.45871284299665,36.198109030958044,1.0
1406,241.7877066770037,38.126249378733185,1.0
1407,237.90804063470995,39.507818155433256,1.0
1408,250.40957166536384,39.55163910097346,1.0
1409,277.91373700407587,36.927929741277026,1.0
1410,279.93205509411484,32.36443163738074,1.0
1411,286.3546274458712,29.265825152796868,1.0
1412,285.58631889118044,27.336882746783008,1.0
1413,283.6590301487012,24.405359524797984,1.0
1414,274.84146021988124,23.209201313730695,1.0
1415,262.2521104887976,22.198487860691905,1.0
1416,271.02690499938643,20.360160249694946,1.0
1417,290.62627142705406,17.689174304926734,1.0
1418,298.06883522145904,18.520602173769614,1.0
1419,286.4120705182507,19.05384244869395,1.0
1420,386.2444053250932,32.274858239004104,0.0
1421,358.4636745071835,36.65564398621348,0.0
1422,354.4821225566654,40.1907487655912,0.0
1423,342.228784688804,41.51717347598396,0.0
1424,340.7331753681741,42.17922774906466,0.0
1425,340.2790156838318,41.79435836167491,0.0
1426,343.7891288760531,40.856145377911034,0.0
1427,365.1613643847458,40.16053832037803,0.0
1428,362.0244621562824,39.34831345361605,0.0
1429,375.5770785936869,40.60831984722608,-1.0
1430,365.8116398587168,40.756944293132335,0.0
1431,377.3532182153335,41.4442115938847,-1.0
1432,372.76834883605216,41.30744342781476,0.0
1433,375.2697765220748,40.67034444019545,0.0
1434,361.8089731567088,38.23156982615352,0.0
1435,369.942956992794,33.80766549056382,-1.0
1436,367.2039502199624,28.935986378807,-1.0
1437,369.3731802579711,25.317831506354306,-1.0
1438,383.8263504355805,22.1115482825499,-1.0
1439,372.1074917880762,13.887506555721398,-1.0
1440,377.994702815757,13.309473399507363,-1.0
1441,381.1116020606213,13.785607933573578,-1.0
1442,372.4402351259845,13.652633036625117,-1.0
1443,340.61536188201774,13.803426325103565,-1.0
1444,327.1635494676287,15.3456379116308,-1.0
1445,319.96903228779826,17.582309796191332,-1.0
1446,315.72441701770526,20.20938963575726,1.0
1447,314.5481467427876,22.873357582155137,1.0
1448,322.7638667397585,24.340051262279857,1.0
1449,322.183909185616,25.2416063853159,1.0
1450,328.70715780293426,25.801114762030505,1.0
1451,326.3946794055836,25.85261212808787,1.0
1452,319.78527412795586,26.22683621347485,1.0
1453,321.4542430548317,26.090333799657603,1.0
1454,314.6689144704221,26.686286825842924,1.0
1455,307.84084117148615,27.045732691046496,1.0
1456,299.0905827764336,27.757924457981254,1.0
1457,292.3603409890012,28.349741385594953,1.0
1458,308.9086051039193,26.149888746255147,1.0
1459,351.2062674488518,24.72770440985427,1.0
1460,342.71757441228016,22.11220021173566,1.0
1461,354.78052750039194,19.29251828751781,1.0
1462,388.2493225467248,21.525962677575837,1.0
1463,404.391443267932,27.661246222190957,1.0
1464,415.3210529123582,33.69481322716408,1.0
1465,403.8652927231236,36.97707791128257,1.0
1466,400.3002066087599,39.10098118348459,1.0
1467,377.21697820332616,39.29778605322422,1.0
1468,381.78820947763313,39.74504915883946,1.0
1469,377.8208470493454,39.78554179971854,1.0
1470,402.7240340885058,41.04077355977306,1.0
1471,415.0226967558568,42.59667185800864,1.0
1472,425.7590390947247,44.03208367954431,1.0
1473,439.9501906808473,45.899701903021736,1.0
1474,453.7741542916642,47.55192807710852,1.0
1475,456.3423649250998,47.752794110201016,1.0
1476,476.2891578446721,47.49437748113571,1.0
1477,461.9560989680505,43.46687945190244,1.0
1478,471.9076973004354,40.273411186547264,1.0
1479,436.8049788295893,38.18281000569244,1.0
1480,448.3235811801643,34.91807893848147,1.0
1481,438.7180559019831,31.60021538885043,1.0
1482,454.868010442214,31.160760245857674,1.0
1483,511.9954957712978,35.94527329487301,1.0
1484,496.2935740008981,38.381608309414474,1.0
1485,506.104296033775,40.541927998378945,1.0
1486,507.3139725973908,41.8319919163668,1.0
1487,506.0797610959647,40.409951009554106,1.0
1488,513.0330968295629,38.7765636921259,1.0
1489,505.9871053721679,34.864422398501866,1.0
1490,509.557169757866,32.701965012512865,1.0
1491,522.1586892295495,31.669775356228467,1.0
1492,540.1031997678538,32.218324678733495,1.0
1493,546.1891405320855,33.500628055372886,1.0
1494,550.9427921317165,35.247193749976475,1.0
1495,571.8256848276263,38.24893095059708,1.0
1496,557.9407837567086,40.0332043096348,1.0
1497,574.4868987307298,41.84209184577031,1.0
1498,555.2718063524683,42.15278833095017,1.0
1499,541.1633238330454,38.570432480987016,1.0
1500,533.9698148926263,35.0288837529704,1.0
1501,543.1389142131201,29.23356101105623,1.0
1502,542.8353968532667,23.868217060574064,1.0
1503,570.5163357123367,24.875858174648325,1.0
1504,570.9063143694582,24.39590755612519,1.0
1505,568.7878608690635,24.042109815021355,1.0
1506,582.4896767153896,24.27337547979963,1.0
1507,581.9035591093019,23.729148332166098,1.0
1508,601.8908567636682,24.898652433857112,1.0
1509,612.7242871689941,25.585018251021722,1.0
1510,649.5782815911892,30.116941826661275,0.0
1511,640.6543649152588,32.60341082633448,0.0
1512,649.265403773343,35.969757879312446,0.0
1513,649.1536887708303,38.55458915016208,0.0
1514,648.4748538432445,40.47694093277907,0.0
1515,652.0818027111603,42.770253804939934,0.0
1516,644.0107807709054,43.55345264476522,0.0
1517,640.1991037558121,44.34316151774595,0.0
1518,646.9681092332878,44.3297431819308,0.0
1519,648.3545369477173,42.846928971726285,0.0
1520,659.2611230301874,40.405409429874325,0.0
1521,651.4077572979073,37.3885378723295,0.0
1522,669.9980174511007,34.144646849149225,-1.0
1523,656.5754411785044,32.017341960465174,-1.0
1524,654.9165418148639,29.06036535736565,-1.0
1525,653.8719156536475,24.68937484296382,-1.0
1526,649.6631327878324,20.754005022118214,-1.0
1527,636.382461001906,15.115816181181232,1.0
1528,638.4547574487517,11.244739144892888,1.0
1529,640.3924566664447,7.9465518295211055,1.0
1530,656.0178143038027,8.100890104184517,-1.0
1531,659.9731147796867,8.166589895781124,-1.0
1532,634.9487742968512,8.857603722299553,1.0
1533,655.5545807593351,8.957405403966845,-1.0
1534,660.9895142924822,9.285527639116895,-1.0
1535,647.9714592663773,9.29418339262596,-1.0
1536,628.9865207134451,10.373411429928828,-1.0
1537,631.6953970864973,10.935652901867062,-1.0
1538,626.8541628146061,12.015464982672334,-1.0
1539,625.7051314672269,13.017159728630293,-1.0
1540,613.0286068531411,14.71585994484223,-1.0
1541,596.9061230213599,18.067090606668238,1.0
1542,593.7820239100228,19.79383849734529,1.0
1543,571.5646463411196,24.2509788556862,1.0
1544,598.390237550901,24.954326486052274,1.0
1545,613.5611216619175,24.640529594506308,-1.0
1546,615.1255269834807,24.327470966042217,-1.0
1547,647.6611881088745,24.676962008440913,-1.0
1548,645.937926418248,24.90147693266959,-1.0
1549,612.8674998515302,24.955767106240053,-1.0
1550,615.1335610275356,24.102942550512328,-1.0
1551,615.6617717633624,22.69835672254787,-1.0
1552,595.0123978590425,23.3048802674716,-1.0
1553,601.2174201063117,22.15683648096236,-1.0
1554,573.6709702332664,21.820214198959874,-1.0
1555,591.8025323402396,20.743020972743324,-1.0
1556,585.6246853550504,20.99874246662388,-1.0
1557,584.8435806910194,20.895073155169175,-1.0
1558,578.3381869212071,21.187356231131613,-1.0
1559,562.7525805813211,22.401884372101218,-1.0
1560,564.1117333394064,23.616053524492298,-1.0
1561,564.6870274429942,24.7791008472414,-1.0
1562,561.2292039688818,26.01155211703296,-1.0
1563,561.22299822512,26.597293931927815,-1.0
1564,551.3510548696023,28.257806315256634,-1.0
1565,526.2636018085619,31.340863461132482,-1.0
1566,537.2525309625552,32.570842709218454,-1.0
1567,511.9950099376524,32.70481346853698,-1.0
1568,496.0851260837193,33.25270659714984,-1.0
1569,499.2835423277727,35.113660105545094,-1.0
1570,491.21832330086335,36.49852653044748,-1.0
1571,476.49092509880194,38.094341352152625,-1.0
1572,470.6897953850584,40.55099061680293,0.0
1573,452.6702545346817,43.13854106323537,0.0
1574,445.5352533162916,46.77951356119027,0.0
1575,437.4763118020265,48.84773480920169,0.0
1576,427.94978683451,50.88257776100772,1.0
1577,446.8734603935288,50.274494683656954,0.0
1578,441.00271138536647,49.56061866214868,0.0
1579,423.36471753507055,50.260820721801394,1.0
1580,412.7084319854738,50.599363433547076,1.0
1581,439.1459004286441,48.15214490578953,1.0
1582,452.1115730315757,44.57119252877876,1.0
1583,462.8085900479001,39.72404257479558,1.0
1584,455.11263146061833,34.90170562468979,1.0
1585,448.375825637731,31.963213557240554,1.0
1586,455.8145119225351,26.515640227360482,1.0
1587,460.6252202551232,23.22627324082203,1.0
1588,468.1621983268128,21.377561997720246,1.0
1589,484.0952276087359,19.87789740968787,1.0
1590,488.4256281746218,19.600296424004796,1.0
1591,479.4769711734812,19.80320943138344,1.0
1592,483.1132321037634,20.57943086731624,1.0
1593,505.1337315008119,23.621473657929215,1.0
1594,503.9729251079805,25.791019884581754,1.0
1595,491.963700488145,26.294295397985913,1.0
1596,495.98280122061385,26.12401541655689,1.0
1597,475.5016287580419,25.866566836095327,1.0
1598,476.2193093575884,25.241749833643915,1.0
1599,499.12591501864,23.818698212023573,1.0
1600,523.2562074325531,22.128127368714868,1.0
1601,539.1604083197387,24.22484077743042,1.0
1602,543.9883158929059,26.753901808086844,1.0
1603,570.1559877090906,31.912539639059574,1.0
1604,569.4996025317041,34.98378376240014,1.0
1605,556.7632833866332,35.26918871218186,1.0
1606,533.6151560475188,33.99796374250216,1.0
1607,542.8714919282073,33.00043105953572,1.0
1608,570.0421354890502,33.8080128220516,1.0
1609,576.3392976254966,35.39259019798726,1.0
1610,572.439903999399,36.26903563379834,1.0
1611,586.6812455320006,37.033822709558606,1.0
1612,624.8793111793707,40.80315205450201,1.0
1613,663.099720184886,48.662730463387746,1.0
1614,703.3842460413193,58.98127227487549,1.0
1615,734.4680098535831,69.21696350578843,1.0
1616,755.5132146092043,78.7070710485489,1.0
1617,780.6982161921546,86.41543050620746,1.0
1618,777.2432612192495,90.55082496914677,1.0
1619,802.7879437254527,96.06684360077409,1.0
1620,811.6180905698252,101.2785363447292,1.0
1621,846.6041673188731,108.14494559149757,1.0
1622,882.5690997633204,115.88905352615458,1.0
1623,851.2027601002422,119.72981912677041,1.0
1624,848.2167836196625,121.5264840029077,1.0
1625,873.7730353736622,122.38715264527106,1.0
1626,892.726495509217,120.40842146734877,1.0
1627,935.872376541824,119.49259137618314,1.0
1628,941.9625555811032,118.2073221691147,1.0
1629,963.8978988091468,115.999623369692,0.0
1630,992.0789849318448,111.98636997070516,0.0
1631,999.0431388713888,105.82636801025407,0.0
1632,1020.03719495515,101.51258472415343,0.0
1633,1052.2147849872931,100.31308246967303,0.0
1634,1042.798349371805,98.75349005530941,0.0
1635,1045.683447247652,97.42241256329339,0.0
1636,1084.6121411045408,98.48481879776214,0.0
1637,1104.6661068830729,100.59196957636901,0.0
1638,1093.491415423753,98.7518096447694,0.0
1639,1054.29427608606,94.35940832645414,0.0
1640,1077.428307499144,89.9586080306569,0.0
1641,1075.5827508588368,86.57393076839344,0.0
1642,1087.1108434204325,85.08369717785607,0.0
1643,1118.658069783512,81.08688832156356,0.0
1644,1085.0991405515792,72.22766998451918,1.0
1645,1102.8139689669683,64.37657973451209,0.0
1646,1109.863360133062,56.30105227115057,1.0
1647,1134.3506946489497,52.616025053973246,0.0
1648,1095.8979709830842,45.30122417667543,1.0
1649,1134.5724289798584,40.702873633478795,1.0
1650,1117.963582673061,36.65325038904378,1.0
1651,1121.7388671837912,32.050309746489404,1.0
1652,1113.56088696632,28.214220858422593,1.0
1653,1124.2816865857426,27.37170259102141,1.0
1654,1129.7377801762605,25.262874567312863,1.0
1655,1147.687570438071,23.85620817385969,1.0
1656,1184.439205663407,29.087905435957666,-1.0
1657,1101.4600079972888,29.131489772739567,1.0
1658,1121.1299867376797,28.937000238014964,1.0
1659,1127.9226753720432,25.73070952640079,1.0
1660,1131.7076999401447,24.32043415235231,1.0
1661,1129.626327375047,22.24025275743271,1.0
1662,1144.9994845889048,21.349321968912854,1.0
1663,1178.379654802951,24.52197404838439,-1.0
1664,1199.2262371823672,27.40197246672095,-1.0
1665,1178.0668063728128,28.25465286844186,-1.0
1666,1161.6311950210131,28.073013746746017,-1.0
1667,1167.2966568106383,28.74931176924237,-1.0
1668,1136.399925980613,26.797497301778847,-1.0
1669,1156.9176013221436,26.9111410041944,-1.0
1670,1165.178209103913,26.602976841340265,-1.0
1671,1152.5238219948071,26.005006390688045,-1.0
1672,1127.7733275527607,25.207597401426014,-1.0
1673,1103.7944956919623,26.612918483561668,-1.0
1674,1048.288460060921,34.503264328943025,1.0
1675,1048.639710665476,40.42827733529694,1.0
1676,1060.3892860653775,42.43811343581661,1.0
1677,1047.7834562261444,46.02162378260017,1.0
1678,1052.0158224094178,49.16173127261254,1.0
1679,1079.1010115017573,50.25736665746588,1.0
1680,1095.577160257103,50.59454968120749,1.0
1681,1119.409086777621,50.56166784921935,1.0
1682,1149.9195933171009,50.69550560947918,0.0
1683,1145.33116764726,49.25929814066161,0.0
1684,1125.382758539747,45.6229660873829,1.0
1685,1123.968628752056,43.29835607194756,1.0
1686,1086.721969637816,42.12763884505291,1.0
1687,1115.193114496202,39.92678058793064,1.0
1688,1130.1629820547168,39.708956929283694,1.0
1689,1150.5553362779417,39.30898428113971,0.0
1690,1179.907151940566,40.58566840432206,0.0
1691,1196.5302564210338,44.207895803324874,-1.0
1692,1190.5938328855304,47.68301667673507,0.0
1693,1188.5783144587308,50.554124232206064,0.0
1694,1166.7709859522563,49.03443886284282,0.0
1695,1128.3545099476132,45.83963888790295,1.0
1696,1169.4175355845164,43.99558314758324,0.0
1697,1137.8575643067888,39.270553745678264,1.0
1698,1165.2327457064907,34.28454597149805,0.0
1699,1146.7017457630564,30.898507834451422,1.0
1700,1149.0450301062897,28.566995217704797,1.0
1701,1153.7740254967416,27.761086383575275,1.0
1702,1159.892660038655,27.848997269891438,-1.0
1703,1155.079779627402,27.839104548932607,1.0
1704,1165.7140930637506,27.343194363223617,-1.0
1705,1167.9880748704309,26.64588594191616,-1.0
1706,1182.0427254451577,21.84438615763667,-1.0
1707,1176.2921034941926,19.386919398055298,-1.0
1708,1167.7400117282143,17.789632996452497,1.0
1709,1175.1554726498175,17.59474852562506,-1.0
1710,1194.9289615713965,18.51047042650579,-1.0
1711,1196.0650069563712,18.471504515657866,-1.0
1712,1198.389533573396,19.07118450426709,-1.0
1713,1182.762972636507,18.770873356146573,-1.0
1714,1193.970466577085,19.717867893575963,-1.0
1715,1181.1766025503618,17.495275481950344,-1.0
1716,1186.8954944591949,17.84708153741965,-1.0
1717,1175.824620411853,15.962464003646545,-1.0
1718,1176.6597611943216,15.846257736771813,-1.0
1719,1146.2025881534576,15.892347061490028,-1.0
1720,1127.430939095495,18.257571651588485,-1.0
1721,1105.3255920460629,23.44711341320446,-1.0
1722,1082.199278496951,30.669105405691905,-1.0
1723,1055.1079206793202,39.555264794451745,-1.0
1724,1051.4252909904558,46.602076761283826,-1.0
1725,1050.3770324341383,52.12653735292274,-1.0
1726,992.5462659918974,62.285004158730814,-1.0
1727,991.3601611954468,69.99263087778374,-1.0
1728,977.4393588794684,77.3646209261187,-1.0
1729,957.0923539324368,84.52311124526157,0.0
1730,959.6889119836792,88.52530478558783,0.0
1731,951.6513145866438,91.30488175673099,0.0
1732,930.5779335488572,93.74196721609819,0.0
1733,951.640433202852,93.84649578299425,0.0
1734,949.2372646055278,91.69544367081185,0.0
1735,958.1124319543088,88.40636847189965,0.0
1736,956.0292969339908,82.96167160324799,-1.0
1737,914.8160051955005,78.79189506429341,0.0
1738,903.4762126964584,72.58945440114216,0.0
1739,909.9705830387206,66.62243409775685,0.0
1740,906.154078794077,60.47404919034188,-1.0
1741,913.4739897865376,54.039852511511604,-1.0
1742,900.1236002454392,48.90227832398948,-1.0
1743,895.7587353353667,45.26828108390989,-1.0
1744,885.4533426971244,40.9008474855379,-1.0
1745,870.8089034531367,35.36579019820894,-1.0
1746,860.6508953959072,36.11831815375104,-1.0
1747,867.8684084476515,35.1098626584465,-1.0
1748,884.3665213616187,33.360119129451654,-1.0
1749,864.0871435765175,33.860058765698994,-1.0
1750,848.136066334057,34.715537113680384,-1.0
1751,872.5994039616978,33.74534454031007,-1.0
1752,889.3025975026926,33.17366701776077,-1.0
1753,881.3420725253739,31.084067221575786,-1.0
1754,870.3038780615454,28.987847832925535,-1.0
1755,845.1202605018418,26.456639736620154,-1.0
1756,826.0909596835922,24.49246676869145,-1.0
1757,830.5366261237319,25.505959582439377,-1.0
1758,813.2597195115796,28.27097780710091,-1.0
1759,820.868460159837,28.94687303690058,-1.0
1760,798.9862223140766,31.209536964396396,-1.0
1761,789.4454699098562,32.72003219147001,-1.0
1762,795.2288025478364,33.62815941217257,-1.0
1763,775.4607374085432,35.797490840481636,-1.0
1764,767.1647913533166,38.35478972231296,-1.0
1765,782.4391719717578,39.519205714791724,-1.0
1766,779.3238693964641,40.813173571578574,-1.0
1767,789.6632660058094,40.75015271517109,-1.0
1768,791.2376650736315,39.03692185221817,-1.0
1769,775.5252198869496,38.97832579510192,-1.0
1770,789.1424827904839,38.737625512653615,-1.0
1771,770.5942807645329,37.32672930892081,-1.0
1772,758.5167841657649,33.81899794111015,-1.0
1773,724.6238671055527,32.731191663713986,-1.0
1774,725.9267618058432,31.051834802126624,-1.0
1775,726.0951263709001,30.823926763658395,-1.0
1776,735.6556124655488,30.571555040354337,-1.0
1777,730.7495558082807,29.495580152617,-1.0
1778,712.4078822013726,30.667287506634057,-1.0
1779,731.5669125400839,28.851427494797864,-1.0
1780,704.1819845617788,30.291321682877452,-1.0
1781,698.2235279090767,32.082124278016565,-1.0
1782,700.694322813579,32.522874771164,-1.0
1783,690.5385172139775,34.30684065288521,-1.0
1784,687.3767112485732,36.09023171105871,-1.0
1785,674.686007057313,37.4729377248219,-1.0
1786,651.5685405508714,40.27442741509225,-1.0
1787,658.0090796749955,40.501104525882745,-1.0
1788,656.9340827057023,39.51569611764565,-1.0
1789,653.2438585552314,39.140833579421894,-1.0
1790,635.3204692593982,37.6564854681974,-1.0
1791,628.1638289343279,37.33779237670409,-1.0
1792,638.6120857746523,36.07624330397328,-1.0
1793,615.3177909396002,38.472453984528066,-1.0
1794,607.268627286966,40.55854581380308,
1795,575.6458131898275,44.68284307203383,
1796,567.963532834116,47.23810007814666,
1797,565.2924931224024,48.82740015579706,
1798,564.2287307050215,50.49642329436301,
1799,564.5354640276678,49.26534718456436,
1800,540.3642353706302,51.07358113862129,
1801,534.6763338733274,52.43093045130752,
1802,526.2842575014419,52.896753095329544,
1803,516.0419440428551,53.61224981351919,
1804,499.8514363526732,54.484120268918744,
1805,492.7876076124279,55.42764402774725,
1806,490.379205269977,56.8783095636092,
1807,500.1310969635902,55.92497084137491,
1808,494.6949180554217,54.18503307691446,
1809,493.0106426524197,51.53786175022886,
1810,484.7792558064101,49.772745387000604,
1811,480.7567370294862,47.679942405556915,
1812,486.5870912719637,42.57928567782628,
1813,481.2400016095481,38.83466467809705,
