index,FR REXR,Standard_dev,label
0,-3.9479434733004,1.9573472275933272,1.0
1,-3.489938530571404,1.9573472275933272,1.0
2,-3.1803412402947018,1.9573472275933272,1.0
3,-2.930901046920789,1.9573472275933272,1.0
4,-2.432463581070179,1.9573472275933272,1.0
5,-2.177579301351809,1.9573472275933272,1.0
6,-1.7438152725129328,1.9573472275933272,1.0
7,-1.6376324914474196,1.9573472275933272,1.0
8,-1.1032219679239803,1.9573472275933272,1.0
9,-0.5064143958209755,1.9573472275933272,1.0
10,-0.5122610020790663,1.9573472275933272,1.0
11,-0.3559736904540109,1.9573472275933272,1.0
12,-0.1736586018700805,1.9573472275933272,0.0
13,-0.1952201729976934,1.9573472275933272,1.0
14,0.3095127900873713,1.9573472275933272,0.0
15,0.8519467820703532,1.9573472275933272,0.0
16,1.1022345101487652,1.9573472275933272,0.0
17,1.5128462770850657,1.9573472275933272,0.0
18,1.8450929275937276,1.9573472275933272,0.0
19,2.148686939833066,1.9573472275933272,0.0
20,2.2070130768442464,1.9573472275933272,0.0
21,2.3421915712880867,1.9573472275933272,0.0
22,2.674759214491196,1.9573472275933272,0.0
23,2.6867266284041307,1.9573472275933272,0.0
24,2.7454368136736,1.9573472275933272,0.0
25,2.5896372369914893,1.9573472275933272,0.0
26,2.2479279368943974,1.9573472275933272,0.0
27,2.172683134386162,1.9573472275933272,0.0
28,2.144855879130944,1.9573472275933272,0.0
29,1.3596943232865009,1.9573472275933272,0.0
30,1.19195142821971,1.9573472275933272,1.0
31,1.2799685655746966,1.9573472275933272,1.0
32,1.2836935839925268,1.9573472275933272,1.0
33,1.2591751863912215,1.9573472275933272,1.0
34,1.296155172502603,1.9573472275933272,1.0
35,1.5280647830698868,1.9573472275933272,1.0
36,1.7745557791392643,1.9573472275933272,1.0
37,1.9342985452457864,1.9573472275933272,1.0
38,1.962990516616376,1.9573472275933272,1.0
39,2.078174579526843,1.9573472275933272,1.0
40,2.0859150309828234,1.9573472275933272,1.0
41,2.224206545947064,1.9573472275933272,1.0
42,2.231226310028472,1.9573472275933272,1.0
43,2.0605007603745555,1.9573472275933272,1.0
44,1.737220930532594,1.9573472275933272,1.0
45,1.7590640133910291,1.9573472275933272,1.0
46,1.6597017057371328,1.9573472275933272,1.0
47,1.261977273987073,1.9573472275933272,1.0
48,1.065325610025866,1.9573472275933272,1.0
49,0.7668969846029636,1.9573472275933272,1.0
50,0.6173570158580031,1.9573472275933272,1.0
51,0.4806161060839109,1.9573472275933272,1.0
52,0.5058618630595486,1.9573472275933272,1.0
53,0.5058887272973873,1.9573472275933272,1.0
54,0.6460836638830703,1.9573472275933272,1.0
55,0.6123869041934125,1.9573472275933272,1.0
56,0.6181672375301854,1.9573472275933272,1.0
57,0.8121172345937122,1.9573472275933272,1.0
58,1.1274594276986196,1.9573472275933272,1.0
59,1.17507407967088,1.9573472275933272,1.0
60,1.4323436076138556,1.9573472275933272,1.0
61,1.7400253277944753,1.9573472275933272,1.0
62,1.9651361414627164,1.9573472275933272,1.0
63,2.2033726488209435,1.9573472275933272,1.0
64,2.335056358601493,1.9573472275933272,1.0
65,2.629299819334525,1.9573472275933272,-1.0
66,2.8580035733434563,1.9573472275933272,-1.0
67,2.915821894936077,1.9573472275933272,-1.0
68,2.6692514832235297,1.9573472275933272,-1.0
69,3.1010508327061146,1.9573472275933272,-1.0
70,3.100505928331147,1.9573472275933272,-1.0
71,3.445079613719555,1.9573472275933272,-1.0
72,3.594190426492002,1.9573472275933272,-1.0
73,3.780400292502792,1.9573472275933272,-1.0
74,3.933737427337896,1.9573472275933272,-1.0
75,3.898883317374756,1.9573472275933272,-1.0
76,4.010760008730774,1.9573472275933272,-1.0
77,4.008964290675767,1.9573472275933272,-1.0
78,4.178480051907318,1.9573472275933272,-1.0
79,4.257651242376365,1.9573472275933272,-1.0
80,4.5434575991857145,1.9573472275933272,-1.0
81,4.881267835060658,1.9573472275933272,-1.0
82,4.985017291718357,1.9573472275933272,-1.0
83,5.202397911418625,1.9573472275933272,-1.0
84,5.409041125020902,1.9573472275933272,-1.0
85,5.138796841816033,1.9573472275933272,-1.0
86,4.807699157642233,1.9573472275933272,-1.0
87,4.5483008215421,1.9573472275933272,-1.0
88,4.440567733037334,1.9573472275933272,-1.0
89,4.070474280561911,1.9573472275933272,-1.0
90,3.76149863867918,1.9573472275933272,-1.0
91,3.7056175256566366,1.9573472275933272,-1.0
92,3.5281467682748677,1.9573472275933272,-1.0
93,3.1852927413930647,1.9573472275933272,-1.0
94,2.882586292517629,1.9573472275933272,-1.0
95,2.808594283499634,1.9573472275933272,-1.0
96,2.8016489262834146,1.9573472275933272,-1.0
97,2.7165995040621382,1.9573472275933272,-1.0
98,2.5860545033250077,1.9573472275933272,-1.0
99,2.519353407978881,1.9573472275933272,-1.0
100,1.903843034670796,1.8671474716403387,-1.0
101,1.953492644094565,1.785230100317977,-1.0
102,1.700721861227276,1.7077689493095283,-1.0
103,1.6391650616076203,1.6332338496370538,-1.0
104,1.5750514856107998,1.5694563810880393,-1.0
105,0.8817983120793009,1.513779667768072,-1.0
106,0.8121934300850207,1.4683531871017002,-1.0
107,0.2381872371088178,1.4307128389257282,-1.0
108,-0.1833897023802393,1.4121680279184285,-1.0
109,-1.083344131054922,1.4244550449646882,-1.0
110,-1.0305438842852794,1.4352977650629217,-1.0
111,-1.4406789614970172,1.4586227794394977,-1.0
112,-1.6059245880149753,1.488656647876615,-1.0
113,-1.804994935063057,1.522721340982981,-1.0
114,-2.4146878416612303,1.579231933655657,-1.0
115,-2.8673550537011003,1.6515159694031039,-1.0
116,-2.82256968865477,1.7202358291928275,-1.0
117,-3.0978047722406643,1.794750010844548,-1.0
118,-3.5915420780749585,1.879711737560762,-1.0
119,-3.8702936681954654,1.9673509639986348,-1.0
120,-4.228532338439873,2.0596983174846963,-1.0
121,-4.173537768425337,2.1442569300916565,-1.0
122,-4.607912134775294,2.2343901646538162,-1.0
123,-4.914067984042497,2.3271356575102464,-1.0
124,-5.539899314214598,2.431232269708116,-1.0
125,-6.326757851020073,2.552127537923603,-1.0
126,-6.757930978090606,2.678781199106229,-1.0
127,-6.949681287523941,2.802650740846819,-1.0
128,-7.171459459644073,2.9247917626379114,-1.0
129,-7.929816560032407,3.0625683648293203,-1.0
130,-8.47596886679149,3.207654785745688,-1.0
131,-8.932158994473998,3.356702710906839,-1.0
132,-9.65322424563998,3.517268953583591,-1.0
133,-9.949101891184773,3.676070670368573,-1.0
134,-10.449480856401983,3.8390522379600256,0.0
135,-10.708237095524872,3.9984986758170598,0.0
136,-11.35483925424899,4.1651283136885136,0.0
137,-11.99406616125767,4.338290724392529,0.0
138,-12.53806776268662,4.5152653041514474,0.0
139,-13.33152697014692,4.702305152297608,0.0
140,-13.56776198686659,4.88364978889091,0.0
141,-13.698317444898262,5.056305295022132,0.0
142,-14.50958771109842,5.239405896723206,0.0
143,-14.475595491344787,5.411166979941141,0.0
144,-14.66967177763107,5.579151619828567,0.0
145,-14.444295382478249,5.7320501484556745,0.0
146,-14.567311586844202,5.879768977455522,0.0
147,-14.542665127755566,6.020859042925213,0.0
148,-14.96592270609122,6.164633715530376,0.0
149,-14.828525458861144,6.29941195398199,0.0
150,-14.895692451016348,6.429526530959609,0.0
151,-15.275795340265866,6.561517006509413,0.0
152,-14.94704943084271,6.680658784007793,0.0
153,-15.002205295745943,6.795194503756911,0.0
154,-14.72394286040842,6.898658398701671,0.0
155,-14.520677312012875,6.993848494874867,0.0
156,-14.76012437632017,7.088489061413648,0.0
157,-14.906280509737126,7.17996879099344,0.0
158,-15.055787363200665,7.267501000722012,0.0
159,-15.237232883861836,7.3530428236786145,0.0
160,-15.498689552555328,7.436472778685864,0.0
161,-15.988493247945089,7.520883017860465,0.0
162,-15.383435568770787,7.588954571163134,0.0
163,-15.391920045623394,7.650651562425364,0.0
164,-15.059952999997895,7.701886614871933,0.0
165,-14.897389515116334,7.743959175675062,0.0
166,-14.727995404210445,7.7773941332240515,0.0
167,-14.096927050086316,7.7982087675539065,0.0
168,-14.124497143772462,7.818007634142501,0.0
169,-13.75743022387054,7.825488855258543,0.0
170,-13.313961762578554,7.824552418124174,0.0
171,-13.168403820176248,7.814800826164397,0.0
172,-12.612926942488636,7.794437559461939,0.0
173,-12.35744416668291,7.766082387800696,0.0
174,-12.296789745993047,7.731761209523178,0.0
175,-12.062191230005617,7.692395853122924,0.0
176,-12.031389977943856,7.647726058918919,0.0
177,-11.647932211485733,7.5966069830209975,0.0
178,-11.163688750929978,7.536277092692514,0.0
179,-10.838138673024009,7.469206303121272,0.0
180,-10.168294909833048,7.390663617219837,0.0
181,-9.840872070178143,7.301455611175308,0.0
182,-9.411206099198017,7.204838945547592,0.0
183,-9.086507174144336,7.099222554623684,0.0
184,-8.785997107235126,6.984596098687755,0.0
185,-8.444925704962635,6.869635738241399,0.0
186,-8.201345108862462,6.755971033053428,0.0
187,-7.95402850625133,6.642591948057453,0.0
188,-7.603536659850143,6.526958887443001,0.0
189,-7.360428613889109,6.414315713206029,0.0
190,-7.4104556684768035,6.303469565712336,0.0
191,-7.335157372149432,6.1898001579059025,0.0
192,-7.019883077560628,6.076118634096519,0.0
193,-6.8701772538886345,5.965619405179646,0.0
194,-6.675285363623676,5.857928881290229,0.0
195,-6.741778800056217,5.747883489086186,0.0
196,-6.952121492169642,5.633488001502718,0.0
197,-6.895542115787421,5.516980712591796,0.0
198,-6.906111070830875,5.39901780074685,0.0
199,-6.825913544784395,5.278501891113844,0.0
200,-6.836542044760876,5.167046920586583,0.0
201,-6.679174266796078,5.051268431189988,0.0
202,-6.537455990322084,4.937764322076137,0.0
203,-6.4066756192749885,4.822378143272723,0.0
204,-6.364393141367195,4.704568943207456,0.0
205,-5.922225908343613,4.601982145984191,0.0
206,-6.125670565112468,4.496024371535403,0.0
207,-5.995360740359775,4.400879247953981,0.0
208,-5.962818010105131,4.3126102724027655,0.0
209,-6.011639305534409,4.240830863689091,0.0
210,-5.477144321268227,4.1713433326545095,0.0
211,-5.721936898336537,4.106318007557607,0.0
212,-5.623728572433414,4.044263226179628,0.0
213,-5.610098495774192,3.9851197059571772,0.0
214,-5.249858250938555,3.941140096688495,0.0
215,-5.21507893130963,3.905458426031228,0.0
216,-4.918105037806598,3.872276616119714,0.0
217,-4.827165601242527,3.8450090918426048,0.0
218,-4.816131556559501,3.826315517897227,0.0
219,-4.7889906602962,3.812511407982396,0.0
220,-4.303041161233441,3.8113760755087616,0.0
221,-4.493962504128877,3.806545834729457,0.0
222,-4.641841778343103,3.806060059192986,0.0
223,-4.6987768047639165,3.8090371987275975,0.0
224,-4.688175874239743,3.820087722528187,0.0
225,-4.233674705184242,3.8461148840093746,0.0
226,-4.0669654523589,3.8782257866330445,0.0
227,-3.679150646374012,3.917473549983823,0.0
228,-3.789769323599131,3.955924097884966,0.0
229,-4.0064883705293965,3.994874687146663,0.0
230,-4.101433669568223,4.033898017341389,0.0
231,-3.8965984272251823,4.076201018021167,0.0
232,-3.5692887749123514,4.122971343245207,0.0
233,-3.723531352494959,4.165963478299971,0.0
234,-3.5346786190401858,4.209528007028809,0.0
235,-3.295294808920904,4.2543045115057385,0.0
236,-3.251753245460545,4.295498908928647,0.0
237,-3.1754016694378464,4.332367118826217,0.0
238,-3.410246161060204,4.3600795649035735,0.0
239,-3.061412862528808,4.383500954903084,0.0
240,-2.9389478277828367,4.4036766381288945,0.0
241,-2.9929333963374134,4.419039178984402,0.0
242,-2.805224766353067,4.4244637274264775,0.0
243,-2.430661343554142,4.4323875819247345,0.0
244,-2.33440258591158,4.435692322834046,0.0
245,-2.3285138281003235,4.43875327454216,0.0
246,-2.304713409215541,4.437064179936454,0.0
247,-2.31954017894304,4.432107351734071,0.0
248,-2.230138875637934,4.418451292739624,0.0
249,-2.005520366460054,4.406223489502035,0.0
250,-2.0876063583782027,4.388001245126547,0.0
251,-2.026729204938917,4.360182721019011,0.0
252,-1.91464563653086,4.335348363933862,0.0
253,-1.9998219647531317,4.304320010654392,0.0
254,-2.1030869203751728,4.272774982702074,0.0
255,-2.1862519064615284,4.239817607604149,0.0
256,-2.2678184312532217,4.197627295011126,0.0
257,-2.2497477787686257,4.1486010342614845,0.0
258,-2.164273809639294,4.092982177070335,0.0
259,-1.9862833730057687,4.030618001735039,0.0
260,-1.710114780468345,3.9601885944954707,0.0
261,-2.154994924514739,3.8664285672763636,0.0
262,-1.9242512434162151,3.783097378034396,0.0
263,-1.841404503943128,3.693679079094094,0.0
264,-1.561679454829484,3.6088507781247428,0.0
265,-1.4565038441894629,3.5223219645765966,0.0
266,-1.5393463457795669,3.431812160663186,0.0
267,-1.6633029556275716,3.3489490922737137,0.0
268,-1.6155189567801995,3.2590210772010044,0.0
269,-1.3701324103435295,3.174624179901692,0.0
270,-1.4681994484208118,3.093756500146985,0.0
271,-0.8727113214975404,3.0178170836363947,0.0
272,-0.8361969554469155,2.950336394089499,0.0
273,-0.6808541835180684,2.885475200146202,0.0
274,-0.6684847514484566,2.8160643635974636,0.0
275,-0.1182172267890813,2.7549915943241694,0.0
276,-0.1686221638468943,2.6872246748845874,0.0
277,-0.0038721358692868,2.6260243899179128,0.0
278,-0.3710492711676387,2.5657184151117907,0.0
279,-0.4760835968140213,2.506640742947156,0.0
280,-0.6409943188635019,2.457066739265959,0.0
281,-0.7957985806667551,2.408809604601343,0.0
282,-0.9118764500342672,2.3650746457619385,0.0
283,-0.932226024497627,2.324783805021985,1.0
284,-1.328971963439777,2.2831581290317917,1.0
285,-1.5289258641785288,2.2438217417343074,1.0
286,-1.7830510439103726,2.204574251333287,1.0
287,-1.8536580591525544,2.1673444917084046,1.0
288,-1.3266301787241517,2.1395551759744063,1.0
289,-1.3357481634635562,2.1141365343189444,1.0
290,-1.4032378674474764,2.0850256569001417,1.0
291,-1.3490443181598977,2.0557475819217736,1.0
292,-1.2722610877371103,2.031168054825465,1.0
293,-0.9291425622002372,2.0110616663121457,1.0
294,-0.8252242262997456,1.9937473602012659,1.0
295,-0.9376372064164896,1.9720321671811027,1.0
296,-1.0421918381019672,1.943047230242618,1.0
297,-0.7884235187098483,1.915698199131959,1.0
298,-0.7690173648681267,1.8859496803077291,1.0
299,-0.6026414416007491,1.8573784661235861,1.0
300,-0.6322488136376201,1.8256285563141124,1.0
301,-0.7248845248508502,1.7936769448222911,1.0
302,-0.6759661398461319,1.762874904246337,1.0
303,-0.7568529267756361,1.731592574825326,1.0
304,-0.6962059953657374,1.6994574258217798,1.0
305,-0.675175675163505,1.674770058319764,1.0
306,-0.5412609850793402,1.6450429289128798,1.0
307,-0.2420819938991663,1.619525841890303,1.0
308,-0.2121274415866807,1.5926540959808582,1.0
309,-0.0632892096498878,1.5640471574641126,1.0
310,0.0515083175843997,1.5466615309775698,1.0
311,-0.0122280302664101,1.5205372510739243,1.0
312,-0.0920290310245945,1.4930340264095328,1.0
313,-0.0087372568980725,1.4643799634790573,1.0
314,-0.0100579583212763,1.4416641216579318,1.0
315,-0.0993996798964396,1.416254023227364,1.0
316,0.1223900566827325,1.3983791381669888,1.0
317,0.279210546459069,1.382765714094407,1.0
318,0.5377384991341074,1.369464908493586,1.0
319,0.6492692753985381,1.356443664683188,1.0
320,0.957101045581787,1.357239356055543,1.0
321,1.2523135344480565,1.3579846807319205,1.0
322,1.488888784770264,1.358093932133531,1.0
323,1.588442774435844,1.356297810649105,1.0
324,1.828408481194696,1.3574077675552705,1.0
325,1.829353867951664,1.3658502800401717,1.0
326,2.0436260559126964,1.3801159078880592,1.0
327,1.9790433966201209,1.397404828460702,1.0
328,1.960501635562423,1.40975653835107,1.0
329,2.154927042459999,1.4197763838146835,1.0
330,2.287099682443312,1.4280984832171209,1.0
331,2.477970530553506,1.4423505165468842,1.0
332,2.554361375170096,1.4618189266511326,1.0
333,2.7877506366690774,1.4811916122590478,1.0
334,2.933957369020717,1.5046530666509979,1.0
335,3.171917625351977,1.5351709947320196,1.0
336,3.5968078264678063,1.574224495790559,1.0
337,3.983237572345544,1.621249063953154,1.0
338,4.169097080599233,1.6650860995893682,1.0
339,4.213572621008009,1.7113668225742864,1.0
340,4.493660790812054,1.7628406662695968,1.0
341,4.591901914002541,1.8116251615600163,1.0
342,4.664902994129104,1.8606556059758852,1.0
343,4.931293574844435,1.9173208669126383,1.0
344,4.951178717460952,1.9712296411687302,1.0
345,5.035132270465734,2.023216695701272,1.0
346,5.216911975270325,2.0760130866575377,1.0
347,5.607664820803585,2.134398278994961,1.0
348,6.022140813952696,2.200017529472494,1.0
349,6.399586944292986,2.273046142441724,1.0
350,6.816002137981492,2.351015919629647,1.0
351,7.13155576978644,2.4323321730341094,1.0
352,7.509276808855281,2.5190121372374374,1.0
353,7.9689966756803,2.6110548083107776,1.0
354,8.355785800314132,2.705804199652414,1.0
355,8.774525047977756,2.804061146035511,1.0
356,9.10863192063433,2.903106009482229,1.0
357,9.66169521340085,3.0100781534653094,1.0
358,10.030503693139613,3.120004337932711,-1.0
359,10.639845192966968,3.2405056835355217,-1.0
360,11.25253236394036,3.3720369427401753,-1.0
361,11.41375640031503,3.4936823325536834,-1.0
362,11.668939155017249,3.615512277152569,-1.0
363,11.908215570560866,3.7356086523900007,-1.0
364,12.031430989859018,3.8529661848265864,-1.0
365,12.48061762638578,3.9746382354004868,-1.0
366,12.63432237200966,4.090991791492384,-1.0
367,12.827557065305424,4.20283997459676,-1.0
368,13.012364722655738,4.311800981077344,-1.0
369,13.410842553135517,4.42507895513805,-1.0
370,13.574803997689536,4.53357031491043,-1.0
371,13.79341257179724,4.645151883999037,-1.0
372,14.033164279302628,4.755306281370969,-1.0
373,14.0985055654501,4.861157840387368,-1.0
374,14.130289710013171,4.961098313661612,-1.0
375,14.336735548659252,5.0635071840184285,-1.0
376,14.006440466127396,5.152701491981275,-1.0
377,13.761279709633364,5.23308518982486,-1.0
378,13.546579253526126,5.301750422787273,-1.0
379,13.344002821002308,5.361455233391862,-1.0
380,12.830714803393382,5.4070668939160536,-1.0
381,12.863897329816307,5.447951950912475,-1.0
382,12.581268275896376,5.479710567542037,-1.0
383,12.20439820152014,5.50245957007564,-1.0
384,11.527489803972667,5.508936637462807,-1.0
385,11.322633921977452,5.5076088118165085,-1.0
386,10.920277930337134,5.495658925919971,-1.0
387,10.484769370116894,5.475424097052439,-1.0
388,10.62367822831709,5.4604322740269655,-1.0
389,10.431953830112551,5.440846585476159,-1.0
390,9.861887591369827,5.4129165227581675,-1.0
391,9.391602606234176,5.379741266553138,-1.0
392,9.035984841807055,5.342942187478108,-1.0
393,8.749360366645494,5.3068385535631615,-1.0
394,8.482166965847107,5.26873639166729,-1.0
395,7.998081623669119,5.225171384692701,-1.0
396,7.541137724965576,5.176814322922406,-1.0
397,7.177242083694878,5.129368144088561,-1.0
398,6.534084932544879,5.079844931711746,-1.0
399,6.130598387366835,5.031203639411216,-1.0
400,5.20305344212294,4.982264377897879,-1.0
401,4.222079304192004,4.934417324600323,-1.0
402,3.4089742715681304,4.890952051828446,-1.0
403,2.7932732456346656,4.850004597780037,-1.0
404,1.694848403436545,4.81948161462437,-1.0
405,0.3413406746098744,4.804986684301166,-1.0
406,-0.8030655924323078,4.80900396265436,-1.0
407,-2.2435184444469947,4.841940842077434,-1.0
408,-3.4525344599380965,4.8985625860400885,-1.0
409,-4.9949652305129,4.990054921253169,-1.0
410,-6.399860308186241,5.114765433289777,-1.0
411,-7.528668754126386,5.263932557068779,-1.0
412,-8.69530631772911,5.438318814547556,-1.0
413,-9.69856601615411,5.6346680294500375,-1.0
414,-11.408723098715011,5.871954915832613,-1.0
415,-11.641290093079348,6.103713384624444,-1.0
416,-13.022656434130347,6.366904745533449,-1.0
417,-13.743265595796174,6.639284136673751,-1.0
418,-14.835485564487875,6.93165026752895,-1.0
419,-15.49627810538523,7.228620928663899,-1.0
420,-15.914810850035938,7.5239568921051845,-1.0
421,-16.587090069518336,7.824457465005082,-1.0
422,-17.748537318225342,8.142693614230991,-1.0
423,-18.479142010898823,8.464768358982875,0.0
424,-19.59592440925573,8.801291675594996,0.0
425,-20.76401763475914,9.151837237734524,0.0
426,-21.20010480250887,9.496058783341763,0.0
427,-21.359834065638317,9.82667185349045,0.0
428,-21.68128020835848,10.149075668419483,0.0
429,-21.877620826654887,10.461126934858283,0.0
430,-21.79345536208621,10.756849585374269,0.0
431,-22.3818320312292,11.052801469293888,0.0
432,-22.74755888472928,11.343701576603394,0.0
433,-23.06903299315948,11.62871341082344,0.0
434,-23.14688762969661,11.902784938801716,0.0
435,-24.22260878058723,12.187464794617073,0.0
436,-24.931211473990288,12.473839659344659,0.0
437,-26.109088724676266,12.77140160521339,0.0
438,-26.920429691252505,13.071876161644735,0.0
439,-28.604128532624607,13.394117470929235,0.0
440,-29.345379769620383,13.715904232366658,0.0
441,-29.33620355190964,14.02153983900035,0.0
442,-29.726686462024603,14.320261665099489,0.0
443,-29.755474185908657,14.604232058972514,0.0
444,-29.602554085471297,14.871577234968912,0.0
445,-29.701131721277992,15.127711816031393,0.0
446,-30.281744254976097,15.381525703840607,0.0
447,-29.9695996197926,15.61550921868703,0.0
448,-29.42749096315376,15.82637172589183,0.0
449,-29.64019569038751,16.027916488974082,0.0
450,-28.815552220332,16.202987994486694,0.0
451,-29.061306903368067,16.37010467146411,0.0
452,-28.53360772794108,16.516920189825385,0.0
453,-28.1470913347422,16.645564801363307,0.0
454,-28.07629545945106,16.761353149813367,0.0
455,-27.639482314992723,16.859019642118145,0.0
456,-27.055923525412457,16.93774727724641,0.0
457,-26.582778364511192,16.99744415136072,0.0
458,-26.99539559776805,17.050658726456835,0.0
459,-27.29158962514109,17.09309666266327,0.0
460,-26.63847874444745,17.11276513450773,0.0
461,-26.30416752208526,17.118398842849796,0.0
462,-25.979089676728016,17.10920228012533,0.0
463,-25.98458440447488,17.08886660619544,0.0
464,-26.003313469005658,17.05870651448159,0.0
465,-26.05137946477963,17.014757756881863,0.0
466,-25.67442156825012,16.956134206505443,0.0
467,-25.56687953931649,16.88491687562402,0.0
468,-25.506128421446164,16.80142169317269,0.0
469,-25.193632409654207,16.700026012568678,0.0
470,-25.223671718417386,16.586773840450405,0.0
471,-25.58590144305241,16.463322493199588,0.0
472,-25.958822362738925,16.328827173239993,0.0
473,-25.82484646440741,16.18101127647646,0.0
474,-25.80001085460167,16.021045627512816,0.0
475,-25.941752353960737,15.846927293938966,0.0
476,-26.108391254515343,15.66762443874453,0.0
477,-26.74360105059177,15.485451583764942,0.0
478,-26.143057886286257,15.289277329568788,0.0
479,-25.751044584664232,15.08075947271981,0.0
480,-26.68034443143987,14.875861176742111,0.0
481,-26.336981227325893,14.65403006813878,0.0
482,-26.26950000846432,14.423126742506286,0.0
483,-26.270084744695737,14.185336845589747,0.0
484,-25.875054381210216,13.943828003532573,0.0
485,-25.37888436436176,13.688736537392638,0.0
486,-24.973965085743327,13.424737690611728,0.0
487,-25.143786212674915,13.155952571670221,0.0
488,-24.91260388403404,12.867198780662344,0.0
489,-24.427301878198215,12.56353595402595,0.0
490,-24.42479093275056,12.25577407444683,0.0
491,-24.069349378348942,11.939822163550346,0.0
492,-24.26146133443548,11.615151837379958,0.0
493,-24.19168417465415,11.27819846247527,0.0
494,-23.94475284920952,10.926879329885624,0.0
495,-24.08055451286361,10.567462130601555,0.0
496,-24.06427731248561,10.197899635267845,0.0
497,-24.12365193674272,9.814883241438018,0.0
498,-23.46980879816373,9.42312552007442,0.0
499,-23.751533472945628,9.017499955370047,0.0
500,-23.69619015743309,8.611873520188368,0.0
501,-23.925676203582544,8.208613720482711,0.0
502,-23.57433733501828,7.80093030565458,0.0
503,-23.51278410735841,7.382218668691065,0.0
504,-24.007668464171022,6.96880765651938,0.0
505,-23.842070320107865,6.568894865807749,0.0
506,-23.62599659269513,6.17630105262258,0.0
507,-23.764395444973,5.803041468910705,0.0
508,-24.2504957158634,5.442544775331633,0.0
509,-23.958141772775683,5.1076634318264285,0.0
510,-23.68051277334519,4.796054061771797,0.0
511,-24.01557395575369,4.499482857237536,1.0
512,-23.5555875001426,4.22132256774737,1.0
513,-23.6611868162018,3.9567732745685382,1.0
514,-23.929138497250037,3.732652070252747,1.0
515,-23.89651957474128,3.4985584629616016,1.0
516,-24.07998525563308,3.2956535516835492,1.0
517,-24.007745398859115,3.1026955129345923,1.0
518,-24.197235885308416,2.9331434250068575,1.0
519,-23.976316087156768,2.774657086687668,1.0
520,-23.361362195493008,2.6225191739675164,1.0
521,-23.516056301756358,2.482213289700568,1.0
522,-24.406832456774247,2.3668591676414277,1.0
523,-24.460149549208317,2.266999017927284,1.0
524,-24.265633159633605,2.194647467324714,1.0
525,-24.783726042869247,2.1455861300416306,1.0
526,-24.536169802234195,2.104920764246159,1.0
527,-24.350695532925805,2.0671331666518387,1.0
528,-24.761603209981136,2.032626312989916,1.0
529,-23.962836900641506,2.0054987832063813,1.0
530,-23.523243599722715,1.980236091680458,1.0
531,-23.345585034343824,1.966970085971798,1.0
532,-23.085326803705733,1.9623798774217258,1.0
533,-23.30740161465848,1.9594644563393826,1.0
534,-23.299184135711112,1.957625312870635,1.0
535,-23.370301326958536,1.9653702005772113,1.0
536,-22.9627787967443,1.9814902664195158,1.0
537,-23.191592543229017,1.9944193071514391,1.0
538,-22.83248133140731,2.007030001916852,1.0
539,-23.55263907889793,1.990779685053458,1.0
540,-22.848384887723903,1.9671403266201517,1.0
541,-22.68162897791055,1.9433977109849834,1.0
542,-22.5864707650064,1.909430118592599,1.0
543,-22.369575286911942,1.8744987589934994,1.0
544,-22.162404747220712,1.8429640881179616,1.0
545,-21.91499047088808,1.8093000452624586,1.0
546,-21.743184613035208,1.7576680013639432,1.0
547,-21.01928826759108,1.7245869513129424,1.0
548,-20.316110407313595,1.7189870241972138,1.0
549,-20.47166148840666,1.6983750060666654,1.0
550,-20.626175338331592,1.6919328029308316,1.0
551,-20.64272188077833,1.6744421088604995,1.0
552,-20.49534332979676,1.6700259644000643,1.0
553,-20.44708132322552,1.672248135933536,1.0
554,-20.27095047407779,1.6766591749467168,1.0
555,-19.56670723037482,1.7048642541062087,1.0
556,-19.27459722134049,1.7478159620706866,1.0
557,-18.162376679224376,1.8265818047672173,1.0
558,-17.861410653620286,1.9013950762966982,1.0
559,-17.134006299389647,1.987438042691127,1.0
560,-16.88993635072828,2.0832153470708263,1.0
561,-16.439098771977555,2.1892958008633197,1.0
562,-15.91483680142883,2.306833389687043,1.0
563,-15.650174969202755,2.4227856508974717,1.0
564,-15.433987747816596,2.5356518475588268,1.0
565,-14.94989966604146,2.6536654975036384,1.0
566,-14.924784970074164,2.766744118095508,1.0
567,-14.249822210375932,2.8921246397537095,1.0
568,-13.921024387056145,3.018192652160786,1.0
569,-13.59399675926607,3.146949327948973,1.0
570,-13.210471993513067,3.277138329475851,1.0
571,-13.078541157668802,3.398574745023602,1.0
572,-12.461850064508267,3.5246147163201025,1.0
573,-12.14601632130373,3.65128282415466,1.0
574,-11.357607790985575,3.790669771576976,1.0
575,-10.985349341704062,3.9285896982275865,1.0
576,-10.856338573694313,4.05797552794331,1.0
577,-10.5299697909579,4.178941170483202,1.0
578,-9.900115642145987,4.313971996677811,1.0
579,-9.312697266659118,4.458623003320362,1.0
580,-8.920760588616147,4.592660682242573,1.0
581,-8.320341991792603,4.736027129179338,1.0
582,-7.871307831540285,4.8809848782680785,1.0
583,-7.475816910995167,5.025181382765148,1.0
584,-6.939724932275048,5.176633251061467,1.0
585,-6.321918301144631,5.3379623805739005,1.0
586,-5.85748525526845,5.503599490676708,1.0
587,-5.736577598757183,5.659291058761078,1.0
588,-5.552364619211744,5.8109171409444995,1.0
589,-5.16469341085012,5.9658928176767425,1.0
590,-4.761464247422175,6.120313503712443,0.0
591,-4.479030644884862,6.274250247056923,0.0
592,-4.133798418567476,6.424710837191847,0.0
593,-3.5224392344360247,6.579973110624671,0.0
594,-3.2011324248802744,6.734592735732479,0.0
595,-2.8108800276125088,6.886947401751476,0.0
596,-2.3026454684969195,7.0408846575881485,0.0
597,-2.087656879341744,7.189036801960847,0.0
598,-2.118733604698484,7.3325067735620095,0.0
599,-1.3792347777032,7.480197339994627,0.0
600,-1.2451971690869996,7.62168237606946,0.0
601,-1.1211758799879623,7.75447206428431,0.0
602,-0.8315790551683904,7.887376571060145,0.0
603,-0.6870352685376524,8.014962355459069,0.0
604,-0.7588894333144331,8.128028388791565,0.0
605,-0.8245602800907257,8.233321128377877,0.0
606,-1.0335167500364015,8.329227819706306,0.0
607,-0.6890258089881947,8.42259099810828,0.0
608,-0.5321355954509279,8.506270787846077,0.0
609,-0.3310006376727905,8.58909654213937,0.0
610,0.1526931598593357,8.67582214497678,0.0
611,0.268921843335864,8.753504530497409,0.0
612,0.6770500900081906,8.835645792750485,0.0
613,0.8586837860108041,8.912274726618742,0.0
614,1.1231396309402513,8.982864054641748,0.0
615,1.1874423481291885,9.047329745260111,0.0
616,1.1589424520570688,9.10172260747971,0.0
617,1.3522694481880926,9.152687167158028,0.0
618,1.4721718062968527,9.195814506440355,0.0
619,1.711855516099682,9.238027921319393,0.0
620,1.8998884636800175,9.283386863760994,0.0
621,1.891233063056852,9.31956452677662,0.0
622,2.0052087791221678,9.338544848087093,0.0
623,2.1293907610219875,9.351022265680749,0.0
624,2.170389614130091,9.359207438296997,0.0
625,2.3697441623862368,9.355087381762324,0.0
626,2.438000147146642,9.34770740330393,0.0
627,2.9500011869819502,9.342515976851425,0.0
628,3.1607040919601985,9.325832255004809,0.0
629,3.171478040250669,9.313402169164455,0.0
630,3.1423025162396883,9.29932317514627,0.0
631,3.081077457950233,9.279389458055826,0.0
632,3.0395993606744867,9.255269337637607,0.0
633,3.2477933417062985,9.22282819672988,0.0
634,3.2964592305833698,9.183283273714089,0.0
635,3.360957293590694,9.135389167888343,0.0
636,3.463993062782393,9.08748375134242,0.0
637,3.745159061680656,9.03114547404879,0.0
638,4.341811203324831,8.98029129442753,0.0
639,4.109613293329176,8.904712282330784,0.0
640,4.400516287927463,8.836579587132595,0.0
641,4.278443634728649,8.760920813821492,0.0
642,3.709750110516968,8.671094157648506,0.0
643,3.416252051633528,8.573027476127798,0.0
644,3.037898671523916,8.465858910469807,0.0
645,2.901898773122728,8.353146982266109,0.0
646,2.256539306759212,8.228526096594278,0.0
647,1.880011513595118,8.106098676785908,0.0
648,1.5911165713489162,7.986751055215146,0.0
649,1.5579852738847038,7.856020706319251,0.0
650,1.527608622599299,7.7132362665921885,0.0
651,1.121431758732367,7.557816042563088,0.0
652,0.8253861097838211,7.393964045356587,0.0
653,0.7836201755974237,7.2208940526956615,0.0
654,0.5882245566375559,7.040130590537108,0.0
655,0.7841674378152987,6.866492383309569,0.0
656,0.6278050946808449,6.688316441182383,0.0
657,0.335217414700633,6.524592241354857,0.0
658,0.1596942154279084,6.357602923961473,0.0
659,0.2045090541806722,6.198606554080629,0.0
660,0.2225008289836694,6.036398863751643,0.0
661,0.2874570470698643,5.876072249956814,0.0
662,0.3062738469699688,5.719357545360463,0.0
663,0.2104053935376413,5.559668111714132,0.0
664,0.3247144654868314,5.3965372668810865,0.0
665,0.3779912628777246,5.2363392446838954,0.0
666,0.924053023893304,5.0694693458211075,0.0
667,1.72126266914756,4.914538543033802,0.0
668,1.9003984084228875,4.759277203312255,0.0
669,1.6431168570256285,4.600777357311908,0.0
670,1.9159627419304144,4.443901054507306,0.0
671,1.8367287561704904,4.279234427813592,0.0
672,2.40852511570667,4.124747206193374,0.0
673,2.1100790357791155,3.966033905005027,0.0
674,2.081626000427658,3.818960126519246,0.0
675,1.7313977107757133,3.6701870326714063,0.0
676,2.042316961228064,3.5162615573853464,0.0
677,2.387056929438799,3.3630673853193316,0.0
678,2.6264867348359857,3.219627390899779,0.0
679,2.562232354881303,3.082918053333005,0.0
680,2.6404198700584978,2.9484002659073023,0.0
681,2.735155185496229,2.8230487143967986,0.0
682,2.5177304624285526,2.7002884145443677,0.0
683,2.62567612521816,2.581228104577803,0.0
684,2.749754172419156,2.4707914704073692,0.0
685,2.743387294937317,2.370999392008723,0.0
686,2.709538979420117,2.277504411138933,0.0
687,2.758794148930974,2.180827820811974,0.0
688,2.737695159586288,2.0820694684797187,0.0
689,2.7819774888190523,1.9882390475890594,0.0
690,3.545413728225768,1.9073852542099654,0.0
691,3.8161216572054,1.8319453528701388,0.0
692,3.906293320445375,1.7620150571159827,0.0
693,3.8718613953592858,1.704441245723792,0.0
694,3.92738047625696,1.6520874325812709,0.0
695,3.7575618244811615,1.6040604603398272,0.0
696,3.5599474859850595,1.5634784815100828,0.0
697,3.5518849661641525,1.5251380295582257,0.0
698,3.5083495221671512,1.482310326549374,0.0
699,3.399609089293413,1.453713208594082,0.0
700,3.520769150027544,1.4273181316972066,0.0
701,3.991274071124242,1.4075738468014691,0.0
702,4.029305098053602,1.3925641941689813,0.0
703,4.048333574130201,1.3789579758574184,0.0
704,3.965537710739252,1.3608849374019663,0.0
705,4.129519513275444,1.3417003640203486,0.0
706,4.082824960561407,1.3146091503986308,0.0
707,4.12590977610089,1.2940223334328191,0.0
708,4.064066274874325,1.2740774909158354,0.0
709,4.04053575631049,1.2563595746730634,0.0
710,4.078144716319677,1.2472211760115208,0.0
711,3.809649276034328,1.2356407849137359,0.0
712,4.080505245767309,1.2329336600695933,0.0
713,4.075587031816042,1.2318278853613394,0.0
714,4.161250366090037,1.2343625327840575,0.0
715,4.414795511911425,1.2404073245683762,0.0
716,4.583176250997415,1.2478060533700284,0.0
717,4.447854937704751,1.2543674742525728,0.0
718,4.663129804625651,1.2645704883052158,0.0
719,4.498280243374452,1.2735795822610951,0.0
720,4.375385209904451,1.2816523807319962,0.0
721,4.216221980167617,1.2872210319538415,0.0
722,4.3823585297219125,1.2950524961427474,0.0
723,4.395380649796071,1.303271254935723,0.0
724,3.791368023502113,1.3053495064689777,1.0
725,3.6925799025042414,1.3074065852187537,1.0
726,3.735185585864372,1.3098441574546518,1.0
727,3.577400359612166,1.3118308503637057,1.0
728,3.345439500897978,1.3123943655937362,1.0
729,3.3500892530227557,1.3129470703174404,1.0
730,3.3590172424414177,1.3135972079756142,1.0
731,3.2857481127978865,1.3141018133915794,1.0
732,3.370670943534499,1.3149660758929567,1.0
733,3.417171626946562,1.315570388740769,1.0
734,3.571851002596258,1.316762455427051,1.0
735,3.4648755328929326,1.3171935612918073,1.0
736,3.619028527906263,1.3179877296574467,1.0
737,3.7289658935973833,1.317880618313857,1.0
738,3.726239088832415,1.3123812097584207,1.0
739,4.057771596993241,1.3118958561227494,1.0
740,3.9059520360210014,1.3069803559840407,1.0
741,4.031562046921437,1.3045091882675162,1.0
742,3.960602714548255,1.3063998461363815,1.0
743,3.9249478291589774,1.3095649900390132,1.0
744,3.859566147186396,1.3132179003945805,1.0
745,4.021682297119828,1.3182086081312958,1.0
746,3.898161203464383,1.3204995892032736,1.0
747,3.7690548263779178,1.3192246563654966,1.0
748,3.680673002374604,1.314468791608533,1.0
749,3.5826335504186915,1.3084983100444485,1.0
750,3.707905255431559,1.3024850713956928,1.0
751,3.368562856408822,1.2893248812989466,1.0
752,3.337138593302196,1.2707153903374697,1.0
753,3.710827832920515,1.2519594888130383,1.0
754,4.272293755573088,1.2324836569119797,1.0
755,4.22598387047675,1.2151279187260964,1.0
756,4.16044432383525,1.1926977407273285,1.0
757,4.120774503957914,1.1615292036211782,1.0
758,4.0402090408165705,1.122893066511701,1.0
759,4.269731673710336,1.0846330215627074,1.0
760,4.255586344044499,1.0437883031284783,1.0
761,3.802572195549441,0.9986319453202617,1.0
762,3.922507116804873,0.9512348612509711,1.0
763,4.1296048044449805,0.8978347506978095,1.0
764,4.643856764684298,0.8491872633643986,1.0
765,4.973312737801642,0.8026979281358095,1.0
766,5.276913135515027,0.7778204516742082,1.0
767,5.272451064654245,0.7736458666813422,1.0
768,5.910913343787186,0.7882076545794086,1.0
769,6.016011607294153,0.7972732765423304,1.0
770,5.519866337863412,0.7977830855020086,1.0
771,5.577976358839969,0.796070331214005,1.0
772,5.3873334130408495,0.8006253440702328,1.0
773,4.988985011548635,0.7912419936704914,1.0
774,5.023949114894197,0.7805518715942208,1.0
775,5.1577807105231095,0.7615776818332052,1.0
776,5.2686168347947415,0.7510160328964514,1.0
777,5.1275031919574445,0.7446075048305962,1.0
778,5.281959406901915,0.7444935389685114,1.0
779,5.289852511383462,0.7423343771195932,1.0
780,5.283425692879042,0.7405616874472207,1.0
781,5.453139475910369,0.7426417616878221,1.0
782,5.731042167914236,0.7451187940176525,1.0
783,5.954383769163925,0.7536304946263638,1.0
784,5.804804099136096,0.7595460079777955,1.0
785,6.136603049217406,0.7718783504292063,1.0
786,5.794139993713969,0.7740938290680855,1.0
787,6.053148908284005,0.7816741267677833,1.0
788,6.225182451668086,0.7914713814805986,1.0
789,6.115225664941768,0.7979035811410332,1.0
790,6.368911940992849,0.820099072410438,1.0
791,6.260810080743969,0.8404589106313662,1.0
792,6.392292927015134,0.8631796006614892,1.0
793,6.492917440281939,0.8867300039080822,1.0
794,6.673221803932972,0.9135181336320813,1.0
795,7.157711016169774,0.9502256530804646,1.0
796,7.5891924084896445,0.9952359478537254,1.0
797,8.05612252729436,1.0513695583663496,1.0
798,8.09490374919886,1.103598172735157,1.0
799,8.92948229818203,1.178355176034264,1.0
800,9.20082043781616,1.2569142632488803,1.0
801,9.280533715280756,1.3347357200197767,1.0
802,9.973690393230392,1.4301554651017754,1.0
803,10.121654691825109,1.5224205453938067,1.0
804,10.258019580965566,1.6110740451567365,1.0
805,10.514108373085694,1.7018625817443016,1.0
806,10.58809891992571,1.7877701398399761,1.0
807,10.529929970044236,1.8659891149910826,1.0
808,10.709411546148992,1.9436088624490968,1.0
809,11.004394266454238,2.024107194028653,1.0
810,11.540203756023434,2.1146162331608642,1.0
811,11.880697406496154,2.206801053374374,1.0
812,12.311958541737294,2.30674674725184,1.0
813,12.758801926502272,2.4126486236184745,1.0
814,13.060800595958742,2.5203493558367005,1.0
815,13.614212275985654,2.6380896254609323,1.0
816,13.80533155285512,2.754033835184906,1.0
817,14.27648245426836,2.874965920435721,1.0
818,14.64716035479132,2.999338372849631,1.0
819,15.015976566870089,3.1249916418320383,1.0
820,15.505181085698148,3.255264152666689,-1.0
821,15.90505418595664,3.3869077439119737,-1.0
822,16.629509270795648,3.5309874247234414,-1.0
823,17.017788549140892,3.676220550126889,-1.0
824,17.534652476084283,3.821723882556021,-1.0
825,18.039940641575832,3.970227170410299,-1.0
826,18.145671724233075,4.111527353702282,-1.0
827,18.222207417194603,4.2438401825671805,-1.0
828,18.505036692539708,4.3722664027671225,-1.0
829,18.28093190053783,4.486431916200455,-1.0
830,18.359312675532703,4.594780887479957,-1.0
831,19.90028472285536,4.732345633566989,-1.0
832,19.38408010561879,4.84863065439848,-1.0
833,19.449930381890127,4.958929982200693,-1.0
834,19.27842279084023,5.059418971703923,-1.0
835,19.19485661418373,5.150313631280982,-1.0
836,18.982405375699752,5.232094505781045,-1.0
837,18.42620238629141,5.298698113224866,-1.0
838,18.00490477289406,5.353005417193574,-1.0
839,17.41306702164883,5.396603538768212,-1.0
840,16.99147376923637,5.42879222170364,-1.0
841,16.61695220831005,5.453681790884423,-1.0
842,15.86876869114688,5.465431176626181,-1.0
843,15.395184656693916,5.468859608046977,-1.0
844,14.961641109434796,5.46474573963386,-1.0
845,14.857282253727565,5.4591076983620255,-1.0
846,14.49253018010629,5.446692010991515,-1.0
847,14.091094232506816,5.427467861402753,-1.0
848,13.93191684704584,5.4039668065512085,-1.0
849,13.455815437826429,5.374045622270127,-1.0
850,13.456434377758995,5.343689921850504,-1.0
851,13.224413647211264,5.305628843514907,-1.0
852,13.186234674145116,5.264800328212457,-1.0
853,13.108793046273275,5.226487060277792,-1.0
854,13.156290202373576,5.193691862097386,-1.0
855,12.976068268629655,5.157736578597111,-1.0
856,12.960788873915469,5.119095140146595,-1.0
857,12.924278989188709,5.077937827461603,-1.0
858,12.331098409382273,5.031845376146177,-1.0
859,11.697472160233216,4.9859686829134064,-1.0
860,11.08401149034708,4.938042126001987,-1.0
861,10.560482110770964,4.88237782220716,-1.0
862,10.1625496683967,4.82774704395597,-1.0
863,9.774021603592644,4.776000895838595,-1.0
864,9.351651619141414,4.732350155624319,-1.0
865,8.799241750060535,4.695308718831093,-1.0
866,8.266899626995887,4.66519497321565,-1.0
867,7.939462177024083,4.637040814397596,-1.0
868,7.585113424408551,4.619720123864549,-1.0
869,7.159222116385312,4.607418170874515,-1.0
870,6.857188098517284,4.591775205089973,-1.0
871,6.497365351455905,4.580661203791868,-1.0
872,6.272708342853981,4.5695087908797545,-1.0
873,6.233121922960336,4.553157453337937,-1.0
874,6.032919832783474,4.539642822633362,-1.0
875,5.886896898624322,4.529827559901527,-1.0
876,5.616013422660476,4.5250772365404215,-1.0
877,5.04884749265532,4.526215615920597,-1.0
878,4.330040652498663,4.540556726015395,-1.0
879,3.950064062798436,4.561182901960351,-1.0
880,3.9052214920634114,4.582340210278719,-1.0
881,3.593271180813957,4.610961611060506,-1.0
882,3.5128083708363604,4.6442926587594,-1.0
883,3.500180677318113,4.680211077905109,-1.0
884,3.081802652487063,4.721247440829488,-1.0
885,2.6042259562840826,4.774266740413425,-1.0
886,2.4769051096757835,4.824919874343414,-1.0
887,2.5742232779586374,4.875948212092184,-1.0
888,2.3316091535074577,4.932419997267777,-1.0
889,2.215256046795915,4.98892954805458,-1.0
890,1.5610366183238256,5.059230207853134,0.0
891,1.0999202325888433,5.136004827279164,0.0
892,1.0835793243735168,5.212668449869834,0.0
893,0.979595704603362,5.290559262699514,0.0
894,0.7481340490955546,5.372656593468673,0.0
895,0.7809326882780852,5.455854981388,0.0
896,0.789867307990356,5.539645184766726,0.0
897,0.2763196326592592,5.633297987211556,0.0
898,-0.1420846002296798,5.7323794206424274,0.0
899,-0.4456085026365102,5.8373735668649305,0.0
900,-0.3668988701798739,5.938224397574683,0.0
901,-0.4074107965355651,6.036748398519335,0.0
902,-0.8958035429729918,6.141741877999676,0.0
903,-1.1043965338744002,6.246872799417417,0.0
904,-1.3924444522226196,6.353425432795655,0.0
905,-1.6131020017189712,6.4598825509872535,0.0
906,-1.9088745008176813,6.567545486479961,0.0
907,-1.8012310575913943,6.6692973867711665,0.0
908,-1.8706844097277295,6.768157422949704,0.0
909,-2.0114599040883334,6.865017931960435,0.0
910,-2.53434444534659,6.965346048276303,0.0
911,-2.6116807158973216,7.061477982281976,0.0
912,-3.038677902255287,7.15861842825202,0.0
913,-3.1192738171386267,7.250227589659116,0.0
914,-3.221450988051316,7.337140126643873,0.0
915,-3.566344780059282,7.421397393016478,0.0
916,-3.544323325640569,7.499001658547978,0.0
917,-3.324806093487396,7.564705684623245,0.0
918,-3.3491001952773374,7.622929424409315,0.0
919,-3.6749948129350543,7.677896960353995,0.0
920,-3.909959136738266,7.726522229772244,0.0
921,-4.08615075352477,7.76824771332985,0.0
922,-3.900547170082696,7.793386464967187,0.0
923,-4.335473649219523,7.814312651310234,0.0
924,-4.200883119931625,7.8203778484380075,0.0
925,-3.9954801082349576,7.810175059581413,0.0
926,-4.156909317313094,7.794234362629012,0.0
927,-4.437222430389518,7.774387106871257,0.0
928,-4.240325152080878,7.740567997737089,0.0
929,-5.051400480002954,7.714501010153756,0.0
930,-5.18900726814136,7.68176450014397,0.0
931,-4.884125709877111,7.60893712571283,0.0
932,-5.224090149109713,7.541903140747406,0.0
933,-5.2395510517297765,7.464972647023621,0.0
934,-5.454340399464932,7.385278857655478,0.0
935,-5.264644522284684,7.295490969690939,0.0
936,-5.352304316861115,7.201846187283233,0.0
937,-5.134525494896906,7.107652461863876,0.0
938,-5.197533982811748,7.013933527983719,0.0
939,-5.092679117464151,6.922307426718796,0.0
940,-5.397677101349892,6.834531561877271,0.0
941,-5.511691663931892,6.747373170102104,0.0
942,-6.089389860009462,6.67448002024876,0.0
943,-6.248900716452965,6.605104201982302,0.0
944,-6.6930846669926325,6.542396081049375,0.0
945,-6.687830140535624,6.473810150172886,0.0
946,-7.104445194659135,6.4102793619372385,0.0
947,-7.492616242306461,6.352295214632993,0.0
948,-8.156998405387597,6.2992552127401105,0.0
949,-7.958096951540426,6.244673350682126,0.0
950,-8.361275777649112,6.1880373179592265,0.0
951,-7.928460693292855,6.121634349759133,0.0
952,-6.729831287041016,6.0323073303086385,0.0
953,-6.811830231252451,5.937569497328246,0.0
954,-7.108197809222212,5.836937778339663,0.0
955,-7.767112837112677,5.7399358627213415,0.0
956,-7.67854888943549,5.632757303444014,0.0
957,-8.071922571582121,5.521851099069186,0.0
958,-8.011096137445158,5.414490241120638,0.0
959,-7.934575146072852,5.311757177108509,0.0
960,-7.911776634799693,5.214187716282099,0.0
961,-7.068458530929469,5.11003709635324,0.0
962,-6.442689431441899,5.0004009208430364,-1.0
963,-6.918249861389754,4.896864326009435,-1.0
964,-7.03003972476975,4.796590215921357,-1.0
965,-6.84043223346805,4.69957769988409,-1.0
966,-7.724775753149579,4.617552852490082,-1.0
967,-7.715483237583101,4.535847858095729,-1.0
968,-7.729626252046998,4.455489312695089,-1.0
969,-8.11639823331241,4.382795050400115,-1.0
970,-8.110951865558874,4.310272386125937,-1.0
971,-8.084992267003095,4.239092173839425,-1.0
972,-8.10501038313145,4.166937995910086,-1.0
973,-7.794023337914538,4.085698284780324,-1.0
974,-8.313814055270988,4.008794585348839,-1.0
975,-8.326157078907464,3.928800283903589,-1.0
976,-8.267297524494367,3.8478010153856452,-1.0
977,-8.200654755064164,3.7729436889967136,-1.0
978,-7.631112002766116,3.7023885661795903,-1.0
979,-8.942195440503554,3.6506237793018874,-1.0
980,-8.841722293155065,3.5931242700655583,-1.0
981,-9.08898812521685,3.540509220629227,-1.0
982,-8.77311833695704,3.480143535377534,-1.0
983,-8.937419844429158,3.4166544697655725,-1.0
984,-9.317749805100796,3.3624283704915534,-1.0
985,-9.524256949464274,3.31664218334528,-1.0
986,-9.572934120976631,3.26929381487733,-1.0
987,-10.09264385150344,3.222250849673822,-1.0
988,-9.984675470482635,3.1735849137521717,-1.0
989,-10.150151969230537,3.124662159149946,-1.0
990,-10.58020231843568,3.092554096654172,-1.0
991,-10.275114243692895,3.060681834782064,-1.0
992,-10.0379033411498,3.0209175630139575,-1.0
993,-9.900131188848178,2.9768234179661532,-1.0
994,-9.18718406343732,2.9241681801111556,-1.0
995,-9.03069699646099,2.864538249720345,-1.0
996,-9.515099189596723,2.8056363790466827,-1.0
997,-9.491212929913097,2.753822227114982,-1.0
998,-9.462555194775035,2.7069143399859623,-1.0
999,-9.09195375789563,2.658610619028774,-1.0
1000,-9.32606616047252,2.607257135663941,-1.0
1001,-9.048325603608248,2.5496877595633034,-1.0
1002,-9.299159004628857,2.502092576077782,-1.0
1003,-9.56773623126064,2.458593900195809,-1.0
1004,-10.192934760162627,2.426136868589668,-1.0
1005,-10.128879337709977,2.39401356340674,-1.0
1006,-10.974699629870775,2.3780034693523384,-1.0
1007,-11.483515388914554,2.365207000379526,-1.0
1008,-11.813193694249732,2.3563217092404476,-1.0
1009,-12.528999546358484,2.36159660183159,-1.0
1010,-13.050860743131864,2.3855102859843056,-1.0
1011,-14.187792591816446,2.4355225010580193,1.0
1012,-14.379523184284132,2.4925099058470717,1.0
1013,-14.736224341105384,2.5543400384174966,1.0
1014,-14.80565759308152,2.613188323749516,1.0
1015,-15.813072102125858,2.6996392151357793,1.0
1016,-15.797551041800148,2.7771611643803285,1.0
1017,-16.675910637929164,2.8687207867707305,1.0
1018,-16.73736236404153,2.9535347161173218,1.0
1019,-16.24219431763575,3.0219953404820226,1.0
1020,-16.65845944824938,3.0981780052875956,1.0
1021,-17.068014244491557,3.1806542631898025,1.0
1022,-16.51662739493559,3.23933412013889,1.0
1023,-16.555106760224476,3.2993861990367335,1.0
1024,-16.686382430579556,3.3549338474591726,1.0
1025,-16.95915841172254,3.4080591078239575,1.0
1026,-16.882640082996325,3.456219145710682,1.0
1027,-16.446575092204988,3.4940701031995838,1.0
1028,-16.293546812085843,3.5214574432799077,1.0
1029,-16.326776797106483,3.556682500542676,1.0
1030,-16.19809798633071,3.5874283077388087,1.0
1031,-15.343671232886656,3.5962707957083286,1.0
1032,-15.188020881648685,3.604396005388004,1.0
1033,-15.345780913185544,3.612230300044121,1.0
1034,-15.211260572994725,3.618166053692932,1.0
1035,-15.006230125484862,3.6160680962956673,1.0
1036,-14.098977838328372,3.6018850335058756,1.0
1037,-13.857574128827316,3.5798921019275567,1.0
1038,-13.667921387365602,3.5548147406358077,1.0
1039,-14.341743691156369,3.5324129995025633,1.0
1040,-13.573131578162126,3.5049864382682596,1.0
1041,-13.384715163335002,3.475683930783815,1.0
1042,-12.965046467334496,3.4499960435975385,1.0
1043,-12.528307671987411,3.422581816460977,1.0
1044,-12.2041072762242,3.398356973253484,1.0
1045,-11.930422245563951,3.3721174730575254,1.0
1046,-11.797069958555229,3.3497576544878043,1.0
1047,-11.606510706549464,3.3307153466563517,1.0
1048,-11.93176938652934,3.3183830047720244,1.0
1049,-12.00929366521234,3.303860267887879,1.0
1050,-11.446758145845031,3.291664357035573,1.0
1051,-11.204197851540528,3.2749357343112644,1.0
1052,-10.53684067925314,3.2439263951906736,1.0
1053,-10.027662860828848,3.214987706616229,1.0
1054,-10.027764883473196,3.1895747152933627,1.0
1055,-9.761453467260552,3.1731886243276755,1.0
1056,-9.697054503944642,3.1558936914751343,1.0
1057,-9.245805131773352,3.1456226742130964,1.0
1058,-9.115357162032184,3.1355494023589077,1.0
1059,-8.757548980809723,3.127418195009317,1.0
1060,-8.186843680453407,3.1244269762384485,1.0
1061,-8.079455697933966,3.111827518794666,1.0
1062,-8.494951634873296,3.085283993823969,1.0
1063,-7.803757777873912,3.07340372715242,1.0
1064,-7.177713457029512,3.071290629873614,1.0
1065,-6.641438304116647,3.0743748735102807,1.0
1066,-6.280779582275642,3.095391337324525,1.0
1067,-6.341801714721193,3.1150748628553235,1.0
1068,-6.026195716089354,3.1400537014975978,1.0
1069,-4.9848555896476725,3.188471627345617,1.0
1070,-4.499626247384768,3.2457896177600536,1.0
1071,-4.453101924987301,3.3024311036846954,1.0
1072,-3.941517869535829,3.3687736370723345,1.0
1073,-3.454872618119637,3.4410937957538374,1.0
1074,-2.741269690835537,3.532553862684954,1.0
1075,-3.2373826886899906,3.609676042489723,1.0
1076,-2.940238039887077,3.6905188882201987,1.0
1077,-2.3459897972746617,3.781669092485869,1.0
1078,-1.7737787517966126,3.8785365072793163,1.0
1079,-1.5644220777935232,3.985688957813221,1.0
1080,-1.33094462938557,4.093607107472558,1.0
1081,-1.0003301427759297,4.206027904574557,1.0
1082,-0.5012075619881315,4.324267276679585,1.0
1083,-0.0459662625045353,4.449063045307563,1.0
1084,-0.0740904726907274,4.569172359002421,1.0
1085,0.0152352872207828,4.6867670402326835,1.0
1086,0.0366135489853363,4.800103204529678,1.0
1087,-0.08897461232376,4.9066556961736705,1.0
1088,1.0074581094683452,5.032113020569027,1.0
1089,0.9936043565406648,5.151810287592161,1.0
1090,1.1902876858676166,5.270076312294695,1.0
1091,1.07961538651589,5.381310051622118,1.0
1092,1.8633386372830287,5.504097616346328,1.0
1093,1.400471235587851,5.612542571047289,1.0
1094,1.4109037307888812,5.717099756774282,1.0
1095,1.3331349804199275,5.816350913402593,1.0
1096,1.310538589476984,5.911602393117959,1.0
1097,2.5812379464032347,6.0268359275979115,1.0
1098,2.068270349918812,6.128037101439238,1.0
1099,1.5449368420665976,6.216698079276456,1.0
1100,1.829847008433632,6.306853696038835,1.0
1101,3.5266487137987355,6.424154093317067,1.0
1102,3.468702810432738,6.535557179392144,1.0
1103,3.212065504933655,6.637607327734851,1.0
1104,4.596129597524637,6.759119056645881,1.0
1105,5.103936685880328,6.885070175419313,0.0
1106,6.265679969136762,7.024787746419904,0.0
1107,8.035144729009666,7.191939332433918,0.0
1108,6.290877099984833,7.313005906033932,0.0
1109,6.889912010549217,7.434187948905816,0.0
1110,7.609855578422682,7.558189061116458,0.0
1111,7.790386055558429,7.667910921960605,0.0
1112,8.53351573591684,7.782176810036729,0.0
1113,10.69667551932929,7.9285384234710365,0.0
1114,11.463032204180056,8.079880539244687,0.0
1115,11.43744808860481,8.207686309120458,0.0
1116,12.738647800003058,8.352526972925691,0.0
1117,12.902860178205348,8.47725951684207,0.0
1118,13.851839826581768,8.609482201882676,0.0
1119,14.100436618165231,8.741020197155756,0.0
1120,12.751639337629772,8.826986152153774,0.0
1121,12.22243420377427,8.886415084423186,0.0
1122,11.684658983773272,8.934317158706904,0.0
1123,11.919786901461894,8.976497162238227,0.0
1124,11.71391955010744,9.003950512341742,0.0
1125,12.913307147577832,9.038478863899826,0.0
1126,15.265985268109322,9.107797871083656,0.0
1127,13.22697110995231,9.134947376883218,0.0
1128,13.942360898001098,9.16701622352499,0.0
1129,13.54095263888457,9.181585122889066,0.0
1130,13.828082137419925,9.193187686421332,0.0
1131,13.775371626911843,9.207784678949334,0.0
1132,13.287890560991926,9.207869210595174,0.0
1133,13.348449844389588,9.197420777416152,0.0
1134,12.84145108855546,9.172687589999216,0.0
1135,11.430703349020536,9.123734573240556,0.0
1136,10.473927764760152,9.070342613560632,0.0
1137,10.872457315609363,9.018324818174662,0.0
1138,11.42311207593146,8.96866058229841,0.0
1139,11.570744450454086,8.901858949047686,0.0
1140,11.032833306539867,8.834097713628534,0.0
1141,11.185272705354668,8.763776454099805,0.0
1142,10.533271736401868,8.686254102075704,0.0
1143,10.77741188249124,8.611587262004829,0.0
1144,11.46029093266668,8.5426245572079,0.0
1145,11.896070634847751,8.47595311349877,0.0
1146,11.609642761653305,8.401145907922341,0.0
1147,11.923889446916409,8.325771710761694,0.0
1148,11.694763042660693,8.234543086120665,0.0
1149,11.215091600401012,8.129084827514442,0.0
1150,10.076361793789506,8.016246082444768,0.0
1151,9.822555317081882,7.898584450894267,0.0
1152,9.775302055325746,7.785956866390867,0.0
1153,10.050697219535792,7.6780302108377425,0.0
1154,10.63475059648258,7.567791044057434,0.0
1155,9.767263888942743,7.448834058362062,0.0
1156,9.34533314973802,7.321224021601841,0.0
1157,9.098025286623468,7.193967724298856,0.0
1158,8.605548142011862,7.05970181342488,0.0
1159,9.087282361620812,6.928163173886887,0.0
1160,8.915613163153715,6.80033875092719,0.0
1161,8.936147647848092,6.667985258159412,0.0
1162,8.559126686678319,6.5176840761349055,0.0
1163,9.493164957886066,6.379192849383345,0.0
1164,8.570409365368995,6.242448598053953,0.0
1165,10.146231268346718,6.118110715688962,0.0
1166,8.990082649103591,5.9884136890558,0.0
1167,8.93713212173656,5.850243613387433,0.0
1168,9.16353800662678,5.712754592966244,0.0
1169,8.51213882179135,5.589006826194672,0.0
1170,9.282231124059097,5.472265616605184,0.0
1171,9.806627858514837,5.352705256487032,0.0
1172,10.038459169133034,5.23905604555307,0.0
1173,10.26930635935259,5.130988917434231,0.0
1174,10.405729650600392,5.032962728644095,0.0
1175,10.054901625887858,4.916722109359679,0.0
1176,9.709586554623204,4.799395397252143,0.0
1177,10.23374677480734,4.6915463788512435,0.0
1178,9.925428830175484,4.589243892609333,0.0
1179,10.298480659178562,4.487759075776331,0.0
1180,10.43568870349892,4.386599135151368,0.0
1181,10.33035399565444,4.286855646862673,0.0
1182,10.090140773961531,4.1919812200140605,0.0
1183,9.912546049039529,4.101658665166896,0.0
1184,10.2590779977946,4.007289977070666,0.0
1185,11.06097857562873,3.913560481964322,0.0
1186,11.047905775937773,3.8147404486365875,0.0
1187,11.082119442975497,3.7070351029493547,0.0
1188,10.614329614568843,3.6174925719011015,0.0
1189,10.620998420952422,3.522724989731572,0.0
1190,10.789869619854226,3.4280734550770746,0.0
1191,10.854385874323391,3.3253707905410197,0.0
1192,10.135409308972733,3.234416987862331,0.0
1193,9.359229397694676,3.1264607385699468,1.0
1194,9.173180961914897,3.0131241480019204,1.0
1195,8.829572039671724,2.8919624644024013,1.0
1196,8.727147501795386,2.763160771671724,1.0
1197,8.177553923387627,2.6681167532806307,1.0
1198,8.491010549377798,2.550620564732431,1.0
1199,8.570012952033267,2.407053331041068,1.0
1200,7.980414023219126,2.2679580754330493,1.0
1201,9.043817129364832,2.1697118231193624,1.0
1202,11.316296145964358,2.0621484400139085,1.0
1203,12.224441232799975,1.9425915263866238,1.0
1204,11.710390309569782,1.8565125267687959,1.0
1205,12.07767569101842,1.782636905755398,1.0
1206,12.773383845692848,1.7436033096344155,1.0
1207,12.7434815615821,1.7372293753591255,1.0
1208,12.863293697353631,1.694597857592372,1.0
1209,13.414839468300364,1.6714112771230383,1.0
1210,13.00180197221733,1.655097043399622,1.0
1211,12.439169269680356,1.6339826378758688,1.0
1212,12.677255294664192,1.6264644295320398,1.0
1213,12.67035839396268,1.635689182603951,1.0
1214,12.383738830980285,1.6412523994396702,1.0
1215,12.78884742943366,1.6508598356904678,1.0
1216,12.961268235091168,1.6534288096849332,1.0
1217,12.917161391003631,1.6535988476922712,1.0
1218,13.73075250640396,1.6515056492981999,1.0
1219,13.433409329755712,1.6400110082849522,1.0
1220,13.530691558143552,1.650444751731591,1.0
1221,13.508088455849858,1.6652899971467787,1.0
1222,13.53607468180175,1.6834352506583012,1.0
1223,14.154729041642597,1.7104551531792613,0.0
1224,14.346979767754611,1.7412747759294078,0.0
1225,14.313071319263244,1.7619590583667581,0.0
1226,14.007266644995047,1.7358953564487618,0.0
1227,14.84630350451102,1.763783301141159,0.0
1228,14.454893732167562,1.7729606107943472,0.0
1229,14.375138307873613,1.7866306294792338,0.0
1230,13.859982639247605,1.7871299778492609,0.0
1231,14.253081032964204,1.7950418051615389,0.0
1232,14.48149968162744,1.8137432410398973,0.0
1233,14.152395439184255,1.8255899151355817,0.0
1234,14.31652488926305,1.8456531541103112,0.0
1235,13.721352562695763,1.8637419054084503,0.0
1236,14.038182476129798,1.8848849857123342,0.0
1237,13.691533454755124,1.9013516774075532,0.0
1238,13.272491144345835,1.9124919975355694,1.0
1239,13.197573923405717,1.9224005611652244,1.0
1240,13.178652085151745,1.9320603828459573,1.0
1241,13.119782522245249,1.9409933701877229,1.0
1242,12.90856074759308,1.94632761259336,1.0
1243,13.264026262066071,1.9554381215684198,1.0
1244,14.148529401432477,1.9756829226983843,0.0
1245,14.030346483244951,1.9930667394325352,0.0
1246,14.255601691295713,2.0136869200907768,0.0
1247,14.826483653753565,2.042031547776943,0.0
1248,15.204057866238038,2.0765038924511243,0.0
1249,15.249310561828338,2.1105223200396943,0.0
1250,15.75816774247901,2.1478328519950827,0.0
1251,15.691544868967604,2.179783970866079,0.0
1252,16.194616170794127,2.2190727608209477,-1.0
1253,16.416422785698366,2.2626127182369618,-1.0
1254,16.406727392756004,2.3071103631590426,-1.0
1255,15.473341926089203,2.3266640964602017,0.0
1256,14.716280318037668,2.329952709675758,0.0
1257,14.918184320862004,2.331528636846933,0.0
1258,14.75184009588979,2.3228112823657674,0.0
1259,14.828716048573526,2.320140794871685,0.0
1260,14.512829934511744,2.3101926398267514,0.0
1261,13.956918089430468,2.2941521840183166,0.0
1262,13.544646325569992,2.2682614767271403,0.0
1263,13.551979676667068,2.254712688046868,-1.0
1264,13.503938066009638,2.226293403819378,-1.0
1265,13.941238846147217,2.220866359263981,-1.0
1266,14.17392067326687,2.2014140680985497,-1.0
1267,14.03327597280439,2.1786230439625323,-1.0
1268,13.440316739713133,2.1547015607855573,-1.0
1269,13.54537561755501,2.1185454358224542,-1.0
1270,14.423187464832688,2.1001701119916887,-1.0
1271,14.957063336341555,2.0935026758503783,-1.0
1272,14.941876634207176,2.0885124154492027,-1.0
1273,14.716241644061393,2.083024645358293,-1.0
1274,13.268780528533256,2.0698367281969916,-1.0
1275,14.855159603092318,2.0612114009630047,-1.0
1276,14.688595018653508,2.0447424529053553,-1.0
1277,14.41439687702288,2.0324569315046834,-1.0
1278,14.664731126026922,2.016693145184216,-1.0
1279,13.830509329892884,2.000019242338543,-1.0
1280,13.877571202623798,1.9846394841356718,-1.0
1281,13.066728761957911,1.9654621549872493,-1.0
1282,12.882765539055349,1.9422170164966968,-1.0
1283,13.328709105663208,1.915256695543478,-1.0
1284,13.44742033490546,1.893145906934861,-1.0
1285,12.655976018689344,1.881827309737945,-1.0
1286,12.640210697122669,1.8701984599105197,-1.0
1287,12.701894599746858,1.8585750673861055,-1.0
1288,12.548867018346025,1.8411171228945309,-1.0
1289,12.564420206195273,1.8233215786921708,-1.0
1290,12.593237424328755,1.8074592388857789,-1.0
1291,13.109980935288718,1.7908635693568493,-1.0
1292,13.084306215236502,1.7622115691125162,-1.0
1293,13.748647874290263,1.7162880057070677,-1.0
1294,13.129266093924173,1.6631745431290323,-1.0
1295,12.819282697980944,1.5986203256025389,-1.0
1296,12.700726221300556,1.5276812257903596,-1.0
1297,12.849959574952791,1.4318007446792522,-1.0
1298,12.799100899971895,1.3401272560623803,-1.0
1299,13.595874037453726,1.2406500205556186,-1.0
1300,14.512769754639775,1.1043095160178937,-1.0
1301,14.772090069967888,1.0042814043076638,-1.0
1302,14.277188071201104,0.9747432375451378,-1.0
1303,14.134085211469326,0.9624136439116578,-1.0
1304,13.829704876567815,0.9388026642039067,-1.0
1305,13.472289505785284,0.922743144118569,-1.0
1306,13.465761009012128,0.9172168683922186,-1.0
1307,13.164911441173288,0.9130401744956069,-1.0
1308,12.73733956976345,0.9145066347111919,-1.0
1309,12.59699911034523,0.9220896244341161,-1.0
1310,12.324977956351738,0.9307825256929958,-1.0
1311,11.268317119788392,0.9555899676218967,-1.0
1312,10.453797811759197,1.0070760556375262,-1.0
1313,9.636750137964867,1.084300752325556,-1.0
1314,8.773503282928843,1.186348369915489,-1.0
1315,7.577443924039684,1.3337526643475945,-1.0
1316,7.257547603005314,1.4790776514649089,-1.0
1317,6.26045424168484,1.651194286916702,-1.0
1318,5.700418310812616,1.828636367127067,-1.0
1319,4.883665294372435,2.020696315255662,-1.0
1320,5.492755021839358,2.169663769409348,-1.0
1321,4.07576395134415,2.3580649535898766,-1.0
1322,4.105342833059197,2.5278257780781628,-1.0
1323,3.438909444020261,2.7047595733109944,-1.0
1324,3.3258717560738305,2.8696524001885195,-1.0
1325,3.190354261993953,3.0260066438189104,-1.0
1326,2.934295627898329,3.180003563383912,-1.0
1327,2.4272484086838872,3.333645664743083,-1.0
1328,1.644970762104748,3.502097117753535,-1.0
1329,1.4913366934777912,3.6632979030290347,-1.0
1330,0.743393302909432,3.8377844849823814,-1.0
1331,-0.4634950385915246,4.034436723559529,-1.0
1332,-1.9842900599130215,4.262846740573711,-1.0
1333,-2.9654294234699705,4.506725556298619,-1.0
1334,-3.5712365643750985,4.74995149425998,-1.0
1335,-5.160356289089798,5.028426873270049,-1.0
1336,-5.689839676989578,5.30052859501622,-1.0
1337,-5.756488173136276,5.556120129501535,-1.0
1338,-5.515290817538627,5.788982899421953,-1.0
1339,-5.020267643793751,5.994049396624696,-1.0
1340,-4.569656213924496,6.175822789031423,-1.0
1341,-4.460480096604783,6.345102953842395,-1.0
1342,-5.511486914450856,6.530619622428479,-1.0
1343,-5.6262181128901005,6.706824957319749,-1.0
1344,-6.387413340683445,6.885481363513237,1.0
1345,-7.074317426361226,7.070241526793159,1.0
1346,-7.513344170665064,7.252631750779389,1.0
1347,-8.633038614251092,7.445721479154481,1.0
1348,-9.432974123507217,7.642299307838785,1.0
1349,-10.485475659334504,7.850716878794726,1.0
1350,-12.161753995675042,8.081761331139514,1.0
1351,-12.713904405768318,8.311192533391504,1.0
1352,-14.248511293110653,8.558213488543322,1.0
1353,-13.93983834247652,8.777763704895968,1.0
1354,-15.67047539939582,9.024002688676692,1.0
1355,-15.901007702788355,9.267569245107907,1.0
1356,-15.881891278396829,9.501019667985483,1.0
1357,-15.199489144406144,9.701977767433727,1.0
1358,-14.490992557868772,9.876223673862135,1.0
1359,-13.400076548546664,10.016788988358716,1.0
1360,-12.9591875006996,10.142391748855019,1.0
1361,-11.651896820443945,10.241911995426097,1.0
1362,-9.667957504913169,10.30789065887875,1.0
1363,-8.868409093787776,10.357417984568391,1.0
1364,-7.590433335522917,10.386736027062032,1.0
1365,-6.153769511544816,10.392288828118271,1.0
1366,-5.5897163861477495,10.38626597816109,1.0
1367,-5.578106022348173,10.377759879955331,1.0
1368,-5.309334550603893,10.369078358100014,1.0
1369,-3.874628485911657,10.344847235959923,1.0
1370,-2.050883754020504,10.297341625897939,1.0
1371,-0.530077244666856,10.234351337543192,1.0
1372,0.0937204196516177,10.166869361947713,1.0
1373,1.223342802859683,10.097145343976907,1.0
1374,2.491483143714163,10.040762715078406,1.0
1375,3.0975068182883163,9.964490016700422,1.0
1376,4.082161665361497,9.889539934430255,0.0
1377,4.846587161801359,9.818033440146353,0.0
1378,5.476511832821586,9.743785993367949,0.0
1379,6.87827717469365,9.684586251954343,0.0
1380,6.451503752749218,9.621869032477163,0.0
1381,7.544559552300107,9.573765706971683,0.0
1382,7.641688283618784,9.527828550703157,0.0
1383,8.200802364056308,9.479639307336916,0.0
1384,9.032401476119368,9.435481291312952,0.0
1385,8.9057610648968,9.399495125581954,0.0
1386,9.035728610024158,9.364412072013895,0.0
1387,9.245833195181326,9.33000920918391,0.0
1388,9.529028749313396,9.299524797213257,0.0
1389,10.31447090168205,9.275701299685393,0.0
1390,9.844007844462716,9.247095977683728,0.0
1391,10.104872053351343,9.214351192581715,0.0
1392,9.980116197065511,9.180556713061863,0.0
1393,10.496682184703367,9.142784210049033,0.0
1394,11.400538388099015,9.122320945320375,0.0
1395,11.37178562850503,9.105397751167834,0.0
1396,12.498776785916974,9.10291935025664,0.0
1397,13.491382616412054,9.111193240359475,0.0
1398,13.131581688323172,9.11540160157123,0.0
1399,12.731391093590425,9.104262663661935,0.0
1400,13.65716306312111,9.092340779321562,0.0
1401,14.028920892223104,9.08170545887243,0.0
1402,14.383177839683045,9.083215101894506,0.0
1403,15.346212882372155,9.101004662501815,0.0
1404,15.313890626526238,9.122440970440966,0.0
1405,15.147444829101149,9.146061330588722,0.0
1406,15.76764284462211,9.179146521745055,0.0
1407,15.952659495002834,9.218801511543974,0.0
1408,16.90740359750201,9.27884189293703,0.0
1409,15.790407993062082,9.32225664660157,0.0
1410,15.836376934025836,9.369207534988892,0.0
1411,15.768690216916704,9.426136298490562,0.0
1412,16.1536963073265,9.4961378992527,0.0
1413,16.056553881362454,9.570861025981507,0.0
1414,16.14707248211949,9.652459219174673,0.0
1415,16.866467806280774,9.751188399154897,0.0
1416,16.818135482861273,9.84904173815996,0.0
1417,17.539604377795584,9.960481244166594,0.0
1418,17.708840588679152,10.074017751728952,0.0
1419,18.125971208581756,10.193477073570184,0.0
1420,18.26055043639751,10.310369735745232,0.0
1421,18.475435011284205,10.430361596118923,0.0
1422,18.094685142431047,10.541371158978478,0.0
1423,17.89262158251112,10.646949033384404,0.0
1424,17.242366883138196,10.740773674510942,0.0
1425,17.882482688734562,10.840442135494708,0.0
1426,17.456951733364626,10.931536951095103,0.0
1427,17.883230378127138,11.02496545757358,0.0
1428,17.894137790775304,11.114308547585663,0.0
1429,17.84865303334805,11.199653424751775,0.0
1430,17.70918819150876,11.278221385406463,0.0
1431,17.954624572497714,11.352127470164733,0.0
1432,17.72929265171536,11.412156930372467,0.0
1433,17.014942698441658,11.454258991929816,0.0
1434,16.54626273183125,11.483446977635706,0.0
1435,16.79373074527087,11.498232959917978,0.0
1436,16.95910680424152,11.505415330779654,0.0
1437,17.346557198934356,11.511351361790329,0.0
1438,17.37855355285592,11.515355369643471,0.0
1439,17.2643151056147,11.518557765107008,0.0
1440,17.440911496222192,11.52349752428988,0.0
1441,17.683576857136188,11.527594839291712,0.0
1442,17.568723222350123,11.515496048923938,0.0
1443,17.807262845563002,11.499686751146747,0.0
1444,18.310119112013368,11.474963798233839,0.0
1445,18.27042188053594,11.435811339609856,0.0
1446,18.24252843774147,11.38471779019946,0.0
1447,18.961189937705136,11.318220343147788,0.0
1448,19.314276546882176,11.235478875744995,0.0
1449,19.689411450353735,11.130639354348483,0.0
1450,19.79920345829973,10.986408269277435,0.0
1451,19.174471619457776,10.813588853824305,0.0
1452,19.194926197580976,10.594825117861781,0.0
1453,19.17121427606783,10.367554836332566,0.0
1454,19.26107102055755,10.081721342436923,0.0
1455,19.26624613966724,9.768700810547562,0.0
1456,18.863086476324355,9.429124526477663,0.0
1457,19.36235620419862,9.088135126759378,0.0
1458,18.987762013568727,8.738461335366651,0.0
1459,19.31829197437332,8.397606138089454,0.0
1460,18.40267125589142,8.035399847265422,0.0
1461,17.974438721215762,7.6828021239419,0.0
1462,17.406542664970296,7.361576753479249,0.0
1463,17.479569169832693,7.041299939478802,0.0
1464,17.49158035053899,6.736850968517471,0.0
1465,17.46232010749091,6.454079587826231,0.0
1466,17.42870667961983,6.167205693052602,0.0
1467,16.890955764454368,5.854696399250044,0.0
1468,16.861312460821942,5.524852344380345,0.0
1469,16.545800582462434,5.216304168787534,0.0
1470,16.632616432077008,4.9461429273476805,0.0
1471,16.274973557826243,4.704473204459651,0.0
1472,16.061603358527258,4.464227807264765,0.0
1473,15.85521479028494,4.2428902025854525,0.0
1474,15.335823209011274,4.046213270013996,0.0
1475,15.473414923774548,3.8551852751546707,0.0
1476,15.642272680890391,3.682296262445355,0.0
1477,15.915624301852697,3.5216823729048867,0.0
1478,16.376653561759966,3.3702775294160565,0.0
1479,16.644615589075784,3.250871426843664,0.0
1480,16.37776751926109,3.110517986500391,0.0
1481,16.543663837636515,2.993845452358733,-1.0
1482,16.439944100874968,2.8723495954189753,-1.0
1483,15.866390876318228,2.759630686668442,-1.0
1484,15.095373632083271,2.666224871280567,0.0
1485,15.041152508081067,2.564590926682816,-1.0
1486,15.156779395165067,2.4605583890765623,-1.0
1487,14.656499413073703,2.36010142194067,-1.0
1488,14.6824835303454,2.262614897145531,-1.0
1489,14.535074084331008,2.184846187075306,-1.0
1490,14.62450019000589,2.087834151449346,-1.0
1491,15.026173898217472,1.990088677594079,-1.0
1492,14.636272120660609,1.8853700007511087,1.0
1493,13.561042846172016,1.8077186426111738,1.0
1494,13.298687102159915,1.7611245270876759,1.0
1495,12.61349372597359,1.7272612483888437,1.0
1496,12.790223146530082,1.720319146633634,1.0
1497,12.80463151725273,1.73461255691881,1.0
1498,12.918017995934363,1.739180773338217,1.0
1499,13.061922714297276,1.7318573120163774,1.0
1500,12.630148344208294,1.7530307689579538,1.0
1501,12.08059032813994,1.7933239091485778,1.0
1502,12.518564480976146,1.8267799660214645,1.0
1503,12.818649177150483,1.8622381222000688,1.0
1504,12.654270508664148,1.899858300493075,1.0
1505,12.847018039902132,1.93135036780839,1.0
1506,12.657541458680548,1.969264276321494,1.0
1507,12.997562480496782,2.0002590445213757,1.0
1508,13.180772883903508,2.0275212300154704,1.0
1509,13.330307876764364,2.0508128466629523,1.0
1510,14.127752965375445,2.0631364538234824,1.0
1511,14.223759445523726,2.073987442037124,1.0
1512,14.424895751588345,2.0834709805574376,1.0
1513,16.364312856809832,2.0831715525944516,-1.0
1514,16.238498549005328,2.0830738844128085,-1.0
1515,16.94769535566904,2.083268106584626,-1.0
1516,17.26252241366719,2.084611633401389,-1.0
1517,17.56792382053912,2.084767349286461,-1.0
1518,17.57576753997641,2.083978093709437,-1.0
1519,17.26771679664293,2.078632468637125,-1.0
1520,16.660243522179307,2.0703789378898416,-1.0
1521,16.173911362021173,2.059762970013745,-1.0
1522,16.11835905309391,2.052517752423669,-1.0
1523,15.737764802046634,2.047468278939401,-1.0
1524,15.321554304510393,2.047821551770206,-1.0
1525,15.474412924077278,2.0432928448204395,-1.0
1526,15.025629992657358,2.043678766570148,-1.0
1527,14.467743602245378,2.0448378688594917,-1.0
1528,13.961547816694823,2.050261915361655,-1.0
1529,13.175989083141204,2.065218768097566,-1.0
1530,12.792418172999817,2.0859320677380286,-1.0
1531,11.963866573804388,2.117678886723716,-1.0
1532,11.484892887460717,2.158789456639086,-1.0
1533,11.57397916392108,2.2003412086186023,-1.0
1534,11.423698239699752,2.2446809353982387,-1.0
1535,10.599080696096172,2.3034678727109106,-1.0
1536,10.400624268853504,2.3627912505989324,-1.0
1537,10.35096363752546,2.4175614650102304,-1.0
1538,9.430731356114926,2.4902559674000657,-1.0
1539,8.669029177758397,2.5785456083330014,-1.0
1540,7.832546076663952,2.682451220336102,-1.0
1541,6.428608161453063,2.8185410821902583,-1.0
1542,6.058650158899994,2.956293274410928,-1.0
1543,5.273922535284001,3.1055748868370445,-1.0
1544,5.884896688167927,3.220340960064511,-1.0
1545,6.668333373644842,3.3065362316529257,-1.0
1546,5.839060017059111,3.4076301328880554,-1.0
1547,5.46403549466865,3.5026266471914336,-1.0
1548,4.571404946264195,3.6088397001268238,-1.0
1549,4.6271564884714,3.699258601971224,-1.0
1550,3.701618414112957,3.8043002426518684,-1.0
1551,4.439399853721383,3.8899172832804063,-1.0
1552,2.493477340891772,4.018696088150067,-1.0
1553,2.622270760656562,4.133513390186746,-1.0
1554,2.54308414768569,4.2395199691620435,-1.0
1555,2.737296430132048,4.331546080742097,-1.0
1556,3.161973670879604,4.41101126314742,-1.0
1557,1.7543068522345069,4.50981696065972,-1.0
1558,1.0625246524898273,4.622174730117407,-1.0
1559,0.6222027065827831,4.731410828543432,-1.0
1560,0.5363620905551869,4.845348071664313,-1.0
1561,0.7147409148239063,4.95114336592439,-1.0
1562,0.4630209236156162,5.060928200461975,-1.0
1563,0.4945182238813714,5.161271091890653,-1.0
1564,0.716911177051017,5.249268411185269,-1.0
1565,-0.3265054401032472,5.353217930703503,-1.0
1566,-1.0673860738964578,5.466241146228387,-1.0
1567,-2.212286916742485,5.603116891020167,-1.0
1568,-3.216160990370369,5.754776697457037,-1.0
1569,-3.9635687380975497,5.917192179730484,-1.0
1570,-4.491059732457302,6.080365728119594,-1.0
1571,-4.7178475870442895,6.241075587741394,-1.0
1572,-6.23281876811933,6.430063108912597,-1.0
1573,-6.647698716761397,6.618321804226459,-1.0
1574,-6.443479065858327,6.7934955758340525,-1.0
1575,-6.14208524840339,6.949296082773096,-1.0
1576,-6.278681916829441,7.096517699014623,-1.0
1577,-6.696007372057935,7.240492725391179,-1.0
1578,-7.987343076901354,7.398486876640185,-1.0
1579,-8.54042725152955,7.5547936175479045,-1.0
1580,-9.851864207854106,7.732469669079558,0.0
1581,-9.891293633517565,7.8964635132768315,0.0
1582,-9.084980324060638,8.032050555547727,0.0
1583,-9.72410876282082,8.176822267807987,0.0
1584,-9.786426238025172,8.320132994778596,0.0
1585,-10.862957542894264,8.476374533601586,0.0
1586,-11.19095212055987,8.627608998293905,0.0
1587,-10.949453724545393,8.768242741352246,0.0
1588,-10.996267109351637,8.89987974721515,0.0
1589,-11.182563135270216,9.027199667145535,0.0
1590,-13.172670085464604,9.18372381228153,0.0
1591,-13.80960371409286,9.338163901784258,0.0
1592,-13.594128999503823,9.48096961800453,0.0
1593,-13.595529344748089,9.623795297803394,0.0
1594,-13.435612745782535,9.756320615161847,0.0
1595,-13.36878443460111,9.884626268402362,0.0
1596,-13.683610287766982,10.008506976710093,0.0
1597,-14.660014959064696,10.141206068971822,0.0
1598,-14.356310703665956,10.25834625453121,0.0
1599,-15.138669968951532,10.379223119299505,0.0
1600,-14.987474740660817,10.492562431920826,0.0
1601,-15.2784291273326,10.60743410057776,0.0
1602,-16.02877502058378,10.722667131494859,0.0
1603,-15.957552119363683,10.82491009621181,0.0
1604,-16.66968803652756,10.932119380323112,0.0
1605,-17.47590220252843,11.042121978000376,0.0
1606,-18.270393476649133,11.158402929505426,0.0
1607,-18.09227098891137,11.258218799575022,0.0
1608,-18.28981167311437,11.34980674604179,0.0
1609,-18.693871399462225,11.436874658380914,0.0
1610,-18.67591291842785,11.504320530357056,0.0
1611,-18.1478857986791,11.552451573557912,0.0
1612,-18.05110697057293,11.587148340486273,0.0
1613,-18.69576932677137,11.594440832952142,0.0
1614,-18.898206096102054,11.596026953329057,0.0
1615,-19.675512783761192,11.587316930992923,1.0
1616,-19.504326630386288,11.55898524213077,1.0
1617,-19.23935947543764,11.509476323857488,1.0
1618,-19.94447321978244,11.458027433340854,1.0
1619,-20.44336807054553,11.406995232561185,1.0
1620,-19.790315556350222,11.344684009825986,1.0
1621,-19.994893486848724,11.281943013380564,1.0
1622,-20.96489440273116,11.222142968778853,1.0
1623,-20.37461722250083,11.148206000421874,1.0
1624,-20.4025371949318,11.070109674296141,1.0
1625,-20.066717946171806,10.972227072716786,1.0
1626,-19.692368480205744,10.865628747784962,1.0
1627,-19.001099457139603,10.749053690065855,1.0
1628,-19.087162868783807,10.63154321397068,1.0
1629,-20.46305700849173,10.534715350252673,1.0
1630,-19.64054721023146,10.423241851510546,1.0
1631,-20.49356765783212,10.326883096566684,1.0
1632,-20.73350134855553,10.231483949316273,1.0
1633,-19.94960442811077,10.1135239257936,1.0
1634,-20.03208568971081,9.988116905486333,1.0
1635,-19.867080997782796,9.865765658452087,1.0
1636,-20.17305621390024,9.739758045504836,1.0
1637,-18.91330860637913,9.589768782283283,1.0
1638,-18.470183141855173,9.443138606533168,1.0
1639,-20.268125042939644,9.319895560812048,1.0
1640,-19.990398434032212,9.199706102937581,1.0
1641,-19.14199792274232,9.088151635621907,1.0
1642,-20.53083283261229,8.989182664964241,1.0
1643,-19.32571992221729,8.883611013551524,1.0
1644,-14.998562521036462,8.728064649010284,1.0
1645,-13.78962282664824,8.543907163085128,1.0
1646,-12.742584986872387,8.366311265369383,1.0
1647,-11.280610323057942,8.1881183448168,1.0
1648,-9.761468583738178,8.024000346937544,1.0
1649,-8.66760775839441,7.856532849083464,1.0
1650,-8.059741386136608,7.705864583696055,1.0
1651,-7.279718654436621,7.539001648936226,1.0
1652,-6.625030679826153,7.413297547466446,1.0
1653,-6.071336749763859,7.286249017635801,1.0
1654,-4.829941967744375,7.169869901961803,1.0
1655,-5.280384212197347,7.041720843559255,1.0
1656,-5.020919780669303,6.903416830839377,1.0
1657,-4.628332131202306,6.797709867670731,1.0
1658,-4.23656653920537,6.7094136936515465,1.0
1659,-3.608637835182499,6.637163389596518,1.0
1660,-2.7495622983564445,6.57836223357674,1.0
1661,-3.3272243250075206,6.5063258057059015,1.0
1662,-3.1865083149735653,6.440688849780802,1.0
1663,-2.412267523415736,6.385924940669084,1.0
1664,-1.597159450591576,6.3399812516021905,1.0
1665,-1.7151264361806042,6.313500047899205,1.0
1666,-1.460117385721368,6.306137653554869,1.0
1667,-0.1702177935575122,6.344535211274516,1.0
1668,1.0894422959314485,6.42539348170083,1.0
1669,2.150650293187809,6.539489006365299,1.0
1670,3.213326478661621,6.682795950568214,1.0
1671,4.011200764060433,6.844156660694263,1.0
1672,4.217138017997336,7.021189111975105,1.0
1673,4.181448918530698,7.195013544706075,1.0
1674,5.062875913012036,7.382011718740423,1.0
1675,5.678191824344985,7.57469100162201,1.0
1676,7.48173085818194,7.805571435996274,1.0
1677,7.18945263486912,8.023210977172791,1.0
1678,7.755998532585984,8.253208248635879,1.0
1679,8.012517324226344,8.482211026556675,0.0
1680,8.605460878503557,8.719062497622932,0.0
1681,8.754258631344548,8.949215884376477,0.0
1682,8.88433036508011,9.17119948003786,0.0
1683,8.75454094193799,9.38273939025911,0.0
1684,9.088297044016166,9.59298488245612,0.0
1685,9.346158000803769,9.800513794789536,0.0
1686,9.545446713460043,10.003352942337525,0.0
1687,9.96410378349735,10.206363704764195,0.0
1688,10.425040998084285,10.410103926585881,0.0
1689,10.895586749905227,10.614416923048326,0.0
1690,11.629511499321026,10.819393173351529,0.0
1691,11.595316410250112,11.011739091370266,0.0
1692,12.27410157787002,11.208648367232717,0.0
1693,13.088648728594508,11.411605255290265,0.0
1694,14.25271895797576,11.627839706032146,0.0
1695,14.82443308226626,11.844919838114711,0.0
1696,15.196566716222762,12.057030166015053,0.0
1697,15.024463616580547,12.250022277716932,0.0
1698,16.60175326274019,12.464106410901932,0.0
1699,17.300736673828006,12.67528959075209,0.0
1700,17.620671043939637,12.881790537842418,0.0
1701,17.955140658253477,13.081012738210049,0.0
1702,17.84552877277843,13.26126374914641,0.0
1703,18.09454336583436,13.435429602977758,0.0
1704,18.216203087581142,13.594972330642948,0.0
1705,19.5634297480703,13.759916201506861,0.0
1706,20.16501425883262,13.915799186273839,0.0
1707,19.96578392583251,14.05770642808921,0.0
1708,19.671231863449933,14.18091860522485,0.0
1709,19.855992381991317,14.291551433289168,0.0
1710,19.42463982411786,14.38428411395159,0.0
1711,19.10859074539509,14.467345604054481,0.0
1712,19.16086260094834,14.542138750164716,0.0
1713,19.64752391791196,14.606698774064888,0.0
1714,20.005889202916187,14.663653640023874,0.0
1715,19.706209888697963,14.69593334746913,0.0
1716,20.04403633717272,14.724476795922204,0.0
1717,20.338532866696724,14.749845291012948,0.0
1718,19.949896283443834,14.749597617576718,0.0
1719,19.84021977876902,14.729880299172883,0.0
1720,19.840415712983532,14.708471515711857,0.0
1721,19.426727797431383,14.668034738067897,0.0
1722,18.882915835319103,14.595277767342187,0.0
1723,18.615959991311605,14.517426211185462,0.0
1724,19.42635796408077,14.437387724166326,0.0
1725,19.617215862098757,14.353448767506329,0.0
1726,18.80664610836466,14.25493963770006,0.0
1727,18.412205941829804,14.152380914858561,0.0
1728,17.98483895182386,14.033241324070909,0.0
1729,17.586923641160112,13.874969340903412,0.0
1730,17.48703259826337,13.718375634148158,0.0
1731,17.01487095327974,13.529364710399207,0.0
1732,16.689748666467473,13.319475824209178,0.0
1733,16.90392184591223,13.113122874273754,0.0
1734,16.711679461854125,12.889556728214592,0.0
1735,17.37633135426357,12.660255925547695,0.0
1736,17.461958100011223,12.409410501753669,-1.0
1737,15.82328869630571,12.15739611218123,0.0
1738,15.369110570868052,11.896757632997168,0.0
1739,13.82688576057378,11.568566546549164,0.0
1740,12.691634797807978,11.222577296611554,0.0
1741,12.4462520205522,10.877131744314688,0.0
1742,11.778674811108807,10.470137128823158,0.0
1743,11.84522319753357,10.071853573704109,-1.0
1744,11.546023423838555,9.767304940989254,-1.0
1745,11.55286524373475,9.476828222850282,-1.0
1746,11.031738426225452,9.196441978547574,-1.0
1747,9.920525693872172,8.937801776429616,-1.0
1748,9.094342965362344,8.70451563295734,-1.0
1749,8.050764806148408,8.489278242161024,-1.0
1750,8.335401012619705,8.27838233082855,-1.0
1751,8.6073601108058,8.076012526970485,-1.0
1752,8.491563216416807,7.880849979789384,-1.0
1753,7.797384653880691,7.693530042138033,-1.0
1754,7.3678704833507425,7.529436664475217,-1.0
1755,6.167159780809165,7.357296280314593,0.0
1756,6.341052821325185,7.1840040205691755,-1.0
1757,6.33626074563238,7.014012645364516,-1.0
1758,6.43913401361489,6.846636256909304,-1.0
1759,6.364239171195273,6.689104855039715,-1.0
1760,5.361660847509782,6.556163996938314,-1.0
1761,5.564090087071882,6.403446830368221,-1.0
1762,5.577567854694806,6.249105480460673,-1.0
1763,5.214207110415792,6.113183577804157,-1.0
1764,3.8614762553557194,6.0109466297370835,
1765,3.020143026779486,5.9165399912823124,
1766,3.0316628810530237,5.826252566949117,
1767,3.2124726989561765,5.761452960251693,
1768,3.563204681500622,5.716992100795736,
1769,4.060681551247711,5.684996234335841,
1770,3.988125216350987,5.672630273167307,
1771,3.879029542551649,5.674661394695279,
1772,3.970299476569849,5.678386621835319,
1773,3.703056014482428,5.68572511132604,
1774,3.381675360125996,5.7105749689127245,
1775,2.8601549727148097,5.751644214258782,
1776,2.0840051169811677,5.824310258354415,
1777,1.7523358163227414,5.899001981971756,
1778,1.5356607187321814,5.980860060191073,
1779,1.8088503469207995,6.058016582452419,
1780,0.3230847492808024,6.164597599761063,
1781,-0.2110046469847475,6.279461976756103,
1782,-0.2589171321238339,6.392580591949939,
1783,-0.3204729188430306,6.502974167642947,
1784,-0.0444923646548218,6.606684295866592,
1785,-0.2026422505021301,6.711346906744124,
1786,-1.3153057641638242,6.834135096742835,
1787,-1.7344392419283423,6.962063368880576,
1788,-2.142722284011157,7.094286232563462,
1789,-2.181590906918963,7.223012230005771,
1790,-2.957588283767919,7.361599673522861,
1791,-3.207784297541025,7.499526759225261,
1792,-3.647270031268789,7.639345627973891,
1793,-4.004918777453064,7.77793341359588,
1794,-3.85318767071751,7.902810539082448,
1795,-4.459376923545285,8.029561448694023,
1796,-4.78770141433327,8.153437482528533,
1797,-4.66005137068808,8.269408881068065,
1798,-3.459770703408587,8.347501891372017,
1799,-3.413305054314911,8.413047714290986,
1800,-4.217027234791424,8.482358353609023,
1801,-3.5823708856537166,8.532299826872695,
1802,-3.5960715897657423,8.57786195339717,
1803,-3.131555400461842,8.608541661206047,
1804,-4.133354013661858,8.646530616254651,
1805,-4.503897670294087,8.66706974507985,
1806,-4.264523550598952,8.669017606459454,
1807,-4.874106532990972,8.675570215549575,
1808,-4.413781296502172,8.672736665215036,
1809,-4.645581335450416,8.663587498926876,
1810,-4.779768039326626,8.65564824405673,
1811,-5.02991385280275,8.648890062088764,
1812,-4.854059700720519,8.632195838932203,
1813,-4.7063431533463245,8.599255562870235,
