index,FSLR RH,Standard_dev,label
0,108.56847968801488,3.6832160582409954,1.0
1,107.26164646348806,3.6832160582409954,1.0
2,104.85499592859202,3.6832160582409954,1.0
3,105.31284600082505,3.6832160582409954,1.0
4,104.5197984892382,3.6832160582409954,1.0
5,107.1329298591909,3.6832160582409954,1.0
6,106.37857789391082,3.6832160582409954,1.0
7,109.74096397651624,3.6832160582409954,-1.0
8,109.36275858824,3.6832160582409954,-1.0
9,111.5790887722675,3.6832160582409954,-1.0
10,114.41207693581642,3.6832160582409954,-1.0
11,114.30048081820428,3.6832160582409954,-1.0
12,113.68201852548438,3.6832160582409954,-1.0
13,113.84918081879144,3.6832160582409954,-1.0
14,111.79350905178026,3.6832160582409954,-1.0
15,110.5874083644966,3.6832160582409954,-1.0
16,109.633069886706,3.6832160582409954,-1.0
17,108.84989920500529,3.6832160582409954,-1.0
18,107.23581613998644,3.6832160582409954,-1.0
19,100.67342267825975,3.6832160582409954,-1.0
20,100.24953195693676,4.170411419145278,-1.0
21,98.47414537175004,4.739623486085085,-1.0
22,100.31853247505208,5.005739857931277,-1.0
23,99.27301565804645,5.341253010498628,-1.0
24,99.46564190160038,5.607687248114826,-1.0
25,102.18609021870564,5.725604217454656,-1.0
26,103.18122524536398,5.791136527625943,-1.0
27,103.72462440634538,5.794372094639074,-1.0
28,103.87090830129522,5.788754818554381,-1.0
29,100.54996001935751,5.791434781976926,-1.0
30,101.67159417945363,5.48888425115515,-1.0
31,102.46246272441566,5.0762016259202385,-1.0
32,100.29439798265356,4.681001092259009,-1.0
33,104.61972841250196,4.064701839478748,-1.0
34,105.44289673539646,3.6006448405611136,-1.0
35,104.67610351357412,3.174368628615513,-1.0
36,100.4133275482197,2.7814932783979627,-1.0
37,98.7917281942112,2.438600433917786,-1.0
38,95.0816966001154,2.545424196030328,-1.0
39,90.55542465287752,3.4977685435824286,1.0
40,92.07023851889096,4.002919474525904,1.0
41,94.86515300649344,4.170081757143254,-1.0
42,97.44008294204082,4.214331421774672,-1.0
43,94.6629086894742,4.380806954542837,0.0
44,95.03979959945572,4.508575591127812,0.0
45,95.07178196510937,4.5723409180378285,0.0
46,96.81757276076888,4.503390713314637,-1.0
47,97.3355103906631,4.368173262939116,-1.0
48,97.47535829681988,4.191497803488576,-1.0
49,98.9095995294615,4.160405715140874,-1.0
50,98.791293060886,4.08248006120324,-1.0
51,98.77567069814316,3.953518953271413,-1.0
52,98.15108463945928,3.9127977110790217,-1.0
53,100.31810619384292,3.6227419572200117,-1.0
54,97.5173296186599,3.109188897510955,-1.0
55,94.71070521550456,2.593282058347364,-1.0
56,92.56424916314944,2.5860562334190154,-1.0
57,92.86838019652428,2.6182990992417317,-1.0
58,93.55512908306318,2.666780031079989,-1.0
59,90.53523860549564,2.6689021902601078,1.0
60,88.4945707955745,3.03214466393926,1.0
61,90.6719127215178,3.230997248357634,1.0
62,90.3806955966684,3.3879957127445195,1.0
63,90.0806579867578,3.5713855688018565,1.0
64,92.20472523831556,3.621591029951053,1.0
65,97.29516574974755,3.6654763519837497,1.0
66,94.75839827525164,3.6367780030823664,1.0
67,98.558386038374,3.692046537730643,1.0
68,99.1972832232202,3.7760817056003315,1.0
69,98.90516508599852,3.7758350490730366,1.0
70,103.40926627156333,4.148091093813293,1.0
71,103.1836377206252,4.456633011894126,1.0
72,99.73954268877692,4.522508792496048,1.0
73,100.6021046711656,4.539022517992936,1.0
74,103.42379600434398,4.8605700627684545,1.0
75,99.1996098793486,4.913073035390284,1.0
76,99.90572157164966,4.918579319253753,1.0
77,103.26213427030105,5.078034552352799,1.0
78,102.25357323085328,5.151319041959277,1.0
79,99.3372777078935,4.913173327510578,1.0
80,100.75075602851348,4.440508375340633,1.0
81,108.77025720052252,4.632144973350206,1.0
82,112.76784815876188,5.058596729738019,1.0
83,111.40024518914916,5.020119627942722,1.0
84,111.50125191118389,5.004787766036572,1.0
85,113.763475888164,5.453412538122784,1.0
86,112.44712723701856,5.440774796087509,1.0
87,121.7806772181404,6.5554028648291665,1.0
88,112.46556812715812,6.5787633125804765,1.0
89,115.08827547865316,6.66221898699689,1.0
90,116.66886490401464,6.9648798003143035,1.0
91,115.15095310931552,7.095020930936688,1.0
92,119.501755313648,7.256298900255204,1.0
93,122.41746909107896,7.560429835709661,1.0
94,124.48743960739117,8.034749283433525,1.0
95,125.47210686307544,8.125965148748579,1.0
96,123.65042209669866,7.927424517854228,1.0
97,127.19008019874408,8.081770971188291,1.0
98,130.59658653033316,8.241376819678646,1.0
99,134.95270460246883,8.240053774522364,1.0
100,137.3791908988423,8.265298608094119,1.0
101,137.95344842008598,8.763138459670948,1.0
102,140.3987293454986,9.489867084134996,0.0
103,141.27883959452834,9.95556017018611,0.0
104,142.3424029785583,10.267560176086315,0.0
105,143.31253351659797,10.573508484570125,0.0
106,144.06663731441472,10.61115818596369,0.0
107,139.58878023170266,10.736881537397919,0.0
108,141.5142711391373,10.236158758451243,0.0
109,144.09431967918755,9.889589242332,0.0
110,146.9254211226922,9.635095228698557,0.0
111,148.92664914972988,9.080527582660018,0.0
112,150.2826940242709,8.775722276951896,0.0
113,151.27818122478578,8.562795846452849,0.0
114,149.73022834614503,8.197070927991183,0.0
115,143.9139846096918,7.476908407799657,0.0
116,145.1120378370235,6.30951228867753,-1.0
117,141.43857794159126,5.2617078509588575,1.0
118,140.42176572717136,4.465243660420471,1.0
119,139.8689453977448,4.105523398554015,1.0
120,142.7449340434581,3.8526127188718817,1.0
121,147.32691057683076,3.6751641161657846,1.0
122,143.8166102846644,3.565546296457292,1.0
123,142.7575847833019,3.5123698505488883,1.0
124,144.68625183625542,3.476451876778009,1.0
125,145.25161849061226,3.465962553998852,1.0
126,147.95932662012422,3.5378268638226857,1.0
127,149.21255897035323,3.432919134391165,-1.0
128,149.50225614032132,3.426228402228904,-1.0
129,146.81210644227252,3.410441221766863,1.0
130,151.32301409813067,3.6157223834412147,-1.0
131,153.9367809557817,3.976127107267291,-1.0
132,143.56345055960406,3.9113626889526767,-1.0
133,140.87870376582768,3.8683656324182207,-1.0
134,138.8260485418861,4.008566375748667,-1.0
135,133.88774625026946,4.7124233111339064,-1.0
136,129.70855946081593,5.746597164544169,-1.0
137,128.80317580423008,6.633910209449212,-1.0
138,127.45819597774292,7.48449049642228,-1.0
139,124.27755669113694,8.506043923638968,-1.0
140,124.49224922806494,9.321022512625378,-1.0
141,120.25535637000569,10.23274710860122,-1.0
142,117.13236464433751,11.305879254847444,-1.0
143,112.96707820665276,12.545566601734292,-1.0
144,111.93911826645056,13.525992383920473,-1.0
145,109.06691632400856,14.457742630266758,-1.0
146,106.674087690992,15.15501724478584,-1.0
147,101.6477656776326,15.867816189996992,-1.0
148,101.51715850387444,16.174935395394645,-1.0
149,100.40212674087874,16.398551354644518,-1.0
150,100.91300946694555,15.832141145930272,-1.0
151,100.3320042482951,14.520193544912422,-1.0
152,97.55467324751544,14.015770490305709,-1.0
153,96.82357599174124,13.42153519988176,-1.0
154,94.62839769016333,12.782694429372746,-1.0
155,94.23297747472164,12.278403668034555,-1.0
156,92.882575929035,11.930145542019295,-1.0
157,90.12270147408417,11.543349425262049,-1.0
158,90.4913420426375,10.913854653915232,-1.0
159,89.69493014411137,10.325433728986297,-1.0
160,89.31506403095202,9.367502850592075,-1.0
161,79.79964385817071,9.34264131887212,-1.0
162,74.35857740087856,9.833842312126784,-1.0
163,70.48028897362386,10.701150245334693,-1.0
164,68.14532859935785,11.43155365953811,-1.0
165,66.22642653185828,12.146198627383173,-1.0
166,63.65977199873964,12.882456206443646,-1.0
167,61.3425720430569,13.78278730668171,-1.0
168,59.606040739807895,14.490690866403856,-1.0
169,56.72311120964783,15.172081070013636,-1.0
170,56.05115944628123,15.520267494431778,-1.0
171,54.01679055265036,15.721770382458933,-1.0
172,50.12945456626411,16.07969623798539,-1.0
173,44.43769730836888,16.585502030895015,-1.0
174,42.49135654197952,16.98665259223918,-1.0
175,42.41729849445106,17.001073238365,-1.0
176,40.51799085021176,16.856212686625437,-1.0
177,39.3095214723934,16.61892485788858,-1.0
178,36.41459452402644,16.124479309896284,-1.0
179,34.1490215738909,15.371950180435771,-1.0
180,30.39313906418145,14.36073699558577,-1.0
181,27.90406497173813,14.050067490940362,-1.0
182,25.3071914730597,14.02791614680814,-1.0
183,22.355098978468387,14.18329877366922,-1.0
184,17.401053990429173,14.562018809004417,-1.0
185,13.457731864078768,15.009328939464249,-1.0
186,8.291050870267838,15.68243987427267,-1.0
187,6.124694549454745,16.232756135283765,-1.0
188,2.094069497924586,16.798542514030892,-1.0
189,-0.6735462479524514,17.336538828550168,0.0
190,-3.583360035801075,17.678010139598104,0.0
191,-6.500838195685695,17.924363955977885,0.0
192,-8.595690380747346,18.16193242296052,0.0
193,-12.08236686655642,18.66196869875955,0.0
194,-14.149629850799132,19.021553111854086,0.0
195,-14.429313907050863,18.96048845909356,0.0
196,-14.97644957088136,18.654097203997182,0.0
197,-17.666225103588115,18.192562816891236,0.0
198,-21.63423998142125,17.8056045967473,0.0
199,-24.68136350729783,17.3573399091338,0.0
200,-20.96119179501591,16.51435186006408,0.0
201,-21.801476034456943,15.510575653622512,0.0
202,-21.952851037831365,14.310489487322409,0.0
203,-21.06687755148974,12.894510723716323,0.0
204,-19.80307111153722,11.514990657194712,0.0
205,-19.90378676831429,10.163914088599425,0.0
206,-19.50488997741633,9.022367337220025,0.0
207,-19.418994018971468,7.777353913096367,1.0
208,-19.267981628900824,6.687336277119232,1.0
209,-19.77688663803565,5.646313980366263,1.0
210,-19.466150200687466,4.6814725109604645,1.0
211,-15.84782041789206,3.884151299590737,1.0
212,-15.04006846064484,3.2475642511359015,1.0
213,-12.392834012240565,3.2149887340343946,1.0
214,-12.784305687271376,3.3288851646374167,1.0
215,-10.989372147823945,3.6318259539474353,1.0
216,-12.820530929503548,3.7696320348738674,1.0
217,-11.354809079439342,4.080296459779415,1.0
218,-11.54213281049926,4.231493498059216,1.0
219,-11.01781100208271,4.115650618814859,1.0
220,-11.882873177351392,4.137268955427222,1.0
221,-10.881218831878478,4.1048320470110635,1.0
222,-11.957980414045087,3.9254020365217426,1.0
223,-9.882770426844443,3.8621498383211446,1.0
224,-9.196106089508447,3.86389147439748,1.0
225,-6.201514710045252,4.019634985541805,1.0
226,-6.183601010489134,4.08607768501773,1.0
227,-4.879975963470059,4.1570607220866735,1.0
228,-3.0225946951466867,4.282067550445987,0.0
229,-3.0936107501566568,4.179066696870856,0.0
230,-1.861788634837687,4.04793483962839,0.0
231,-1.4669815492642757,4.163115065292564,0.0
232,-1.3767949669771014,4.226991700479132,0.0
233,-0.4598951864442711,4.4463679143900245,0.0
234,-1.2573872189852937,4.491683884375808,0.0
235,-2.5868970134549016,4.498402555255292,0.0
236,-3.686849784927311,4.297759887289203,0.0
237,-3.933663646322998,4.146028139712426,0.0
238,-4.578044164967896,3.9266764686114604,1.0
239,-3.084055344426581,3.7327209403441826,0.0
240,-1.5937225765821168,3.4426397482420743,0.0
241,-1.2284019702036415,3.1759992423236514,0.0
242,-0.0108214020049715,2.7040990375320573,0.0
243,-0.0204414864983846,2.3511067595052664,1.0
244,0.0524209586751212,1.9387881475021755,1.0
245,1.9312072270905207,1.9792664022312323,1.0
246,1.5527782052484582,1.8969689636912006,1.0
247,0.7551623175918571,1.8215145276274871,1.0
248,1.2098882846997832,1.8741188584100552,1.0
249,0.8560219210075779,1.8762649887286964,1.0
250,-0.300054134333898,1.8727328174789077,1.0
251,0.076625311224955,1.8825788159990189,1.0
252,0.5914985093114247,1.906761827129741,1.0
253,-0.3934975241050509,1.9074166934509296,1.0
254,-0.2792601851134471,1.9071369205317068,1.0
255,-0.1859242570207975,1.8592981727028701,1.0
256,1.5779362056034785,1.7719059513066457,1.0
257,1.389038700754984,1.5963895109494965,1.0
258,1.3175999303567067,1.2237091686117623,1.0
259,1.018333433308058,0.9571668251784048,1.0
260,2.397457172579798,0.9318728177767055,1.0
261,2.7233573010586447,0.939276912745845,1.0
262,2.7090577319065723,1.0081048018678174,1.0
263,3.718750650231815,1.1549014892842782,1.0
264,6.297511712901407,1.603616863606777,1.0
265,8.395772870856774,2.233788696589842,1.0
266,8.340538444466777,2.671570502810096,1.0
267,8.680746582902056,3.0244124045063288,1.0
268,10.894705962616964,3.5375750742973215,1.0
269,13.324456207956189,4.181511015245409,1.0
270,14.336439380282991,4.707964970119344,1.0
271,17.00945017468892,5.374962722307815,1.0
272,16.19707263029431,5.788587540190211,1.0
273,17.736385830106187,6.147486387746435,1.0
274,19.26764451183253,6.493462161069032,1.0
275,20.876312275028333,6.820077180282569,0.0
276,21.821652023696103,7.167908947512753,0.0
277,24.450818406784308,7.566734603088602,0.0
278,24.2961850070575,7.749410067400506,0.0
279,24.386428618578044,7.732496457494291,0.0
280,23.805339193481394,7.611061586340926,0.0
281,25.73148643208664,7.480880685263973,0.0
282,25.36996764248413,7.131401363646804,0.0
283,25.06100283807145,6.660561785958353,0.0
284,25.56269201173609,6.2901514917968875,0.0
285,26.909434142334497,6.039229208388746,0.0
286,28.326900275611894,5.704427510699659,0.0
287,28.60952444359724,5.21344298399614,0.0
288,30.30840072869662,4.893476040704881,-1.0
289,23.365814639431136,4.371510826897779,0.0
290,21.92251379843183,3.8642563867673876,0.0
291,23.12604412134281,3.5484480741285016,0.0
292,23.84901292955688,3.0577130306848157,0.0
293,24.14125418397444,2.648879969892602,0.0
294,22.593556356082452,2.3910290119703617,0.0
295,24.05797142900044,2.2212513617126097,-1.0
296,24.3156422070839,2.107321329594024,-1.0
297,24.555394797383904,2.10599145608856,-1.0
298,22.81657000223379,2.1579099614056676,0.0
299,22.428653267552388,2.2276567412297776,0.0
300,22.637094151595072,2.2711850308076404,0.0
301,23.148075559981542,2.2878911477567243,0.0
302,22.852064802450062,2.315602306550361,0.0
303,23.351075975975537,2.3264820368793355,0.0
304,23.42115919583165,2.3215555505582874,0.0
305,23.793662665899312,2.2430475318320986,0.0
306,22.74467013633867,2.03793868121319,0.0
307,21.491586660879992,1.777423156730283,0.0
308,20.84906861539292,0.9485462950751918,1.0
309,21.23405407486941,1.0301765744919993,1.0
310,20.71357105504862,1.1256953509855054,1.0
311,20.84040710127104,1.2146842748028914,1.0
312,21.24156109015187,1.2349924731440463,1.0
313,22.20974736142996,1.18779389518702,1.0
314,22.89313494440943,1.190062677252201,-1.0
315,22.22975712741272,1.1396906912779778,1.0
316,22.77555822298705,1.05889450309582,-1.0
317,22.55104242054236,0.9326132375307475,-1.0
318,22.27466233000498,0.9249965583830135,1.0
319,22.5247503684366,0.9260363365625309,-1.0
320,21.686378220793127,0.9316030241696924,1.0
321,21.06307906455647,0.9413987163251049,1.0
322,21.88981833600965,0.9274180318305822,1.0
323,22.59600088802748,0.887859411497475,1.0
324,22.02424219933623,0.827294764249667,1.0
325,23.093606146120813,0.7585315172882512,1.0
326,22.888925247396216,0.7671590842995741,1.0
327,23.108940839409104,0.8004229848287737,1.0
328,22.33284905112327,0.7520777504468548,1.0
329,23.13172670747427,0.7556343165999789,1.0
330,23.839595067977665,0.7545327629220846,1.0
331,23.84049861678166,0.7345254628390787,1.0
332,25.06492978868225,0.8717926005363772,1.0
333,26.34857370923473,1.1842765589053927,1.0
334,28.00216294750645,1.6430693614190475,1.0
335,27.896353352766013,1.9360569792732387,1.0
336,27.96384721806255,2.1743292431029158,1.0
337,27.9273188147408,2.3493086078691885,1.0
338,27.754002588100267,2.4575905578522086,1.0
339,27.36350045977892,2.5163971587522016,1.0
340,33.86786011608499,3.1867939915128223,1.0
341,35.59838215870054,3.8135227596399988,1.0
342,33.49927246048147,4.058438419443339,1.0
343,33.22647373500204,4.225710368554671,1.0
344,34.562913983721394,4.385340053117172,1.0
345,34.62108058050972,4.522052351195299,1.0
346,35.3136395927941,4.614907881643715,1.0
347,35.84863970871646,4.672247474803422,1.0
348,37.075504038042006,4.661511732087683,1.0
349,37.08382544586684,4.601526417279022,1.0
350,39.137667019370426,4.648748490831969,1.0
351,37.1748024103501,4.428315017377564,1.0
352,37.84183462480176,4.252849344218976,1.0
353,39.7461546245219,4.220735030264544,1.0
354,41.15959414657925,4.330335142081206,1.0
355,41.42513492160959,4.345008967594623,1.0
356,41.104698628042016,4.231494365122352,1.0
357,40.7571306288308,3.977289141142696,1.0
358,42.95782144828694,3.7211115375839703,1.0
359,43.392739223995015,3.238431083961699,1.0
360,43.80848993889383,3.3682882006920183,1.0
361,44.180616649414425,3.5521094624327922,1.0
362,45.66653985125886,3.6556723930093624,1.0
363,51.36558097406812,4.267375045938783,1.0
364,52.73922909064108,4.891066076394359,1.0
365,54.2662468870134,5.457094967118813,1.0
366,54.02169821848811,5.823295328048696,1.0
367,55.72545710220611,6.214782472425318,1.0
368,54.76705408771315,6.427990772495236,1.0
369,56.45687184133646,6.641737144705063,1.0
370,56.734249571367485,6.862739450176021,1.0
371,58.16695581503729,6.92388221373549,1.0
372,58.62146569108449,6.907744762041425,1.0
373,58.47549520320175,6.877626590165362,1.0
374,58.50971949997484,6.825815883421774,1.0
375,58.63085610344965,6.683802871120334,1.0
376,58.63362532431857,6.389311545907318,1.0
377,59.78468118735709,5.968116595170319,1.0
378,60.6514735916293,5.650235982531867,1.0
379,62.020456985843055,5.293866109580673,1.0
380,62.43134212699903,4.807344229807128,1.0
381,63.170137690481766,4.162939477400481,1.0
382,64.14855692370966,3.5041001698451844,1.0
383,65.51124335228485,3.529232713962511,1.0
384,65.3367878351258,3.5385628019308046,1.0
385,65.51171584196896,3.5891534649856593,1.0
386,67.23530572248991,3.672032861709895,1.0
387,72.93068052034515,4.426098698499022,1.0
388,73.55809591555501,4.914504067482489,1.0
389,79.26703354095284,6.006277762842881,-1.0
390,80.90457890335662,6.939534079369457,-1.0
391,82.04159952193629,7.765406569880733,-1.0
392,84.32171888934923,8.586076264157162,-1.0
393,81.55452388612038,8.903373899306438,-1.0
394,81.28125231964626,9.03943543853519,-1.0
395,81.82844923725095,9.066870344312253,-1.0
396,83.44947414624835,9.040180150255853,-1.0
397,80.0818069399534,8.749399800661054,-1.0
398,80.357648229384,8.404780855624878,-1.0
399,82.04992493982883,8.109525061736841,-1.0
400,81.91335004349257,7.699175440872226,-1.0
401,81.99139868628087,7.205708561909377,-1.0
402,81.06476085923518,6.6156510441864045,-1.0
403,79.76730906690467,5.981086716906008,-1.0
404,79.17096162752182,5.141267980696818,-1.0
405,77.10912444560665,4.083407561640608,-1.0
406,76.26545551723933,3.000664296304071,-1.0
407,76.24144447812795,2.6594236096857946,-1.0
408,60.49239296438024,4.975755587879611,1.0
409,62.941823824557225,6.211544007435162,0.0
410,61.91725499964372,7.230894189001173,0.0
411,62.65796560573344,7.899459236873758,0.0
412,65.13961702060246,8.102945895054646,0.0
413,65.3496183708174,8.311471277438523,0.0
414,65.65880288998208,8.428662077589792,0.0
415,65.98234594555981,8.425780100887067,0.0
416,66.45637493499626,8.22188502663377,0.0
417,65.20414297518592,8.185189170495986,0.0
418,64.80153271156395,8.076243778024178,0.0
419,65.66233881862223,7.731739032301982,0.0
420,64.42253844216103,7.326316780589798,0.0
421,65.79330696140039,6.734244195888973,0.0
422,68.04505746181898,6.062142918427451,-1.0
423,70.21817825230833,5.425351462268509,-1.0
424,70.76718082709213,4.756112610371418,-1.0
425,71.85266679937668,4.294158427199682,-1.0
426,71.94191921618437,3.8811947656263355,-1.0
427,69.60255398646024,3.2425042910691686,-1.0
428,67.97231723316062,2.963380242455621,-1.0
429,67.13991295924184,2.835082757695938,-1.0
430,68.00886570467037,2.59680189250122,-1.0
431,67.12128085938159,2.374144424242575,-1.0
432,60.949875407738176,2.7371870515606984,-1.0
433,57.88087598190808,3.419765368836594,1.0
434,58.164848782452,3.9220598179112858,-1.0
435,62.10006937490521,4.038142235839869,-1.0
436,63.47210449313276,4.083260041317371,-1.0
437,56.87235564911808,4.570680438254028,-1.0
438,57.1727474133869,4.9471145111491115,-1.0
439,61.37058046170567,5.021180957271167,-1.0
440,60.5731946834735,5.119055093311244,-1.0
441,56.74820016165239,5.422013626979162,-1.0
442,51.87933119461371,6.021626861249664,-1.0
443,50.85474082416548,6.441903515428569,-1.0
444,45.71902974083831,7.168917992493967,-1.0
445,41.83270246606567,7.957870995986844,-1.0
446,40.970502338812736,8.481109612220614,-1.0
447,34.62058914581486,9.569292018673115,-1.0
448,27.602291870283462,11.162864577257432,-1.0
449,23.827813898515288,12.689335755628642,-1.0
450,20.9264397296175,13.943988400449511,-1.0
451,19.11645907019475,14.943506615878682,-1.0
452,15.37828920544714,16.225425501080988,0.0
453,15.645578160106131,17.22683690018507,0.0
454,13.736474419722173,18.0463436198686,0.0
455,12.850508826409596,18.375771804595548,0.0
456,10.941629082398537,18.381543631093226,0.0
457,9.18520929702312,18.613702250309114,0.0
458,7.908298233886043,18.58240078804683,0.0
459,2.0533649448722926,18.22437294382319,0.0
460,0.3456611775761189,17.542560415736855,1.0
461,0.0308584092366572,16.723619036797718,1.0
462,-0.3213095906811034,15.91333965752283,1.0
463,-0.1431263819572805,14.69083889709737,1.0
464,-1.0784369367324942,13.579326978218784,1.0
465,-2.0754154372312,12.478775987273426,1.0
466,-3.492155535790374,11.030522443132558,1.0
467,-2.89480335958762,9.808671213763994,1.0
468,-2.9911128596344696,9.023200196702087,1.0
469,-2.406321855050976,8.31954823743153,1.0
470,-0.941334657079686,7.611030871104386,1.0
471,2.196561609392141,6.803304818486865,1.0
472,3.581532342659166,6.2239061596169725,1.0
473,5.277372784154686,5.516072659925829,1.0
474,5.831787406132875,4.926973534036129,1.0
475,28.239062321410664,7.30609940452916,0.0
476,27.32295972606556,8.975273541364007,0.0
477,24.40933137467941,10.040119203709764,0.0
478,26.319286717844065,11.147863588902595,0.0
479,26.25408587056012,12.036289820776041,0.0
480,24.444852015757057,12.5642084256855,0.0
481,24.16315279509036,12.924535330335058,0.0
482,24.328769385653374,13.153648923269323,0.0
483,25.285949634437472,13.31729990023499,0.0
484,24.472778018534328,13.263634622680199,0.0
485,23.467035734866837,12.975797506975477,0.0
486,19.79897806663132,12.339287188575586,0.0
487,23.524741157572265,11.684842925858428,0.0
488,21.65717703797671,10.770656208554746,0.0
489,22.66514790099538,9.69264721600837,0.0
490,22.918188319350023,8.487596133767545,0.0
491,22.251034148270364,7.3427051824143685,1.0
492,21.914267062522956,6.0420846118512435,1.0
493,24.46883143631609,4.547630097564586,1.0
494,25.31337061209183,2.0168282545526885,-1.0
495,24.275430042530083,1.7752822492854023,1.0
496,24.87281296442871,1.607843413442609,-1.0
497,22.216964988212,1.641388593742733,1.0
498,22.797178189137725,1.534497851748614,1.0
499,26.270988705437283,1.5360667637704655,1.0
500,26.197133751878788,1.6361812143603724,1.0
501,28.37779994322746,1.9483370631881445,1.0
502,28.06212192899094,2.16323760311206,1.0
503,27.21104873193307,2.2621447011500737,1.0
504,28.43141102501783,2.4578243953115586,1.0
505,28.010767340054727,2.5803562770268176,1.0
506,31.206416047773097,2.728670308809533,-1.0
507,30.49330515606696,2.9486614820272057,-1.0
508,31.376401358144832,3.083204231292178,-1.0
509,30.379863096797905,3.1306577993509066,-1.0
510,33.546334870959235,3.4069062485554142,-1.0
511,22.202346995737145,3.410406254179249,1.0
512,20.456420615809407,3.535442820909013,1.0
513,28.71554888585942,3.5150062892183542,-1.0
514,27.672515513178936,3.494219328632509,-1.0
515,24.306604258810182,3.492881574459535,-1.0
516,19.64593897865481,3.848862427315817,1.0
517,17.40613622741884,4.281558259695896,1.0
518,15.746103016245655,4.865037109057232,1.0
519,17.741559843874512,5.226796951937685,1.0
520,15.87112253104921,5.681858126459813,1.0
521,18.795906397463867,5.814909554883254,1.0
522,21.63393894689918,5.8064762201997215,1.0
523,23.52952635932381,5.775699203720193,1.0
524,19.36708619899199,5.794876011405522,1.0
525,41.800549845612935,7.003425276987363,-1.0
526,39.47138380783439,7.629917237019037,0.0
527,35.54014584772701,7.899572964555135,0.0
528,35.37927377873127,8.11057730205372,0.0
529,36.98671370333352,8.448979644961145,0.0
530,37.02277463123684,8.650296095585958,0.0
531,34.23035845121044,8.791921758313864,0.0
532,39.13188610079941,9.09539065146636,0.0
533,38.40240662306681,9.415816519344595,0.0
534,38.95645914885596,9.729022514819807,0.0
535,41.49280906318893,10.087052588340148,-1.0
536,45.118728771995706,10.393140846296301,-1.0
537,42.773845048995256,10.234504756841178,-1.0
538,41.62062311222874,9.699853506529738,-1.0
539,37.883584558631824,9.028017867869904,0.0
540,35.81691950187161,7.925173709835329,0.0
541,33.974313882060244,6.931235891953024,0.0
542,29.05604583371371,6.290259962620999,0.0
543,33.90933628194489,5.560238444562727,0.0
544,32.72077953703081,3.897651206369944,-1.0
545,33.07299918406592,3.8869690572295275,-1.0
546,36.3442457396153,3.8504705640195334,-1.0
547,36.03635732061002,3.842350861559325,-1.0
548,37.45493589692158,3.8243593983375956,-1.0
549,34.74268690160008,3.8606138976713718,-1.0
550,28.69108837021848,4.283081055123151,1.0
551,28.955832806787384,4.586464703653896,1.0
552,27.47492295769552,4.93605100280876,1.0
553,28.82998980895616,5.123308236139527,1.0
554,25.653425354951544,5.468221861074879,1.0
555,27.250591485551357,5.448091140638085,1.0
556,29.923748694068102,4.8200152153829965,1.0
557,29.80139510232404,4.2953053992987895,1.0
558,33.45933585141334,3.7297236220795815,1.0
559,34.90958797853746,3.5394457890444015,1.0
560,35.91105509369421,3.5449814456971303,1.0
561,32.929664432285755,3.5205552797894364,1.0
562,31.857903124417845,3.4584554795027853,1.0
563,35.32366134888611,3.513645825099711,1.0
564,34.19219215571462,3.5433300939545758,1.0
565,36.19573442258647,3.6536543912997814,1.0
566,38.10337108656929,3.7753628492892912,1.0
567,42.43229243407949,4.330952341837803,-1.0
568,46.31992265558852,5.207618312377394,-1.0
569,47.33410088680935,6.095916407230752,-1.0
570,45.04961176992333,6.463878976538008,-1.0
571,44.05519346149954,6.649637204558098,-1.0
572,43.64012371765962,6.624384792761331,-1.0
573,44.08333913778796,6.614280242616571,-1.0
574,43.05933347600489,6.184816288824257,-1.0
575,35.67744822072366,5.696689463908303,-1.0
576,33.3423895480533,5.482125435554892,-1.0
577,33.828040733930365,5.217915467373794,-1.0
578,33.7669734227193,5.202440102736275,-1.0
579,36.10086636475828,5.1646390100451,-1.0
580,34.375064062137064,5.218806753377594,-1.0
581,30.9496530768486,5.348861784776565,-1.0
582,30.803737439904303,5.422286350040604,-1.0
583,31.494281044470483,5.60242852320327,-1.0
584,29.594563992817385,5.865422741942218,-1.0
585,32.19688639123677,5.997210323152119,-1.0
586,30.849921403532903,6.194629761471903,-1.0
587,31.965493519170813,6.1934846207243845,-1.0
588,26.84499599895623,6.16944349579425,-1.0
589,28.284295423559165,5.777552024756269,-1.0
590,29.33963308873853,5.394283335493142,-1.0
591,30.44978505104964,4.92520185254834,-1.0
592,24.879088421496192,4.679222542957097,-1.0
593,24.949241661921786,4.130440009258284,-1.0
594,25.36859656584611,3.3821973105414878,-1.0
595,25.89048870423109,3.3399609702460316,-1.0
596,19.17110504298779,4.07481035338488,-1.0
597,13.388933718955975,5.319665689418512,1.0
598,16.05250768002186,5.850607250632727,1.0
599,14.756983483423523,6.1656459375484625,1.0
600,15.469067531637194,6.354097329653522,1.0
601,13.484802742417529,6.771635568214118,1.0
602,10.230647631196277,7.343917725638349,1.0
603,11.081737717905284,7.621698504919446,1.0
604,12.68751834055348,7.754653770564132,1.0
605,12.650121476756569,7.61474443941024,1.0
606,13.992980939251296,7.383676352236577,1.0
607,10.725054027832698,7.101300966540213,1.0
608,11.176783344368232,7.052626667437994,1.0
609,11.78075388114749,6.77066098324369,1.0
610,14.990688705109598,6.169833670194319,1.0
611,17.071594245063366,5.253077393747576,1.0
612,16.009155965768095,4.81964812061952,1.0
613,15.849221032747714,4.285161652129606,1.0
614,35.38123391194381,5.8486741600885805,0.0
615,37.29519022511166,7.28515961142422,0.0
616,32.92466564744447,8.17848049608386,0.0
617,30.5143457280299,8.678270842454426,0.0
618,31.98419549492308,9.232007123693753,0.0
619,33.55758302553584,9.771898440179955,0.0
620,33.03469963414421,10.17693274317757,0.0
621,30.50810220727538,10.286368089751994,0.0
622,31.635705877361566,10.201216894386905,0.0
623,30.278576146667803,9.996891925713296,1.0
624,30.59042351210855,9.805512052557672,1.0
625,29.80369829967716,9.49686204594777,1.0
626,31.532855317524195,9.237592490573713,1.0
627,29.9105650747916,8.557333531968508,1.0
628,27.27264302562081,7.7282442133456115,1.0
629,27.35040269110204,6.77688735598927,1.0
630,28.949247787224717,6.0002279037675255,1.0
631,31.3859891695594,5.307053327003106,1.0
632,27.132764751408907,4.268174934544561,1.0
633,28.11454091759711,2.6503638630624438,1.0
634,28.75522834420139,2.476781090668945,1.0
635,31.74844590884156,1.944009025900032,1.0
636,38.89272653838939,2.679176824330576,1.0
637,41.215033068067335,3.5711463504458107,-1.0
638,43.10798765577757,4.458536634705165,-1.0
639,41.59495023061024,4.9645968295251235,0.0
640,45.92303448852212,5.845126203205635,-1.0
641,42.63204520537407,6.213616206640289,1.0
642,44.353996379870246,6.65930792026011,1.0
643,42.47709441222172,6.853689715518207,1.0
644,38.0358180089144,6.824456580300146,1.0
645,37.7532684136424,6.736232730940376,1.0
646,37.12524432876057,6.682814505318066,1.0
647,35.05987174361913,6.546373551200054,1.0
648,37.22105589380784,6.222770957764144,1.0
649,38.37473645505749,5.852343786659395,1.0
650,39.50903610551332,5.557398896463652,1.0
651,40.79400972619206,5.406936915783528,1.0
652,36.40177441183831,4.789199383941371,1.0
653,40.47681944559316,4.137924953151069,1.0
654,42.5092652997952,3.4122814268729944,1.0
655,44.8868526811348,3.032197354895127,-1.0
656,45.47495440040858,3.2100201738791645,-1.0
657,43.24763457358675,3.257465748066592,1.0
658,40.0005187872313,3.2178635443066343,1.0
659,42.44585162917955,3.23599594447268,1.0
660,49.4615147982046,3.609716579457514,1.0
661,58.07607779527365,5.268026801573037,1.0
662,65.29878511490304,7.454683118458308,1.0
663,69.00332828637936,9.48915004933144,1.0
664,73.86990868653518,11.468784548813247,1.0
665,81.68380481813489,13.805374547941511,1.0
666,118.636231901578,20.714457606576435,0.0
667,121.7154579186766,25.473855535268974,0.0
668,123.1919348788702,29.058796759556884,0.0
669,133.60276334663348,32.76451587040167,0.0
670,129.59866239824868,35.10995997055941,0.0
671,129.6447855020151,36.79811344960329,0.0
672,132.5387563534964,37.82943750046847,0.0
673,132.31193898489028,38.441646762745854,0.0
674,137.21561769782926,38.91010363661742,0.0
675,134.53353981866042,38.773295051079465,0.0
676,135.88169597540949,38.197209170135544,0.0
677,136.54456942825126,36.88472600307864,0.0
678,135.7758635375425,34.51701915651149,0.0
679,135.27292959369765,31.479963114927234,0.0
680,136.46471884830706,28.276074928868166,0.0
681,137.40543695693236,25.102645342600248,0.0
682,136.56110020621023,21.763665189081564,1.0
683,137.70466118057607,17.748823871088636,1.0
684,140.36740001764798,12.812725201578177,1.0
685,143.71951644604832,6.237561131739124,1.0
686,139.17835060366625,5.2922253141224544,1.0
687,141.07444602724416,4.557682083362757,1.0
688,152.66554744728768,5.122547478024764,1.0
689,149.4435869141764,5.769219094607787,1.0
690,152.1587183807017,6.28526892271618,1.0
691,149.749402355643,6.347473497395749,1.0
692,157.1756521517638,7.192678652933933,1.0
693,155.5335041845647,7.570506130391665,1.0
694,159.2394556482763,8.364229681326703,1.0
695,162.61414052885533,9.132768424156254,1.0
696,164.60370632394466,9.895147139910804,1.0
697,169.1206439016637,10.862460066863367,1.0
698,168.8882095801917,11.442639632490664,1.0
699,169.14032177993408,11.73684000718286,1.0
700,172.59086917633414,12.132611665689572,1.0
701,172.57876165189035,12.309242449760545,1.0
702,175.3492244871107,12.355602842747988,1.0
703,179.40899209688808,12.509099924744088,1.0
704,186.59350547389167,13.18974716790293,1.0
705,191.1778257813008,14.143936745296513,1.0
706,196.21931619916217,14.73820441886829,1.0
707,202.441342495221,15.581347075193738,1.0
708,203.15476811587573,16.782311923933,1.0
709,212.7404342044045,18.237869690856858,0.0
710,217.1486864823329,19.68203705598671,0.0
711,214.19451176863515,20.038533115239186,0.0
712,215.9329488791064,20.585064230100546,0.0
713,218.2246306348191,20.72535578435213,0.0
714,219.9261470277036,20.801888420035187,0.0
715,222.19921779038796,20.849263461677335,0.0
716,226.97814261673116,20.951338733196238,-1.0
717,229.7512107357836,21.136299692669002,-1.0
718,229.20224815901963,20.804089569261272,-1.0
719,227.73033388030345,19.92939458600771,-1.0
720,232.8792562958326,19.20793698408956,-1.0
721,234.93999139896775,18.064722698767476,-1.0
722,232.27265424383893,16.428008015847595,-1.0
723,234.59689945604063,14.74472843818558,-1.0
724,226.2412714362017,12.937213662863327,-1.0
725,206.747864943912,11.543048800779609,-1.0
726,202.9610868064474,10.886385112262081,-1.0
727,196.7804244919141,11.440473710815244,-1.0
728,195.43178286793813,12.155164048107286,-1.0
729,193.28142417262745,13.462206129865537,-1.0
730,199.96262136039712,14.110806837674055,-1.0
731,203.2775308433648,14.47274942783839,-1.0
732,204.02800824568,14.780658214318466,-1.0
733,203.2491758808233,15.084650600106974,-1.0
734,203.5514744100792,15.309994399015814,-1.0
735,203.7317438006503,15.428632388902042,-1.0
736,205.68506235027053,15.24712206642897,-1.0
737,205.10460496383496,14.839339236964872,-1.0
738,202.8074428586857,14.404010448472205,-1.0
739,203.1028659524706,13.921770269253226,-1.0
740,201.5190275392011,12.88086473168705,-1.0
741,199.0859982733976,11.330515298668983,-1.0
742,196.8043861477124,9.686573695236655,-1.0
743,193.21651115290408,6.921215780754384,-1.0
744,185.21227140741,5.366260566263711,-1.0
745,183.91937195670627,6.269324572668954,-1.0
746,180.4603579408092,7.453724582684757,-1.0
747,175.82277668740286,8.957288699154164,-1.0
748,172.2890149642334,10.523397620640434,-1.0
749,169.2574053673843,12.082333258057066,-1.0
750,166.562491164913,13.524891828250615,0.0
751,175.23287941760842,13.84608683302454,-1.0
752,180.2945214576535,13.73535945150377,-1.0
753,180.94836693773223,13.536452668614519,-1.0
754,186.76687452195483,13.115611582930217,-1.0
755,183.565659909684,12.640757039472847,-1.0
756,179.1367896596495,11.995118288934036,-1.0
757,177.55556787738763,11.251213536636941,-1.0
758,162.33896415850785,11.456277530925497,0.0
759,164.59378712547547,11.068195119265113,-1.0
760,152.154948528661,11.675479037618866,1.0
761,157.82485938102815,11.445169657089432,0.0
762,153.75676827195693,11.413675261711129,1.0
763,146.77888274603075,12.01596882743374,1.0
764,158.14830601279698,11.940663791638222,0.0
765,157.10800601745973,11.844130597566265,0.0
766,161.07821785584144,11.651008944540836,0.0
767,166.23815237962742,11.511216077623093,-1.0
768,166.26668894310393,11.460248701855402,-1.0
769,167.38850360892295,11.450895685672398,-1.0
770,173.47475972080798,11.535060272661745,-1.0
771,165.25805725741483,11.399442710031343,-1.0
772,164.918490026852,10.968390763030905,-1.0
773,162.92744147899265,10.42544417902565,-1.0
774,164.66722625312315,9.128007699747453,-1.0
775,162.8668758803125,7.916867523373275,-1.0
776,159.41835396747138,7.006338550844674,-1.0
777,152.8966309729602,6.303399230494877,1.0
778,146.46722231277892,7.078143260184081,1.0
779,144.45229648201877,7.816213207970208,1.0
780,145.6294365086097,8.250129491321305,1.0
781,146.72870885038648,8.686267994420012,1.0
782,150.755762049074,8.79455216062611,1.0
783,147.12215091199485,8.771448890254485,1.0
784,153.50461956277724,8.833864561923988,1.0
785,150.28450179504114,8.99866469591494,1.0
786,151.56711547100804,9.057260178111443,1.0
787,160.2782534526299,8.837602614140609,1.0
788,172.10119378617873,9.251622989185147,-1.0
789,176.62070467885337,9.990910836972958,-1.0
790,170.299731890715,9.747603560536202,-1.0
791,171.15323976549683,10.079979536455504,-1.0
792,168.1107247095256,10.223991806617615,-1.0
793,169.6402527592837,10.504321560739207,-1.0
794,164.6309849756658,10.503155395286264,-1.0
795,159.76900717696992,10.453846455416668,-1.0
796,156.06213377125272,10.458025964195329,-1.0
797,157.10121062723044,10.394140242508223,-1.0
798,153.5993381056093,10.091467990313124,-1.0
799,152.2982852834787,9.661164669374424,-1.0
800,141.99952767821702,9.952555019923748,1.0
801,135.580592704838,10.922163628442984,1.0
802,146.89269603507688,11.092160209435416,0.0
803,146.26681839603526,11.13758302908778,0.0
804,146.10656290009683,11.410340930353039,0.0
805,146.4185557555369,11.570947566025566,0.0
806,143.70990011182727,11.905280188062438,0.0
807,140.82128668197055,12.402051335096617,0.0
808,144.84412607778708,12.026805092228328,0.0
809,151.3535595557266,10.862188154247477,0.0
810,152.49964316751402,10.101420497602588,0.0
811,157.01579715765138,9.175416429058128,0.0
812,154.49978913493376,8.366041870596481,0.0
813,155.03283467689755,7.2168658356323485,0.0
814,155.18604947179134,6.505425491542016,0.0
815,151.21646580857112,6.086928373550689,0.0
816,149.71082265385218,5.8847694643147435,1.0
817,153.47742014929506,5.6778485568906945,0.0
818,158.55664918626198,5.992086429298759,-1.0
819,152.22427392231526,5.990078151548832,0.0
820,152.51761108307943,5.7855762016863785,0.0
821,152.4930620130536,4.758608968610951,0.0
822,158.00050306636496,4.954429958612156,-1.0
823,155.06874052609413,4.893288633651843,-1.0
824,154.99001325236318,4.776130010380471,-1.0
825,156.63349185386036,4.695390332297863,-1.0
826,156.49534819238428,4.289521247651324,-1.0
827,152.78469888628493,3.1707018804826967,1.0
828,155.81221922323726,2.410226011505654,-1.0
829,158.82330739136037,2.509827969647295,-1.0
830,157.82292204349164,2.5514846491011025,-1.0
831,150.76398300083272,2.661553882841864,-1.0
832,149.58436427653857,2.889055322505757,1.0
833,146.42952409072606,3.3820001565690396,1.0
834,153.37032376501276,3.370848413776796,1.0
835,154.93746289069435,3.320811483186773,1.0
836,155.8207350016095,3.1811613796371456,-1.0
837,156.22175532121562,3.2015573326406432,-1.0
838,156.04609918526629,3.0796903234137183,-1.0
839,156.21687669679406,3.0645557508147596,-1.0
840,153.05573409468946,3.0481682896768065,1.0
841,155.4752651792311,3.014046280416729,1.0
842,158.67549853705395,3.0562245339494702,-1.0
843,156.83587139718534,3.0912250495956264,-1.0
844,160.08337807843986,3.306560147728404,-1.0
845,158.02335315817794,3.354860715145316,-1.0
846,159.2689935699932,3.4682082559153757,-1.0
847,153.12218035074545,3.4561128028800416,-1.0
848,152.03871981123686,3.530009112128337,-1.0
849,147.7501456803579,3.779915129293361,-1.0
850,140.46569904622112,4.839541543810384,-1.0
851,134.33177601677406,6.482018432903059,-1.0
852,132.0559801956846,7.967039269031475,-1.0
853,130.39498620367024,9.260138262829336,-1.0
854,128.04713331144964,10.585536401473997,-1.0
855,120.09645562398885,12.427095674159279,-1.0
856,113.8995983427822,14.445735048995644,-1.0
857,112.02888902956926,16.10183447425998,-1.0
858,104.94991225517744,18.01272442032698,-1.0
859,98.6970090747773,19.995364774117686,-1.0
860,98.43602942005492,21.56596039601438,-1.0
861,92.70154182425746,23.057993904994618,0.0
862,93.95165269146553,23.736966557585138,0.0
863,90.2964612602234,24.33856830733932,0.0
864,88.27631191326617,24.34741354435828,0.0
865,89.67945267424757,23.8822690745356,0.0
866,59.831238710925895,25.36752135558807,0.0
867,60.34625712549882,26.312169033735696,0.0
868,59.83727976783211,26.5272054243556,0.0
869,65.97031437753026,25.853225365699963,0.0
870,65.78348250533654,25.194581887945773,0.0
871,66.19098203417957,24.474801637319135,0.0
872,71.67206830283348,23.167319113654116,0.0
873,76.39730546110302,21.355545648378957,0.0
874,79.28074110265088,19.200161379631382,0.0
875,84.13904220986885,17.378962343953503,0.0
876,83.88182308038284,15.85559189734715,0.0
877,84.07556579798822,14.228702170516783,0.0
878,90.0439578476417,13.249415620232979,0.0
879,84.42891223097708,12.554138903309022,0.0
880,82.42831122455435,11.751954140696187,1.0
881,80.07415245951752,11.276168541121526,1.0
882,83.44042581596767,10.7162371197474,1.0
883,87.99064891964753,10.580643288204707,0.0
884,89.14268135567119,10.630085740322345,0.0
885,89.57819951970535,10.623867696289205,0.0
886,92.77833087962075,10.33502564721186,0.0
887,93.7135666255288,9.869430084122547,0.0
888,94.30848356531348,9.038216901810456,0.0
889,99.70418057118552,8.984616692216655,0.0
890,99.99317032688823,8.591330963158418,0.0
891,97.59234505763013,7.664847618427923,1.0
892,94.91016347501986,6.905507298985016,1.0
893,96.66534787737788,6.529063863748351,1.0
894,98.81184017069796,6.393758637590438,1.0
895,100.8140861833485,6.619635544690303,1.0
896,94.12662085187044,6.415229085443878,1.0
897,99.28015353838168,6.360948645151569,1.0
898,100.58234223673652,6.580252488535709,1.0
899,99.88741444229171,6.42428275317548,1.0
900,98.13567702188986,5.900857886544014,1.0
901,96.6594625497302,4.822369235753334,1.0
902,102.08790163863476,4.141860393954855,-1.0
903,99.18145143364488,3.6855868451625584,1.0
904,95.56637052654996,3.2253662814949733,1.0
905,98.4802519727035,2.684320330000421,1.0
906,100.37787355722548,2.4869582898726086,1.0
907,99.71598981561932,2.2913623830819496,1.0
908,100.75296878130112,2.1422680047379776,1.0
909,99.83197399595517,2.1457144566885855,1.0
910,102.66463365308284,2.3091686301326595,1.0
911,110.14829747616348,3.4074143533322125,1.0
912,109.83902984721487,3.9553677694034794,1.0
913,108.4307334247862,4.2676442378932995,1.0
914,110.90288453519577,4.79914679962342,1.0
915,115.90439886777644,5.790456986622329,1.0
916,118.36178998094296,6.518047009137879,1.0
917,119.33627331509228,7.350319211330157,1.0
918,136.03982354777233,10.141744451565234,0.0
919,137.3359624860509,12.182971602679816,0.0
920,139.21492298225317,13.791252097258209,0.0
921,142.75375732483502,15.215191341825069,0.0
922,144.3211300307846,16.585513969129888,0.0
923,142.35843879265934,17.287587425649768,0.0
924,141.67994404716188,17.406991164568822,0.0
925,141.70160614615978,17.41846679624065,0.0
926,137.01202856565402,17.048753317084355,0.0
927,135.53691790708345,16.350564129760826,0.0
928,141.1073347773403,15.716702489744176,0.0
929,143.0535146953491,14.767209017954121,0.0
930,146.1574420802907,13.878366962237084,0.0
931,146.62154031737134,13.373055059868127,0.0
932,147.35077450225015,12.57782778281238,0.0
933,148.38116560753662,11.282059207067144,0.0
934,144.2663252637077,9.599174625820778,0.0
935,145.96544178111665,8.128090163906062,0.0
936,143.62290264758894,6.373900773896341,1.0
937,144.2900060332925,3.7888534701318917,1.0
938,145.04554247876527,3.51351062310115,1.0
939,146.64850307859805,3.352257077758775,1.0
940,147.9029102711262,3.3505181519801375,1.0
941,145.3108049767167,3.357720196487166,1.0
942,147.12340259666993,3.4331056829414206,1.0
943,145.14100347080802,3.4169997532084913,1.0
944,143.61992552150002,3.369016561276433,1.0
945,144.52247300186096,3.31340901256853,1.0
946,148.0897467343258,2.908589669192988,1.0
947,146.15490807966916,1.8798388110485633,1.0
948,148.59963442592706,1.6915598782184063,1.0
949,149.95615980870485,1.7833275703622933,1.0
950,157.40809911537136,3.06807592512216,-1.0
951,155.9550152767576,3.686787396616511,-1.0
952,152.74325521062752,3.8850325770378036,1.0
953,152.82338256057466,4.058904668998329,1.0
954,148.3551306294279,3.975823336047319,1.0
955,150.2074621698339,3.9767491803407853,1.0
956,149.15702129675546,3.8332093347983833,1.0
957,153.6867232439569,3.8718150402904516,1.0
958,150.13525788299356,3.7694913970522577,1.0
959,153.1903431460531,3.821996925020695,1.0
960,154.50537017091318,3.959096022296399,1.0
961,148.88280576528794,3.8225100193459776,1.0
962,149.4743820972745,3.764688650227618,1.0
963,152.2100656692217,3.5998319490594968,1.0
964,155.92025946224788,3.4112275146842213,1.0
965,154.26288576601505,3.104420557588612,1.0
966,158.5302187524436,3.353407622478591,-1.0
967,160.18146347685598,3.5061455730627547,-1.0
968,154.7234896963972,3.38445741755,1.0
969,157.7498647340164,3.449609013224161,-1.0
970,155.2437849286204,3.353331119211035,1.0
971,154.8586609363367,3.3180881771602913,1.0
972,154.43944279693466,3.3236488876218826,1.0
973,154.46752183030426,3.3282656692460617,1.0
974,151.39218744742766,3.1449741092172956,1.0
975,150.96066099337102,3.1057076657367064,1.0
976,155.26957744353146,2.931108980011127,1.0
977,159.56771387756245,3.1818450588327707,1.0
978,163.79822917697388,3.6702400321883952,1.0
979,169.36700373625848,4.848193192087169,1.0
980,177.80567444803842,6.891932675183314,-1.0
981,179.76612779660442,8.30331587836227,-1.0
982,184.5093892447327,9.850588510419977,-1.0
983,180.04591275075975,10.593136456915161,0.0
984,183.40837589596657,11.551436617873428,0.0
985,181.4904418014907,12.058677436091711,0.0
986,179.1419423279977,12.408242532716862,0.0
987,177.94446893487628,12.64775107270953,0.0
988,176.44943112282766,12.533846132027268,1.0
989,175.251404505531,12.43640507825054,1.0
990,175.50501001250734,12.14215445049792,1.0
991,173.0234463487272,11.677776711165603,1.0
992,173.94009717221357,11.093835642301979,1.0
993,173.05312707500002,10.37771331113718,1.0
994,172.28418170138298,9.165971325824755,1.0
995,166.61364782999578,7.729117424377938,1.0
996,171.2786424862325,6.413939142312589,1.0
997,172.22505255331518,5.382492980258333,1.0
998,177.13848758217216,4.6534751917555806,1.0
999,175.70142385860433,4.385231510117984,1.0
1000,176.34670970174005,4.37148431922217,1.0
1001,180.00949547509984,4.3820955264641865,1.0
1002,184.0165626851,4.334440289758653,1.0
1003,187.51181235688964,4.956076621182498,1.0
1004,188.91324803651057,5.478447708644985,1.0
1005,189.04418079843924,6.043405763885206,1.0
1006,193.2478763678431,7.017956543608001,1.0
1007,190.54926853242983,7.560116783200206,1.0
1008,196.17875770549435,8.49357028564091,1.0
1009,197.46943511949536,9.309787361451164,1.0
1010,199.17235635302745,10.08616588840911,1.0
1011,199.35874020112237,10.575453903798827,1.0
1012,202.5546992421724,11.174998260059303,1.0
1013,201.8792289052192,11.458163421472111,1.0
1014,203.6583485467168,11.617343338970695,1.0
1015,202.2252510592204,10.933438184127406,1.0
1016,200.5617301071629,10.319074439875369,1.0
1017,196.6509914816368,9.398351696020985,1.0
1018,195.53667666767237,8.732707738963493,1.0
1019,196.2680530427836,7.7392601005699735,1.0
1020,197.87253612822104,6.552355027479351,1.0
1021,201.16379793293532,5.624045936242027,1.0
1022,201.99994464103767,4.975203798942373,1.0
1023,203.0629806929146,4.600440189664285,1.0
1024,204.23138781281216,4.296126714337299,1.0
1025,203.9192440191975,3.8083972514328996,1.0
1026,206.80433552965297,3.865878389683705,1.0
1027,221.63250066109737,5.669963897752096,1.0
1028,222.22573894648195,7.153971165893664,1.0
1029,219.30915896432316,7.906646026578748,1.0
1030,227.71129642493355,9.41927354215309,1.0
1031,234.05054381696277,11.257134382585164,1.0
1032,236.93348243635344,13.005034737735087,1.0
1033,246.0801692567325,15.304305425149437,1.0
1034,252.21582778270937,17.722940344291754,1.0
1035,253.08520915516965,19.56926202386139,1.0
1036,254.61033201867147,20.995499061631467,1.0
1037,249.13934770639096,21.36264801102882,1.0
1038,251.0987064587067,21.435896812517566,1.0
1039,258.5329552338707,21.69017853327591,1.0
1040,284.96308707595244,24.0847430627752,0.0
1041,297.2412214070655,27.08163846502933,0.0
1042,293.6447881496686,28.6547361435256,0.0
1043,291.51769348885523,29.306041707811172,0.0
1044,295.4909818441485,29.653464486144134,0.0
1045,285.86374369152566,28.592016748082447,0.0
1046,285.5414435018004,27.118728254183416,1.0
1047,290.09653627760315,26.596624515825884,1.0
1048,292.7820523806585,25.78452005782437,0.0
1049,292.8765727219826,24.117587736467478,1.0
1050,297.0277080236926,22.86951768655224,0.0
1051,297.0215025779159,21.651966245443496,1.0
1052,301.8036706555844,20.42821591802908,1.0
1053,308.21229843152184,19.952241541109537,1.0
1054,309.7427305192903,19.631417721418362,0.0
1055,294.2781755894026,18.274419933056286,1.0
1056,292.5484619866713,16.681483662870598,1.0
1057,295.3714894898976,13.918780157077745,1.0
1058,296.7804946243834,10.356083838173886,1.0
1059,295.45965430504015,6.418211352663502,1.0
1060,298.15719788716393,6.006529099973549,1.0
1061,304.1020825180814,6.295776552662658,1.0
1062,302.04797630825567,6.415490724086845,1.0
1063,311.8698719122684,7.1795815135534,1.0
1064,304.2051400947016,7.323561636933835,1.0
1065,317.23165774200066,7.965837689025824,1.0
1066,330.425664661415,9.945177231866952,1.0
1067,324.3786897003786,10.777314945547488,1.0
1068,328.66831612690004,11.863773738487629,1.0
1069,330.92670513712744,12.811698420910279,1.0
1070,328.720540031358,13.455470013138443,1.0
1071,331.6755251689974,14.102038331095192,1.0
1072,338.5356967359584,15.276159387981242,1.0
1073,335.21525054206666,16.08037131178615,1.0
1074,326.5303778039819,16.309503054607852,1.0
1075,334.5726015054784,16.187018313473978,1.0
1076,334.0327806442409,15.621738123846319,1.0
1077,332.89514988984234,14.943270068577178,1.0
1078,319.6854895810705,13.884325839503136,1.0
1079,320.4140775832492,12.473793776724188,1.0
1080,330.77525209181084,11.156848910819381,1.0
1081,338.22316030108846,10.487123231336396,1.0
1082,335.9598797804637,9.044107006423117,1.0
1083,332.8728564931892,8.291570425884652,1.0
1084,345.3499365346317,6.847313286941482,1.0
1085,355.9877784092505,8.149355197994904,1.0
1086,367.1507284826133,11.166898778656572,-1.0
1087,361.0145184800267,12.34022988207028,1.0
1088,362.2866960070402,13.461680612334584,-1.0
1089,377.3436615196293,15.927752620175431,-1.0
1090,379.2836968282063,17.861445527125117,-1.0
1091,379.6573114052753,19.416393974920382,-1.0
1092,350.0559977138775,19.373204542109157,-1.0
1093,333.1884694408116,19.437590707351152,-1.0
1094,320.2795395560084,19.811481254592554,-1.0
1095,312.2063721511686,21.05600176283243,-1.0
1096,288.3728169869303,24.445538013416858,-1.0
1097,277.1095431456526,28.41712626204979,-1.0
1098,284.09654880900007,30.73385375233578,-1.0
1099,270.369140948355,34.06215356098981,-1.0
1100,276.01187316967525,36.537543076291755,-1.0
1101,258.7933124127031,40.015826283018654,-1.0
1102,245.2093679104648,44.05157133120798,-1.0
1103,215.0985027567923,50.21950563316318,-1.0
1104,210.5286738452118,55.1533332443517,-1.0
1105,180.9824248029297,61.22263983785134,-1.0
1106,155.5076819631255,67.42757210378942,0.0
1107,163.58779327904278,71.12238919023336,0.0
1108,125.14165570063416,76.59031946274894,0.0
1109,117.5401805604209,79.43063329271305,0.0
1110,99.27812240084886,81.42242147463001,0.0
1111,105.60543821875552,80.2929054671215,0.0
1112,92.23111089661944,80.60646889498491,0.0
1113,86.70192968206511,80.67879045702314,0.0
1114,106.92039218971732,78.60592762764239,0.0
1115,106.77895600193732,75.65323249807577,0.0
1116,106.75538757747292,73.23786519608218,0.0
1117,107.96477278611496,70.44308716656032,0.0
1118,113.64931366324566,65.51017000347169,0.0
1119,95.01160638569648,61.161648496126226,0.0
1120,82.2484390583277,54.92261695861983,0.0
1121,80.58707582986756,48.508042802153554,0.0
1122,76.34840924720156,41.5755887212379,0.0
1123,91.64098166595224,35.682768890807544,0.0
1124,91.60006100295872,28.065858765302824,0.0
1125,97.19989635646284,22.506031699556484,0.0
1126,106.1046762101137,19.14409085535707,0.0
1127,111.15381430068564,12.945874993915298,1.0
1128,112.2337745059191,11.907861739627926,1.0
1129,104.13120206968824,11.187109013574709,1.0
1130,102.73521558400294,11.223044117167744,1.0
1131,108.8996016294986,11.350388770707191,1.0
1132,103.41496162220506,11.272258722860158,1.0
1133,98.9142718189363,10.859793514250734,1.0
1134,105.18001374625064,10.810091698523436,1.0
1135,101.01985620139568,10.699732016494693,1.0
1136,108.70548167372375,10.774693490204243,1.0
1137,118.29150884201526,11.40843091780398,1.0
1138,122.94851326961869,12.140549372198143,1.0
1139,125.89579173455158,13.262035012022256,1.0
1140,115.24548889105644,12.653467298731602,1.0
1141,109.71821970646648,11.419374247722164,1.0
1142,112.98276843898616,9.209980016462643,1.0
1143,113.54166672038336,8.513169545884928,1.0
1144,116.55160563745198,7.695884514810684,1.0
1145,119.25959092230951,7.37774856887011,1.0
1146,127.34664957064598,8.147991275778518,1.0
1147,131.89893451705976,9.287613149470339,-1.0
1148,125.59663256346298,9.704976660253312,1.0
1149,116.12733459116426,9.455561802387978,1.0
1150,118.98376672886778,9.109111451856927,1.0
1151,123.30310417271474,9.168433086526495,1.0
1152,140.86248902583344,10.27461797280229,1.0
1153,138.47218189820944,10.291947817307365,1.0
1154,138.0158872284008,10.488297684956647,1.0
1155,152.54621721084595,11.536504323996407,1.0
1156,161.60643144243687,13.743380325443688,1.0
1157,158.8266218394541,15.368234312087015,1.0
1158,168.50907883311598,17.703433546818662,1.0
1159,170.66581036336493,19.76574666172109,1.0
1160,176.10323433975043,21.49678666085333,1.0
1161,170.1963547265596,21.849184135581,1.0
1162,205.6673508784056,25.54204555636686,0.0
1163,210.9539574609473,28.59319872673101,0.0
1164,203.45000133839997,30.03691542576869,0.0
1165,198.96894894629455,30.61817457264557,0.0
1166,202.99710278166955,31.4363253698527,0.0
1167,201.35616973102648,31.92140208747151,0.0
1168,194.8072112382532,31.265497466044796,0.0
1169,181.42136400317003,28.92711997016271,0.0
1170,186.50882580003235,26.378900720758033,0.0
1171,195.11296382343863,23.842922804966978,0.0
1172,202.21921415614457,22.755530128450175,0.0
1173,199.6964118230448,20.7767009797232,0.0
1174,200.73286077978952,18.024631745037134,0.0
1175,196.083333659554,16.162521685893775,0.0
1176,199.74878797454292,14.926595515636876,0.0
1177,197.2654281478277,12.871919893198351,-1.0
1178,194.0475214582785,11.49468497455926,0.0
1179,196.3385189187602,10.047026909688235,-1.0
1180,197.38244066899037,8.92884083436232,-1.0
1181,194.35321360381363,6.433219117188504,-1.0
1182,189.7458121306478,6.413776323634569,1.0
1183,200.20931599600056,5.595280237797848,-1.0
1184,194.0837114721064,5.381626132304046,-1.0
1185,192.51398857199655,5.397455407310246,-1.0
1186,189.63105855961996,5.2898973717214695,-1.0
1187,189.3507478313641,5.230957787348358,-1.0
1188,183.82336726076392,5.754336188016546,1.0
1189,182.01085931587411,5.687564917640218,1.0
1190,179.17969927793018,6.391138750225382,1.0
1191,177.82528333861347,7.2921717048342805,1.0
1192,190.23991014134324,6.963386440918184,0.0
1193,194.14507725053076,6.756977402216918,-1.0
1194,193.93776537140624,6.455457131593809,-1.0
1195,186.0598887916418,6.477777118597674,1.0
1196,188.41108162744848,6.16932096719417,1.0
1197,190.85550417271213,5.963955167491453,1.0
1198,185.54893941678,5.97867764937178,1.0
1199,187.1532605364096,5.798623722509631,1.0
1200,193.51539393516407,5.575939584500883,-1.0
1201,183.9141168303237,5.549771414827857,1.0
1202,189.11830682963856,5.544770288097166,1.0
1203,193.4342935404983,4.974270281688965,1.0
1204,190.74190378378324,4.821334991704809,1.0
1205,194.5124670968923,4.9375825925185985,1.0
1206,188.98327632238625,4.929615329346421,1.0
1207,192.55518422694436,5.022308187168131,1.0
1208,195.9134739684807,5.180458410232158,1.0
1209,190.4625279499433,4.92719880269769,1.0
1210,191.89234308572264,4.3337274677880995,1.0
1211,188.9832129412986,3.27910580335061,1.0
1212,189.35671675419135,3.2889927203395706,1.0
1213,191.35675581638895,3.1825991565881497,1.0
1214,193.53161059737192,3.159615431384156,1.0
1215,195.95774580477047,3.2323707966467548,1.0
1216,202.2024532066624,4.059050199543046,1.0
1217,201.93240500146368,4.675458547282206,1.0
1218,207.20914823637824,5.521595388894129,-1.0
1219,203.92815680286412,5.830359975183666,1.0
1220,202.6953816144753,6.145120829254066,1.0
1221,197.70689448612725,5.656935700442248,1.0
1222,202.7973440407252,5.719226201948451,1.0
1223,206.21013254157853,6.138312644990374,1.0
1224,208.43344540752983,6.53490708661049,1.0
1225,213.48041165806387,7.420682842272687,1.0
1226,221.40485010603285,8.71197825221187,-1.0
1227,218.3938900286122,9.44998498866344,1.0
1228,210.4900861010196,9.582596129911751,1.0
1229,208.02293334416837,9.277039456613142,1.0
1230,207.39195217100428,8.959924632585187,1.0
1231,213.0303186183992,8.500554716385833,1.0
1232,280.24106730730665,18.377672666589625,-1.0
1233,275.753787986008,23.11472754740505,0.0
1234,272.0714323295755,26.024866279414734,0.0
1235,263.2716896604906,27.412396080342678,0.0
1236,271.752380653096,29.272874129274264,0.0
1237,281.6261486936734,31.412208837960637,0.0
1238,283.52351832761013,33.29462178938529,0.0
1239,276.7898427518355,34.02672913559923,0.0
1240,276.58439716909504,34.258891965620485,0.0
1241,256.229768697639,32.98143554913304,0.0
1242,255.6429907868892,31.737198429981415,0.0
1243,256.047501586238,30.460700492583435,0.0
1244,258.6265840753625,29.10955102118331,0.0
1245,272.0256110435266,28.17036962006226,0.0
1246,278.3029314204765,27.686288400120002,-1.0
1247,270.8667465136522,26.412866813003905,-1.0
1248,278.12235778802835,24.190128162678356,-1.0
1249,265.6156736779722,20.61586246767787,-1.0
1250,244.9461002403129,16.403730986986577,-1.0
1251,252.2852973153889,11.178845332895879,-1.0
1252,253.3826675652925,11.308712512420758,-1.0
1253,246.16813026440929,12.038717463495882,-1.0
1254,239.6309015791604,13.257933956993034,1.0
1255,259.59980769648195,13.294972872832487,-1.0
1256,257.2530153684721,13.238791280296018,-1.0
1257,260.29677855143365,12.51241041690463,-1.0
1258,253.31705123637732,11.578155553570136,-1.0
1259,243.09480592619397,11.547789275163172,1.0
1260,234.8330655584558,11.94981034049161,1.0
1261,236.65434503313685,12.773506959940415,1.0
1262,251.2102651787963,12.81541311560622,-1.0
1263,262.7320879958012,12.914102376662212,-1.0
1264,236.77988991866616,13.582290561362472,-1.0
1265,238.1496754404325,13.43994858119278,-1.0
1266,211.56644860589097,15.056836767107267,1.0
1267,220.1608803504324,15.586996787703873,1.0
1268,204.93426773004552,16.530161154062345,1.0
1269,209.0647862154285,17.38605827561478,1.0
1270,231.14105791173276,17.486663610317883,1.0
1271,260.0071081651585,17.851017613075168,1.0
1272,262.13011712826903,18.28518353851147,1.0
1273,259.9130137708629,18.74469807337013,1.0
1274,246.25492830946757,18.766146202143027,1.0
1275,262.66479557020403,18.92962775622326,1.0
1276,287.8884753058741,21.30955325920728,1.0
1277,275.90645712416404,22.218231764263166,1.0
1278,292.3755415769785,24.6273607337309,1.0
1279,291.6293546040932,26.599596577137532,1.0
1280,301.94272950253713,28.88010095341819,0.0
1281,295.94053889455165,30.216994133675108,1.0
1282,310.9149317022445,32.66083219392029,0.0
1283,316.1109415151921,35.145336589296086,0.0
1284,314.6011015200702,36.62581997411938,0.0
1285,307.4850676435973,37.259904205532884,0.0
1286,315.5641491458656,36.19185529083268,0.0
1287,326.00720065349776,35.74367613442979,0.0
1288,318.3198631195928,32.263231877595786,0.0
1289,322.704304456542,28.048669270443643,0.0
1290,324.16247188773383,25.36316726763345,0.0
1291,330.2266463196572,25.178198885876842,0.0
1292,339.5849877400688,25.30482493973718,-1.0
1293,341.0151702995548,24.69470269513586,-1.0
1294,342.53781662332256,21.61413247961271,-1.0
1295,343.5082021036572,19.587181173166126,-1.0
1296,327.78568817607106,18.700725210969782,0.0
1297,303.8517148123903,16.374663629396213,1.0
1298,301.3512415941124,15.736943377011531,1.0
1299,305.5354223437662,14.751384577250903,1.0
1300,306.6765061030842,14.491249064203581,1.0
1301,310.0833595260025,13.588037708274214,1.0
1302,323.0762345916752,13.412148609644209,-1.0
1303,320.1619274436805,13.36478410549468,1.0
1304,312.9621994908115,13.412390987170784,1.0
1305,321.08202635006444,13.023311951085526,-1.0
1306,329.3086138571411,13.039017180321641,-1.0
1307,311.2204759398662,13.247068987787692,1.0
1308,313.1320247772861,13.368167647257785,1.0
1309,307.9565829216013,13.700750333611795,1.0
1310,308.8969694272978,13.924671436440239,1.0
1311,301.4772205850418,14.292218739798116,1.0
1312,321.2939596786525,13.435591332009707,1.0
1313,331.79380939475186,12.731171368010125,1.0
1314,346.97693759720545,13.225541998898281,1.0
1315,344.54523258564427,13.334842229361284,1.0
1316,349.867409184597,15.040039330931801,1.0
1317,370.5000869412946,18.576809563928567,-1.0
1318,365.6722083457776,20.319046236392154,-1.0
1319,376.2940970111739,22.746406826459893,-1.0
1320,381.55532855507664,24.99109790821973,-1.0
1321,371.49835088720926,25.86349094295353,-1.0
1322,372.24779652216745,26.938744134372637,-1.0
1323,365.438601678656,27.268115519386747,1.0
1324,368.7339013747605,27.189177373327734,0.0
1325,365.9235074859046,27.137667795022164,1.0
1326,362.3659906676026,27.12447102341469,1.0
1327,330.5963489632943,26.111292163706334,1.0
1328,350.169660363511,24.800796909089872,1.0
1329,356.9645560359638,22.800788776990856,1.0
1330,367.6322781112108,20.615696940358454,1.0
1331,365.91607260974376,16.402849850938168,1.0
1332,359.2862314645815,13.90082136533079,1.0
1333,373.8737934515323,12.48797197342365,1.0
1334,375.4607100708277,12.270449962453391,1.0
1335,386.1224133074726,12.371204152126294,1.0
1336,383.970041166971,12.408896703700474,1.0
1337,386.7042030518545,13.122792875120886,1.0
1338,395.8546602808241,14.468595957243547,1.0
1339,380.989089077231,14.616320494001446,1.0
1340,379.37977760760987,14.53417247376912,1.0
1341,379.77545375489456,14.69731790077466,1.0
1342,389.46346042216624,15.304657556137357,1.0
1343,408.28323444054433,17.317390360100248,-1.0
1344,408.9671941477969,19.004730764198918,-1.0
1345,411.63177961535,20.496814863450613,-1.0
1346,417.59476585903417,21.992216256825724,-1.0
1347,388.82924312548255,18.647543824603886,1.0
1348,406.9968203502866,17.628333053402997,-1.0
1349,419.1553474456182,17.687723060551193,-1.0
1350,402.99471524454,17.168187331026264,-1.0
1351,380.7457989848759,16.32447857134004,1.0
1352,371.8726813625361,15.209443504850451,1.0
1353,376.1182855883393,15.072961101409009,1.0
1354,371.4046303419455,15.33985619383344,1.0
1355,383.7816198273707,15.398630560472363,1.0
1356,387.8288624366569,15.313686439082458,1.0
1357,396.4721857050285,15.277568305671672,1.0
1358,393.6818070325398,15.263222478104213,1.0
1359,386.7254218362959,15.082457441848486,1.0
1360,397.1265685532952,14.752124161423597,1.0
1361,401.07882812539634,14.438855712737316,1.0
1362,412.67832626927054,14.893137452035806,1.0
1363,440.0254220627604,17.67944281493512,-1.0
1364,451.1058976817658,21.235448261139762,-1.0
1365,432.03478978939296,22.292841646795917,1.0
1366,408.5036494062544,22.025872292346,1.0
1367,452.5908351448019,24.70559673592138,1.0
1368,497.0618615272198,32.36847950374874,1.0
1369,488.5440177533588,36.997921975401276,1.0
1370,518.1490453712794,43.901425690914536,1.0
1371,513.9236147276023,47.964944342011826,1.0
1372,513.8114820641476,50.285260679894314,1.0
1373,513.7419449536359,51.75566260614803,1.0
1374,527.0469734803809,52.901747031981685,1.0
1375,509.9708997081512,52.64070669245957,1.0
1376,523.1849945697995,52.64312956750654,1.0
1377,536.7598698894689,53.23392962494769,1.0
1378,525.4266603096706,51.96488571657808,1.0
1379,520.7483913615241,48.87469433513771,1.0
1380,527.5987255763528,45.967699459530444,1.0
1381,541.0162844214315,42.96128929784442,1.0
1382,558.201723547282,40.97305937347234,1.0
1383,565.2601084438859,40.898919140332005,1.0
1384,560.5153384093519,40.45174222771799,1.0
1385,577.6475787843044,38.41023753930546,1.0
1386,571.8944171547286,30.166176341912433,1.0
1387,604.2283492192519,29.487584141219514,0.0
1388,603.6875297805036,31.86090236787901,0.0
1389,627.8107815205627,35.06502744031041,-1.0
1390,636.501575663152,39.62452828235357,-1.0
1391,623.5058448813586,41.47723928885229,0.0
1392,616.5978637737686,42.02237435124503,0.0
1393,629.641945820499,42.774422359949604,0.0
1394,620.9307027100122,43.03693632352089,0.0
1395,616.0955796436812,41.223768016777804,0.0
1396,622.368940960463,40.05936957254534,0.0
1397,639.5503515879948,40.22963528151627,-1.0
1398,622.7180040209303,37.893420023658464,0.0
1399,598.3706219863135,33.704402329206935,0.0
1400,573.8364811757976,29.987045249623563,1.0
1401,580.974750394599,26.99591125044948,1.0
1402,601.9327485733257,24.907924506727298,1.0
1403,588.5968084738397,23.467900574890056,1.0
1404,585.5346291996453,21.507982574585018,1.0
1405,575.4237542827373,21.673485810722294,1.0
1406,570.2292268853832,21.818199194669436,1.0
1407,568.8596447784639,23.422800012679854,1.0
1408,580.4408560854534,24.067554351844265,1.0
1409,605.9399035204841,23.416612284597928,1.0
1410,607.2427220944165,22.08304087272114,1.0
1411,614.4784627553397,21.697162957878668,1.0
1412,613.7942034698426,21.599841402708005,1.0
1413,610.528174733792,20.6612504402916,1.0
1414,598.8518482424843,20.059062446630875,1.0
1415,589.0435069667301,19.740136381660328,1.0
1416,592.2421549501363,18.86756739396539,1.0
1417,605.1473197289055,16.03733148693101,1.0
1418,610.7826845152508,15.116272319478972,1.0
1419,594.6953561015988,15.07767563097904,1.0
1420,691.2674903797938,25.974123752249977,-1.0
1421,667.881986639728,29.743131395156297,1.0
1422,661.915750117749,32.46130737863808,1.0
1423,650.3835885473118,33.574317709685346,1.0
1424,646.9210295285983,34.04817984007175,1.0
1425,646.4458806264311,33.64571772616278,1.0
1426,644.6513298248063,32.36703656685024,1.0
1427,672.8659791641044,32.0589428815602,1.0
1428,669.9903169478599,31.719131887763346,1.0
1429,680.3981226400451,33.115868869472024,0.0
1430,673.7672496148958,33.678375327234,1.0
1431,689.2578871000879,35.18673119987802,0.0
1432,689.1780345455877,36.1938926946744,0.0
1433,689.8615447838841,36.641131153434905,0.0
1434,679.4698729064573,35.32852634688774,0.0
1435,691.536206322873,33.02721087222168,0.0
1436,691.3709286886616,30.031342986241548,0.0
1437,692.6875647098146,27.5240594131121,0.0
1438,711.879728521512,25.939099074563995,0.0
1439,698.3770525363087,19.198689642678843,1.0
1440,714.4645750747171,20.744158837621715,-1.0
1441,724.4002345980092,22.996907306120924,-1.0
1442,722.0282941584231,24.26585030593147,-1.0
1443,697.0531536946934,23.078263874004957,1.0
1444,687.5830239448152,21.132827988700917,1.0
1445,684.6645140602997,18.734861936255836,1.0
1446,678.466453991518,15.677177475025989,1.0
1447,689.9149312739008,15.034345882809346,1.0
1448,708.1724275155357,14.393713145355994,1.0
1449,712.6438983132849,14.509771734167686,1.0
1450,725.22408095198,14.854774569451953,1.0
1451,720.0429445807739,15.387227056733128,1.0
1452,717.0736479647677,15.574767512278415,1.0
1453,720.3431482807734,15.829636095687126,1.0
1454,718.7044324544056,15.12743138814579,1.0
1455,715.916786480451,14.93839794177363,1.0
1456,711.4072873312105,14.533177094347767,1.0
1457,717.189199508193,14.243999884945667,1.0
1458,732.049694047699,15.159796750687962,1.0
1459,735.078150980904,15.90886943154537,1.0
1460,730.7647037405266,16.469844431031078,1.0
1461,744.9623191759496,17.840722529591645,1.0
1462,776.1966033000932,22.667901688826607,-1.0
1463,789.1281799749188,27.43021766476105,-1.0
1464,793.2517819936525,30.683891757106103,-1.0
1465,776.143523139255,31.005024780667576,-1.0
1466,767.5308101315924,29.476368891755687,-1.0
1467,735.9340588639809,27.494105124992217,0.0
1468,730.6084639341348,26.685142101958682,0.0
1469,718.920815261773,26.400313269576618,1.0
1470,735.9348582853312,26.217930397100247,0.0
1471,738.415908556245,25.824423523953328,-1.0
1472,745.556833814961,25.25656946549341,-1.0
1473,751.1217088400953,24.82058103221917,-1.0
1474,751.2566489034168,24.18612192784091,-1.0
1475,747.8973695517857,23.208711108850384,-1.0
1476,759.0093882767585,21.823488972810054,-1.0
1477,741.4873099484892,20.610971488003486,-1.0
1478,745.7944514898531,20.20388329617174,-1.0
1479,713.9338290883825,21.573860466459738,1.0
1480,720.7344961972115,22.14601244598212,1.0
1481,706.8286741188049,24.08586088927828,1.0
1482,715.9208489535404,24.04877710670237,1.0
1483,769.5438038324094,22.473236586749866,-1.0
1484,738.0731931334766,19.15974897628976,-1.0
1485,746.1473390986071,17.310184887872737,-1.0
1486,732.9307125383486,15.990836375828227,-1.0
1487,724.2252299636046,16.255717169493224,-1.0
1488,721.7050738665228,16.551038043515465,-1.0
1489,706.4832925089544,17.446711884683584,-1.0
1490,697.1571413046847,19.452783024986477,1.0
1491,702.5205657615293,20.616931599468277,-1.0
1492,713.8028960403882,20.73354919700605,-1.0
1493,713.2315717514932,20.462932516545017,-1.0
1494,712.5435495652733,20.016589563086463,-1.0
1495,731.1974981194467,19.416269910767312,-1.0
1496,709.8617408705534,18.034785432107856,-1.0
1497,720.4365397664616,17.518606455645276,-1.0
1498,692.4531625091399,17.788366589922678,-1.0
1499,672.0462869612907,20.703561779970943,0.0
1500,656.0885461895992,24.796138859388,1.0
1501,659.3418632207856,27.644967549348863,0.0
1502,652.9714116773434,30.577348052947066,1.0
1503,675.1944574947702,27.842023413436625,0.0
1504,668.4873539623738,27.6970390276625,0.0
1505,658.4954260038238,27.01039461962374,1.0
1506,664.6939084230122,26.4107841679883,0.0
1507,655.7672757359235,26.538600249724396,1.0
1508,668.516877856163,25.766116028035004,-1.0
1509,671.9892664857025,25.51589177106204,-1.0
1510,700.2513908229305,25.60373639048475,-1.0
1511,683.4892191799396,25.26956910474009,-1.0
1512,683.9237514050426,24.28146000629418,-1.0
1513,676.7453671709108,23.20152047580154,-1.0
1514,669.853977070392,22.055573061951602,-1.0
1515,669.3304793816917,18.30927883978856,-1.0
1516,657.0339732226622,16.84255959859823,-1.0
1517,649.098341145952,13.447282250492975,-1.0
1518,652.8221500881976,12.756373203906326,-1.0
1519,650.7282385580778,13.221693579573566,-1.0
1520,658.0493940089171,13.149519989371136,-1.0
1521,647.1600568559538,13.758719306643929,-1.0
1522,663.0210565914156,13.448242860040494,-1.0
1523,647.2377570246211,13.912621478241077,-1.0
1524,642.7606741175591,14.722861868814366,-1.0
1525,639.014704520153,15.687551962406985,-1.0
1526,631.7812308815979,17.114860754486656,-1.0
1527,615.2650316505184,19.923490790139322,-1.0
1528,611.8607552952543,22.363136784715056,-1.0
1529,611.1863531784461,24.14698312464331,-1.0
1530,623.6415652067583,22.265069018999952,-1.0
1531,626.3810008315487,21.27618472352702,-1.0
1532,598.7264849480728,21.876737359518163,-1.0
1533,617.1080729494504,20.948443232428147,-1.0
1534,616.8689372943288,20.191550225864678,-1.0
1535,598.5142135221479,20.331549420175495,-1.0
1536,575.4917958781836,23.211819888112597,-1.0
1537,575.3122215800261,25.566198653117475,-1.0
1538,569.7624728777402,27.506455883226366,-1.0
1539,566.6209620502907,29.104196359287815,-1.0
1540,553.494565240218,30.651737203334044,0.0
1541,535.42842379115,33.83832815058807,0.0
1542,531.1767651244186,34.963671163560164,0.0
1543,509.08652634141976,38.48132535622647,1.0
1544,534.6142523065212,38.641185978770906,0.0
1545,548.4845390087925,37.52185846862847,0.0
1546,549.867912795289,36.31531126673856,0.0
1547,583.0130827869866,35.29600767704355,-1.0
1548,578.1825812502462,34.32695537713437,-1.0
1549,543.2192810341164,33.93351087204602,-1.0
1550,545.2506647380103,32.10211467150776,-1.0
1551,545.8223196920325,29.30065664488263,-1.0
1552,526.3812982971726,29.227765308176515,-1.0
1553,533.8071814247767,26.496863356966863,-1.0
1554,511.56619999164616,24.12544561609202,-1.0
1555,533.586423843719,21.59644737197492,-1.0
1556,531.2450446186626,20.831742328978958,-1.0
1557,534.1042685384512,19.714616551687435,-1.0
1558,530.3973463016548,18.874003300378774,-1.0
1559,518.2939202204476,18.54800662954684,-1.0
1560,523.5352954411884,18.512881917545194,-1.0
1561,527.0397439381827,18.653280636911298,-1.0
1562,527.1157915335422,18.741141636662594,-1.0
1563,530.2529734302227,17.664620866819263,-1.0
1564,522.7254282663555,17.974401219348188,-1.0
1565,499.1768693383117,19.647983995326623,-1.0
1566,511.35246183409424,19.970952663938046,-1.0
1567,488.5550963417859,18.593612788530358,-1.0
1568,473.4907230366651,18.482615200695363,-1.0
1569,475.5130698063994,20.630396688308274,-1.0
1570,466.3494466294988,22.862345618986364,-1.0
1571,449.16936047658737,26.104321081673337,-1.0
1572,439.6974056562704,30.230754076034977,-1.0
1573,417.9804618646351,35.354042272996196,-1.0
1574,406.8914205002265,40.94446325880658,0.0
1575,394.048987923858,45.694355644829734,0.0
1576,380.88812010214224,50.39227362380098,0.0
1577,394.8248401451119,52.23264844159033,0.0
1578,385.1507222690858,54.02543822683943,0.0
1579,363.5362589974433,57.220439419537634,0.0
1580,350.9550881170465,59.9044877174862,0.0
1581,373.3473497752152,59.38912673471625,0.0
1582,380.91769626387145,57.396631364860156,0.0
1583,389.1344378011044,53.653843650105834,0.0
1584,378.4225851536092,49.83830662998896,0.0
1585,372.3347328267611,47.37195385936506,0.0
1586,378.1779128110967,42.13022173558492,-1.0
1587,380.7702172663738,37.967433103030565,-1.0
1588,382.22853580869486,34.303915157096434,-1.0
1589,390.216142014942,29.06420845473921,-1.0
1590,389.6464288361525,23.510521799928735,-1.0
1591,376.3174605481602,19.07171220024239,-1.0
1592,375.4531727047653,14.450608424538359,-1.0
1593,389.4511827048839,12.027196414101779,-1.0
1594,381.6365288831313,10.459626481835526,-1.0
1595,363.213035533599,10.609221268714629,-1.0
1596,359.77352153726315,11.413808675875961,-1.0
1597,332.8821982264772,14.524201624899506,-1.0
1598,324.9159942113036,18.05444365753553,1.0
1599,334.8885272130888,19.78673265196836,-1.0
1600,345.53967805951737,20.099030140855355,-1.0
1601,345.7119659040011,20.79213240379035,-1.0
1602,337.8152369999484,21.661803823158955,-1.0
1603,352.05734769446224,21.197723125774505,-1.0
1604,340.01679123625826,21.61254850992761,-1.0
1605,305.89171752661144,24.902153121617616,-1.0
1606,265.8045249411181,32.07117867516711,-1.0
1607,261.6627896713709,37.39836327264353,0.0
1608,274.22312660343846,39.87454885818965,-1.0
1609,269.1969394751439,41.38328803611579,0.0
1610,252.5960306612976,43.38425125353046,0.0
1611,254.7952150597271,44.95649806343504,0.0
1612,264.2139999635099,45.055586578171145,0.0
1613,271.82772719312936,42.83461091237388,0.0
1614,280.71987935786007,40.0445617791663,-1.0
1615,290.6012904850761,37.90347558998111,-1.0
1616,284.62510883293265,35.66468135207334,-1.0
1617,285.0217730131109,34.90443398843074,-1.0
1618,271.2647501009073,34.715803117830475,-1.0
1619,269.01424167717096,33.787122086602864,-1.0
1620,257.80447693220987,31.999282955800087,0.0
1621,266.5061477539936,29.08578991667209,-1.0
1622,282.82201611679244,26.050474444036386,-1.0
1623,233.37940133708236,21.979435326940383,0.0
1624,220.9835724986805,19.120887799299567,0.0
1625,213.38595281022063,20.63841292208315,1.0
1626,222.19130342427025,22.595863236542506,0.0
1627,248.6799760296953,22.77195692116594,-1.0
1628,230.61148280884763,23.48502564221232,-1.0
1629,220.9272052877245,24.774072678135646,-1.0
1630,228.4630419955546,25.52983167175687,-1.0
1631,230.67120705285944,26.098204603229785,-1.0
1632,235.20250161121837,26.28779100911528,-1.0
1633,240.4241232767218,25.992137776587338,-1.0
1634,223.50284528992097,25.65666794469148,-1.0
1635,215.0580514936263,24.561840195715014,0.0
1636,235.04962457269676,22.678406388971037,-1.0
1637,227.0762909451655,20.421210722689707,-1.0
1638,228.93537398336645,19.00779815754383,-1.0
1639,214.2566064564839,18.00011117927728,1.0
1640,230.8215172293653,17.09438635116168,-1.0
1641,227.1684398720554,15.118201229672053,-1.0
1642,233.762457127864,8.86577599834894,-1.0
1643,245.81078818599752,9.660859737952176,-1.0
1644,227.54188541882615,9.496888155459978,-1.0
1645,237.68233978963,8.934886197193057,-1.0
1646,231.6631398304768,8.737341945572869,-1.0
1647,220.4003090288076,7.918480869328795,-1.0
1648,192.49846367419207,11.396323347368153,-1.0
1649,182.25414967500956,15.191629725625909,-1.0
1650,184.3854622129996,17.71360890355876,-1.0
1651,184.26825938526488,19.620927344160737,-1.0
1652,181.6472240921714,21.158766053238324,-1.0
1653,187.4660314085255,21.542747621340155,-1.0
1654,187.01845107650064,22.36405118180573,-1.0
1655,179.14736665808726,23.656725878994223,-1.0
1656,193.11717256945,23.35732462334051,-1.0
1657,157.59343129232695,25.708686111290206,0.0
1658,168.8972205845968,26.4304566669435,-1.0
1659,161.93789954657342,27.847379060090685,0.0
1660,148.93382229880064,29.18188500264837,0.0
1661,140.72873329639293,30.78274228565844,1.0
1662,147.76264151735455,30.69810500988188,0.0
1663,166.31397823539646,27.837223181244607,0.0
1664,172.32863611886592,25.973827336514915,-1.0
1665,173.5872094291534,22.353088503522464,-1.0
1666,172.98752994756103,18.465103752636928,-1.0
1667,179.26128845696667,15.155439403344726,-1.0
1668,180.6783682855468,14.578940479218934,-1.0
1669,191.0149032905064,15.01211689029909,-1.0
1670,186.8410938530045,15.120188719292454,-1.0
1671,181.79503013571437,15.033705621625279,-1.0
1672,171.9713614668007,14.894232107349623,-1.0
1673,165.38169683111187,14.538266503960756,-1.0
1674,153.3328672803101,14.58053266769038,-1.0
1675,142.6586834515515,15.582109754618044,-1.0
1676,144.19170603752133,15.244403813830486,-1.0
1677,128.8073629829817,17.248435540798226,-1.0
1678,134.58656933191435,18.40044448166095,-1.0
1679,132.00580486770423,19.605412330314,-1.0
1680,134.4458858810944,20.319949066604902,-1.0
1681,140.25778571943312,20.343757058851956,-1.0
1682,150.83920781233803,20.25772075046383,-1.0
1683,137.5994318568579,20.80898212809034,-1.0
1684,130.12568804297555,21.48607130328747,-1.0
1685,125.00019384651644,22.201371069686765,0.0
1686,97.42504078193642,25.077157884013886,1.0
1687,105.23306663036372,26.039555458355537,1.0
1688,130.90585962090864,24.97907032187211,0.0
1689,129.0524998316824,22.598983975720873,0.0
1690,134.57661450177278,19.89403929546585,0.0
1691,138.15983307811968,17.0925916569056,0.0
1692,139.29781964693234,14.93135242052243,-1.0
1693,144.5799825188082,13.318626234653129,-1.0
1694,144.30847532885696,12.757907874550868,-1.0
1695,134.4197538597155,12.568118700481135,1.0
1696,156.0371453951912,13.386143033772697,-1.0
1697,143.57147517768942,13.526876493116964,-1.0
1698,145.3102290865072,13.75686410874967,-1.0
1699,149.61830478537732,14.136656193503988,-1.0
1700,152.25917932729678,14.617199177402627,-1.0
1701,146.2806147426586,14.761561333275516,-1.0
1702,137.2487208905068,14.385912318814789,-1.0
1703,125.9893973397952,14.55338965928923,1.0
1704,132.37641293575584,14.51854930985301,1.0
1705,121.75693876030364,14.660387754156481,1.0
1706,113.05777250135915,12.830543489106436,1.0
1707,117.70158691204004,11.478243055347917,1.0
1708,117.42715507708635,12.216079166214751,1.0
1709,130.82371506945975,12.168232709233127,1.0
1710,127.33303657591964,12.327112500549958,1.0
1711,128.96008029936027,12.408853318245459,1.0
1712,135.48628986989996,12.375352430662934,1.0
1713,121.71822748522786,12.520987843133074,1.0
1714,134.83180338218745,12.290905535359213,1.0
1715,144.63794008941787,12.53624640160791,1.0
1716,149.6040411616683,12.016072071493248,1.0
1717,160.10710460859048,13.23125516387556,1.0
1718,184.2714325490417,17.16918949245545,1.0
1719,173.40928385936917,18.861267465288755,1.0
1720,174.9586142163645,20.39964527354795,1.0
1721,169.9225904156239,21.504947283762284,1.0
1722,170.82915983108063,22.5573309711515,1.0
1723,175.9333714641666,23.465770044076162,1.0
1724,177.2073873382268,24.393985862530712,1.0
1725,182.06870522585007,24.897091506188644,1.0
1726,160.83047171302732,23.465863441730733,1.0
1727,168.08741171716366,22.275240077663156,1.0
1728,173.16366795953934,20.843779984293235,1.0
1729,166.64765880176728,19.97830647088512,1.0
1730,171.2619490065735,18.686551378759386,1.0
1731,179.60636257498803,17.4808232011002,1.0
1732,177.6804847635491,16.405976940818455,1.0
1733,195.77912703036444,14.122584703204318,1.0
1734,205.80358661224096,13.855961958588768,1.0
1735,225.9164468977288,16.69933156322133,1.0
1736,236.1106550306604,20.054040702426306,1.0
1737,226.63111362678785,21.766351097094187,1.0
1738,233.43272678350837,24.327957133615186,1.0
1739,235.8986069868693,26.381075441634618,1.0
1740,238.77899678057287,28.21269572757222,1.0
1741,251.6037829613932,30.43261845987019,0.0
1742,244.50447575657856,31.455332843980056,0.0
1743,250.03802858870665,32.646155790052134,0.0
1744,245.6424805044776,33.15646727689112,0.0
1745,247.3685494145973,33.63110560119714,0.0
1746,244.93013908387684,32.15607858297486,0.0
1747,255.917491790218,31.26130983622793,0.0
1748,270.1882484845992,31.083491359768214,0.0
1749,263.8424263530429,28.97596352757768,0.0
1750,262.0223466328307,26.265276341977298,0.0
1751,273.16811727475164,24.20937515331998,0.0
1752,287.748330420717,21.871011193057132,0.0
1753,286.5088463710303,20.544671963113274,0.0
1754,287.9742987995841,19.581535734277256,0.0
1755,280.2079418013491,19.33092483835973,0.0
1756,275.4122193571019,19.186249792322855,0.0
1757,277.2065033227708,18.125179003572985,0.0
1758,273.00947051369354,17.134110218376634,1.0
1759,270.44062575293225,16.004817577877002,1.0
1760,261.0281914299465,14.868580836263565,1.0
1761,267.79329909248213,14.512194519533315,1.0
1762,274.53291062729807,13.673388462045693,1.0
1763,264.4020714527224,13.057516399280718,1.0
1764,260.8027690191351,12.065084792121606,1.0
1765,271.3006086464813,10.915257828263254,1.0
1766,266.2992352399792,9.199688886114064,1.0
1767,280.0167664774326,8.612111649508714,1.0
1768,286.65870540513333,9.131581211172008,1.0
1769,280.01035630566054,8.943590007423545,1.0
1770,291.00782019804257,9.189797406606793,-1.0
1771,292.9303770973045,9.927424661454701,-1.0
1772,290.2374334493188,10.086694559844037,-1.0
1773,274.21142492088023,9.841250254708129,1.0
1774,278.79955912865745,9.474145895115608,1.0
1775,287.84465871674234,9.808486704055644,1.0
1776,299.2968916829166,11.079557032078224,1.0
1777,297.80359168979464,11.981966756393367,1.0
1778,293.9485776329312,12.391991377966873,1.0
1779,324.28914745936925,15.728108486605997,-1.0
1780,330.4674109354204,18.275604864212635,-1.0
1781,324.26633176852096,19.682763246071417,-1.0
1782,335.69505923635484,22.018422227101002,-1.0
1783,329.3102460989701,22.588068959004925,-1.0
1784,327.12901408393446,22.20587572052564,-1.0
1785,312.81989884376026,21.500517078879135,-1.0
1786,299.75027832011534,19.975468058154636,0.0
1787,306.6249197716896,19.32196025221727,-1.0
1788,312.23289590719367,19.01661178921515,-1.0
1789,312.29026485357423,18.186344085604798,-1.0
1790,307.90935778252685,17.84008017756166,-1.0
1791,307.2313746114754,17.53498501733721,-1.0
1792,318.94050812390253,17.210062690686218,-1.0
1793,311.2518055794251,15.132005780106176,-1.0
1794,309.73308979898235,13.126825447523384,
1795,288.38641116762915,13.073849178959668,
1796,284.3690663875475,14.239567893291744,
1797,286.3308958470555,15.038470206687842,
1798,289.81623822188453,15.313106008803041,
1799,297.1015620229529,15.272606529895084,
1800,274.90695139143924,16.29287939473338,
1801,285.4042576836472,16.417683341973348,
1802,281.68761683782134,15.49493739725469,
1803,281.51934129943743,14.755192470403994,
1804,275.3145102367198,14.238756984243658,
1805,271.9473718397035,14.798185443403945,
1806,274.5957638136525,15.44052094165568,
1807,284.5447299817717,15.269696167350077,
1808,281.46345241023243,14.747266261067155,
1809,283.3294396425508,13.972758639714739,
1810,278.47365054683604,13.506137869520442,
1811,277.26215434668484,12.948220499085418,
1812,285.6707035562235,10.512276628371321,
1813,284.2866804340712,8.531768372418027,
