index,FSLR ZBRA,Standard_dev,label
0,66.75760218799269,5.023871762800084,1.0
1,66.33832516521144,5.023871762800084,1.0
2,65.95973549407707,5.023871762800084,1.0
3,67.26283997366157,5.023871762800084,1.0
4,71.00015945572547,5.023871762800084,1.0
5,71.49692779945448,5.023871762800084,1.0
6,71.01662032103829,5.023871762800084,1.0
7,74.366324489923,5.023871762800084,1.0
8,73.83884208910406,5.023871762800084,1.0
9,72.82265939088407,5.023871762800084,1.0
10,75.40755419906225,5.023871762800084,1.0
11,76.20271914691912,5.023871762800084,1.0
12,78.21603455217662,5.023871762800084,1.0
13,78.98673098360894,5.023871762800084,-1.0
14,81.56867327831581,5.023871762800084,-1.0
15,83.84042065217307,5.023871762800084,-1.0
16,77.12177064524403,5.023871762800084,1.0
17,77.1996202647257,5.023871762800084,1.0
18,73.48908205201266,5.023871762800084,1.0
19,70.70490759588331,5.023871762800084,1.0
20,75.82096311748367,4.768899183854476,1.0
21,77.50701446940893,4.451461077794535,1.0
22,79.42651061165662,4.062693299224593,1.0
23,79.98681682106508,3.707956499568785,1.0
24,79.6833930293195,3.5983275798443617,1.0
25,80.56589055100704,3.513698080351695,1.0
26,83.46148463601784,3.5210170644247403,1.0
27,84.53024795057638,3.7680923747734067,1.0
28,83.94848695251409,3.8549037906137684,1.0
29,86.74473554667625,4.024360633972257,-1.0
30,86.86706376927455,4.261677161290135,-1.0
31,85.53826351511833,4.3578395027708,1.0
32,85.12209117735307,4.459740321489178,1.0
33,86.05134146754716,4.602257951570914,1.0
34,84.92676984392627,4.686165824327038,1.0
35,84.68166489754586,4.715488040543035,1.0
36,84.21375230308033,4.661475352387641,1.0
37,85.17379318042029,4.612950586822554,1.0
38,82.14646585536782,4.164334878194472,1.0
39,79.23062888732827,3.2435624280227833,1.0
40,81.43041461237999,2.825613845414433,1.0
41,83.57630329215003,2.505410279171375,1.0
42,80.7884764601197,2.4093865417099973,1.0
43,79.87111755635183,2.4182200816612287,1.0
44,84.9871498503999,2.272425003429235,1.0
45,88.11107884067425,2.3509395328083347,1.0
46,90.78990865207916,2.7825776893804854,1.0
47,91.7778289143481,3.2311979305234164,1.0
48,91.77075794951506,3.577685856947376,1.0
49,92.90154502660212,3.9626714599063377,1.0
50,93.22649423308206,4.317577206735314,1.0
51,93.96193380965174,4.684367471536647,1.0
52,91.9242034975954,4.843393914287169,1.0
53,93.4247472039681,5.076294730439006,1.0
54,91.26286316274356,5.1409627133736,1.0
55,88.66571960148212,5.112804803113893,1.0
56,89.91792332144526,5.0810846428710725,1.0
57,90.84871187948448,5.088275256330215,1.0
58,93.06937626370224,5.009037134418304,1.0
59,88.9425291589022,4.500200295771997,1.0
60,91.64015958023332,4.154698318342995,1.0
61,91.25250034981178,3.9194783059335405,1.0
62,92.65981915791107,3.3093708089539944,1.0
63,94.31662665563567,2.26869865803211,1.0
64,95.10417155767924,1.8897138930512742,1.0
65,99.64864749633324,2.402674967418901,1.0
66,98.652953962608,2.7510987918656595,1.0
67,105.71579847838356,3.982186013419478,1.0
68,104.7757215174357,4.692739534817857,1.0
69,104.92259657162091,5.266510629114057,1.0
70,113.3948370422231,6.704704886690695,1.0
71,115.01589285372516,7.953196159018846,1.0
72,112.0189176395424,8.556812726358116,1.0
73,115.56882374841088,9.360869728655608,1.0
74,118.90260946257388,10.182921318013744,1.0
75,114.81185938716004,10.29493292280474,1.0
76,112.7689056019658,10.202592791528172,1.0
77,117.1569771061287,10.289563563434182,1.0
78,120.11188936757084,10.548779221472376,1.0
79,118.37629620076989,10.183306806556885,1.0
80,121.11523749698438,9.998831741154,1.0
81,129.46666148786207,10.215668955836943,0.0
82,133.22955219717315,10.566071231351259,0.0
83,133.3467522455661,10.682504814353091,0.0
84,133.3248561476164,10.502804112983174,0.0
85,136.18825787996494,10.664285033373135,0.0
86,134.24050576920126,10.236602159667614,0.0
87,143.75852532962682,11.002730782530268,0.0
88,136.10380619146883,10.703713956758653,0.0
89,133.93386430022824,10.043068665657303,0.0
90,138.2238603691847,10.113976569973367,0.0
91,136.48920046166603,10.039111787756221,0.0
92,139.48940359604526,9.763202279438696,0.0
93,141.25158907450674,9.685044718885113,0.0
94,139.8900556091158,9.599943126978843,0.0
95,141.4778476870814,9.122325506607517,-1.0
96,134.88765465251743,7.931565858533882,0.0
97,138.40978825561805,7.058333344707582,-1.0
98,138.28962653296904,6.280940578822705,-1.0
99,141.9184072720726,5.07752383145703,-1.0
100,140.78279001878153,3.7128405117023426,-1.0
101,137.68507578210904,3.2313791029974865,-1.0
102,140.71948128487142,3.1248550978191827,-1.0
103,141.6770807414269,3.022594658805599,-1.0
104,141.84967710288788,2.860463552859152,-1.0
105,140.54890679975182,2.8116039894389027,-1.0
106,140.43547579290663,2.5821057607078095,-1.0
107,135.42119710771598,2.511954610364998,-1.0
108,135.4221009674588,2.557172244862094,-1.0
109,134.119512488221,2.5383105924303973,-1.0
110,135.55316518727165,2.6464371332639285,-1.0
111,133.9878169318249,2.8158665022200973,-1.0
112,134.01415468531536,2.99462380242603,-1.0
113,131.86546794699606,3.2514911070047012,-1.0
114,129.8288979327187,3.684632679387165,-1.0
115,124.00584808015591,4.628441720837152,-1.0
116,125.217855199973,5.273638672415671,-1.0
117,122.7427035163839,6.021170412846761,-1.0
118,121.95817936352252,6.667695427338264,-1.0
119,121.03093679427316,7.0664492621926716,-1.0
120,121.11369161877556,7.354080473379408,-1.0
121,124.20823649932127,7.466672186505685,-1.0
122,119.75739598672246,7.616406329472037,-1.0
123,118.01656562769824,7.665231303742708,-1.0
124,117.991947709393,7.505927115826049,-1.0
125,118.0661876023456,7.264366688753884,-1.0
126,118.81375988698257,6.79033062852038,-1.0
127,118.79153577430446,6.61200408486277,-1.0
128,118.5278786241569,6.327226483873149,-1.0
129,115.54763746533004,6.199681976522981,-1.0
130,116.32566402030886,5.712368560585286,-1.0
131,115.96043123869916,5.220434748997011,-1.0
132,110.5648971503946,4.931959949879097,-1.0
133,108.75630812504406,4.839393937660718,-1.0
134,107.96624302584684,4.819664180195039,-1.0
135,106.03469783880982,5.34072623294371,-1.0
136,103.87036099068484,5.802875664239457,-1.0
137,103.28557201475286,6.277863880520399,-1.0
138,102.4619980777231,6.694241176231275,-1.0
139,99.7720404261159,7.243599192373291,-1.0
140,88.1133537472856,8.930244801501567,-1.0
141,86.50756776412248,10.04718095604854,-1.0
142,84.51516407906053,11.22259148110056,0.0
143,81.49685528876228,12.41387775114008,0.0
144,79.84275657728674,13.393765344839611,0.0
145,77.87668711639498,14.203888778836644,0.0
146,76.79608893296006,14.72316445545053,0.0
147,73.25219013146463,15.202174607085755,0.0
148,73.07636593262622,15.348647479246583,0.0
149,72.91073841585943,15.393326057510686,0.0
150,72.68738427914157,15.072447577635915,0.0
151,72.7790905695488,14.431254808370205,0.0
152,71.72165936078503,14.00185359276188,0.0
153,72.04083136327961,13.419730702615535,0.0
154,71.53108829371577,12.63831679266067,0.0
155,71.4538191993263,11.730077640016976,-1.0
156,71.37485021101713,10.71903730650317,-1.0
157,70.93358246098195,9.4088914866671,-1.0
158,71.66452616550801,7.645649793130197,-1.0
159,71.46843374650418,5.542287500535669,-1.0
160,70.75323424160354,4.787787093431165,-1.0
161,70.22057030662673,4.000202504234639,-1.0
162,68.88799819746873,3.283752065637939,-1.0
163,67.43458386690943,2.880615344663511,-1.0
164,66.5389748439019,2.602714122218748,-1.0
165,66.448026665907,2.441013992507404,-1.0
166,66.3998158397129,2.2884938414526275,-1.0
167,65.99186201583791,2.4302652081277976,-1.0
168,66.06949487080233,2.514946559053087,-1.0
169,65.01690128215216,2.6444896069750183,-1.0
170,64.744283411704,2.746301634339528,-1.0
171,65.63320712923775,2.7172362135772032,-1.0
172,60.12736468647948,3.2494631298966246,-1.0
173,54.13126489492998,4.407377011813388,-1.0
174,54.28110724504482,5.1667307892660075,-1.0
175,52.18558753254656,5.930229688881663,-1.0
176,51.742168764832776,6.506178912419073,-1.0
177,50.41255436029719,7.039989045048713,-1.0
178,47.17515901702595,7.649885105325401,-1.0
179,45.1713887049834,8.226271260213231,-1.0
180,44.22724857777611,8.690873941956506,-1.0
181,43.531789583284976,9.023686719848008,0.0
182,42.39057039997027,9.328534636667051,0.0
183,42.37307493576208,9.531673785181932,0.0
184,40.70852584902619,9.737697707413501,0.0
185,39.33268187594447,9.864353580893242,0.0
186,38.47492881900462,9.856425104801925,0.0
187,37.67106746769857,9.726506846267778,0.0
188,35.920984312693975,9.482167377904764,1.0
189,35.45589208577592,9.111853327931623,1.0
190,33.666239940092645,8.61398777343837,1.0
191,33.1700530604534,7.673530338478406,1.0
192,32.813787613657745,7.079948109087052,1.0
193,32.75764759434479,6.880596717353237,1.0
194,32.469635259876895,6.494797561662542,1.0
195,32.517876146967886,6.123866274334888,1.0
196,32.14521379213456,5.6262532662844364,1.0
197,31.80310111684729,5.086124138011969,1.0
198,30.176530180849216,4.831375035069056,1.0
199,32.42198501387669,4.504110506716194,1.0
200,35.457459249014114,4.089445278004216,1.0
201,35.93168016572642,3.6601210999559304,1.0
202,36.54783281741835,3.285346525003874,1.0
203,42.30900303347008,3.2778945167335123,1.0
204,45.99477004588116,3.9076276463717425,1.0
205,46.45945185986774,4.5601985222666706,1.0
206,48.82436383581667,5.40046316942732,1.0
207,51.50805745101383,6.390875481305241,1.0
208,53.87845062698895,7.421792102303213,0.0
209,51.65324109835612,8.011098076162734,0.0
210,52.17719423231421,8.46449004047786,0.0
211,54.8522611214565,8.977211564662293,0.0
212,55.33293729877349,9.349133495952369,0.0
213,56.98684743323933,9.6848666104396,0.0
214,57.28765596606605,9.856758918464932,0.0
215,59.129559820004886,9.990156330285789,0.0
216,60.18776471880017,9.978558929082425,0.0
217,61.49975340283172,9.814786065186038,0.0
218,61.57438867823893,9.235264950882975,0.0
219,61.24947746531847,8.573161662464713,0.0
220,60.888028112383815,7.940116865708386,0.0
221,61.675931568605,7.120814705394339,0.0
222,61.4827024660749,5.998671054460455,0.0
223,61.63311899441201,5.323205559700432,0.0
224,61.19398788736983,4.8515693869116285,1.0
225,59.668259981153945,4.20026843115057,1.0
226,60.65832350394145,3.6973165500157723,1.0
227,60.43040724215048,3.3676707789386318,1.0
228,59.885018146444736,3.1803020597374725,1.0
229,62.14066749608963,2.744773266254891,1.0
230,62.66478397019025,2.2254939174460726,1.0
231,64.58680577724569,2.0962933161576762,1.0
232,64.83430869348872,1.9319984100025702,1.0
233,67.09854830428961,2.142801211594949,0.0
234,68.02431014537288,2.3680641142972254,0.0
235,66.23228168241947,2.442363740387023,0.0
236,66.09724630705834,2.5193812674592935,0.0
237,66.65119794589066,2.652615205413066,0.0
238,67.74340630784594,2.8384232480471776,0.0
239,67.16658704002626,2.926814463915952,0.0
240,67.94254153276864,3.0144460910279527,0.0
241,68.5303321471165,3.1365847163049185,0.0
242,68.33585825945127,3.1940966784286777,0.0
243,69.13652884934702,3.2700164347995506,0.0
244,68.40405780408767,3.2312238570896055,0.0
245,68.3265740610693,3.007624210760472,0.0
246,68.54911805371053,2.816809440877507,0.0
247,66.96186346153696,2.478428952832438,0.0
248,66.97797838965467,1.9351667372530914,0.0
249,65.53255784557471,1.6276710786332,1.0
250,65.89021255915922,1.304240515184541,1.0
251,66.3624446166017,1.174476253568996,1.0
252,66.65784507797036,1.0411066347088151,1.0
253,67.01373168670774,1.042275744192316,1.0
254,66.9991475693218,1.0313198666984158,1.0
255,66.53910926141492,1.0171685679624594,1.0
256,67.24227150029908,0.9779131563066756,1.0
257,66.91922317596229,0.9696609040339762,1.0
258,69.05242414067337,1.0385241779595842,-1.0
259,68.30463803610864,1.0545576818536748,-1.0
260,68.24056398498422,1.063447224681854,-1.0
261,67.83531395637388,1.039041662360584,-1.0
262,68.61198621865137,1.0529764022330068,-1.0
263,67.47262153006247,0.9780998607611271,-1.0
264,65.80774356326785,1.0088923125206217,1.0
265,64.570862752751,1.141665212031592,1.0
266,66.30757490756297,1.0987700972346246,1.0
267,66.39206820697085,1.1062176664078065,1.0
268,68.68684677744987,1.1735362730847327,1.0
269,69.75957829398412,1.2680157663946245,1.0
270,68.50690353219125,1.257089156797787,1.0
271,68.57835163721691,1.261798465567717,1.0
272,77.31004786763448,2.5198036393883134,1.0
273,74.95872767274052,2.9452355686798066,1.0
274,76.00532842826247,3.376002333539212,1.0
275,77.14137735714496,3.7990886833245066,1.0
276,77.74921780434482,4.193182438974364,1.0
277,79.58454673544453,4.649221494389727,1.0
278,81.73122939474516,5.2595066896925475,1.0
279,82.02662370805858,5.738208597101687,1.0
280,81.30075943265484,6.039395540010662,1.0
281,82.06074927145147,6.2914383958074955,1.0
282,82.61113306265402,6.525230945859112,1.0
283,80.67370067079975,6.505504775355995,1.0
284,82.44041155193602,6.386003734012277,1.0
285,85.62123694416249,6.236791143314626,1.0
286,86.56672243367447,6.143490133797867,1.0
287,88.44448911957687,6.025544260962202,1.0
288,89.25159357016219,6.001642722170501,1.0
289,89.45155895339015,5.914165354452815,1.0
290,89.24571069108316,5.484617748005476,1.0
291,91.21342228424471,4.958094159951037,1.0
292,91.32430455226624,5.1331345219041795,1.0
293,92.37163004078838,5.090053153942232,1.0
294,92.66846016744068,5.017083677399833,1.0
295,94.76108609582924,5.078955071551628,1.0
296,96.26575840421997,5.172055382013283,0.0
297,95.55033536019025,5.2024358055755,1.0
298,95.1982762243347,5.249773216180431,1.0
299,95.8130257373858,5.2667141234090815,1.0
300,97.32134005776297,5.229571300497551,1.0
301,95.97100850335752,5.047976037841177,1.0
302,96.63014735346424,4.843881014630306,1.0
303,96.77497117891556,4.283581365626734,1.0
304,98.318530029015,3.8387433603017405,1.0
305,99.93617448484768,3.7358254876022117,1.0
306,98.17114205020552,3.4687710460820247,1.0
307,99.79961581986127,3.3998638540776556,1.0
308,100.4972638183502,3.363349833337137,1.0
309,100.5029752002916,3.2466304761429625,1.0
310,101.42449471218038,3.066694689192039,1.0
311,100.8436329686708,2.9422060219965207,1.0
312,102.13108738136565,2.833951639593628,1.0
313,101.68546230160518,2.700771766913468,1.0
314,102.99386126182812,2.61069085891392,1.0
315,103.50313447978918,2.6775203509773973,1.0
316,103.97313922196584,2.8192357134580943,1.0
317,104.65053765223637,2.906392417259046,1.0
318,105.29305219496968,2.9402525025295176,1.0
319,106.16353175910288,3.0166660715006506,1.0
320,105.90826637441718,3.1010128361263725,1.0
321,105.80304134972408,2.996218521773149,1.0
322,106.0608272338416,2.8881683048297733,1.0
323,105.90730467485471,2.6973181716215033,1.0
324,105.78171921334764,2.575929426177095,1.0
325,106.33649568306316,2.566078358506673,1.0
326,108.06267777900888,2.4621463453212984,1.0
327,108.32349393767026,2.458928595335149,1.0
328,109.3039473473135,2.531035708362001,1.0
329,109.82801116959509,2.5694739476659016,1.0
330,112.1963299386221,2.850284406532363,1.0
331,113.97662424662514,3.1595165305746287,1.0
332,115.65051733428952,3.613110981435416,1.0
333,116.919574911596,4.0029647546378415,1.0
334,118.76269667849428,4.519529049515745,1.0
335,118.22018674563664,4.829956737943979,1.0
336,120.22653825954578,5.227572204081336,1.0
337,123.1730300584858,5.807112310138676,1.0
338,119.65760266468747,5.938589806627488,1.0
339,128.03878203248752,6.7958889404807525,-1.0
340,132.25485638487305,7.841033438854283,-1.0
341,131.7301866329305,8.491749699595637,-1.0
342,128.41504884504627,8.650773406250057,0.0
343,127.26912465158745,8.574522655189412,0.0
344,126.10288765950872,8.286269442292879,0.0
345,125.53358573446788,7.8778069332290395,0.0
346,123.29636695745153,7.418256452138141,0.0
347,122.1401244798065,6.851838377432141,0.0
348,122.38640213434624,6.262024081584589,0.0
349,122.43867298797302,5.593479605905126,0.0
350,123.06337232211536,5.049496786661021,0.0
351,123.574130469172,4.585259722605096,0.0
352,122.54414861896323,4.212643370321845,0.0
353,125.54522965600314,3.9026600511388936,-1.0
354,126.08579995786052,3.7022169980790585,-1.0
355,124.45401297559758,3.387185829697497,-1.0
356,122.34562360446928,3.2643323739035304,-1.0
357,117.1458889290832,3.6922671497283823,0.0
358,117.62975979439534,3.861995980446441,0.0
359,117.37589456750642,4.0914318205417874,0.0
360,116.9876488774572,3.9032021272547985,0.0
361,116.71820036877966,3.6313310928009224,0.0
362,118.8760213141613,3.4423365976565554,0.0
363,118.8319304586525,3.2858074494144285,0.0
364,118.87967213011012,3.165825146099841,0.0
365,120.06474565235798,3.012719089525535,0.0
366,119.35438059635602,2.9847161723584863,0.0
367,120.01683346029274,2.9731062719335264,1.0
368,118.65745627157554,2.9797505730265885,1.0
369,120.80247356629164,2.9468536058106634,-1.0
370,120.40635265342664,2.8819013391615345,-1.0
371,121.6424646303985,2.798069656533708,-1.0
372,121.73340613179928,2.7683138831100207,-1.0
373,118.23153932698207,2.4911441812561894,1.0
374,116.02970466953656,2.149653981893985,1.0
375,117.19577460462214,1.8232793615408895,1.0
376,117.46677282080678,1.6639511316660183,1.0
377,117.36992594474516,1.653643647496818,1.0
378,117.6934044599407,1.6515081208990545,1.0
379,117.53725466683366,1.6449943673638374,1.0
380,119.49810035717093,1.6006464710525634,1.0
381,121.59121897186968,1.629636447249212,1.0
382,121.48059841992708,1.7132283780258024,1.0
383,121.96979718671682,1.8160105653463017,1.0
384,121.99113297903791,1.902032352477526,1.0
385,122.33790158407032,2.0006117638396477,1.0
386,121.84648090302407,2.0579945820498233,1.0
387,125.01961015314556,2.3694132005646806,1.0
388,125.4037211648564,2.63031112791289,1.0
389,127.6070044835618,3.0901200072478,0.0
390,127.98783001104422,3.490895975052677,0.0
391,129.89549680414737,4.009882291489823,0.0
392,130.52554783145305,4.490601575409623,0.0
393,130.22448827460795,4.762675086431661,-1.0
394,130.02390600573185,4.7847943292669415,-1.0
395,131.21124795698384,4.87941535597379,-1.0
396,129.92048811256103,4.80472167361506,-1.0
397,125.36394310395788,4.498113271855274,-1.0
398,124.80512925215136,4.162296619080809,1.0
399,125.54313105003718,3.738638116708802,-1.0
400,130.24427642796405,3.5667954814002414,-1.0
401,128.08084995020016,3.4125553801369595,-1.0
402,131.09974738905663,3.3338449062851554,-1.0
403,131.11664010855145,3.2251375188678373,-1.0
404,129.15705929046243,2.9672005854139236,-1.0
405,130.98050217025963,2.7396230910840824,-1.0
406,126.88947443123624,2.312966285107236,-1.0
407,129.75243850288828,2.1699053775033863,-1.0
408,128.56606594751702,2.020085033516546,-1.0
409,125.61653516967172,2.1354580139207346,-1.0
410,124.18326729963448,2.372613317577502,-1.0
411,124.6328129820183,2.5158832259845307,-1.0
412,125.95628090235986,2.5198690929061134,-1.0
413,122.79169572762235,2.7392316016739575,-1.0
414,120.2476700963945,3.1607338459234366,-1.0
415,120.47390735601468,3.3679502195680544,-1.0
416,118.15366561335198,3.7901340733603783,-1.0
417,118.9797689029824,4.117433262510384,-1.0
418,118.5841443662845,4.42508569854122,-1.0
419,120.1128647489622,4.589240297296365,-1.0
420,119.13971564974122,4.628724567595865,-1.0
421,118.71175314582769,4.743967332306164,-1.0
422,118.45564754639582,4.625135726150117,-1.0
423,118.253207503769,4.418300901515601,-1.0
424,116.33450050993234,4.405387332236053,-1.0
425,112.5044623279456,4.435396177305909,-1.0
426,112.28694174192432,4.682161882628383,-1.0
427,109.46589244225326,4.810507447033408,-1.0
428,108.93975811247589,4.901755117073986,-1.0
429,107.52731103226115,5.215507745164916,-1.0
430,106.89867664072202,5.522805433163064,-1.0
431,105.18029121823088,5.799446640841816,-1.0
432,106.13753621080268,5.691887329770656,-1.0
433,105.9556888824564,5.717420225642224,-1.0
434,106.24744547463898,5.783998846925966,-1.0
435,105.8410779316454,5.769846900600913,-1.0
436,104.66631663723408,5.8841582210750945,-1.0
437,105.94045927269327,5.793069813831588,-1.0
438,103.48146133586668,5.78604231179917,-1.0
439,102.3908843325038,5.60743183888968,-1.0
440,101.48666259001132,5.432967127773466,-1.0
441,99.7261922494259,5.272742210186877,-1.0
442,97.57814274980488,5.134897240348851,-1.0
443,98.2497742679177,4.727221629633476,-1.0
444,97.17047033605748,4.420792470300544,-1.0
445,96.0533495433333,4.4585471368577005,-1.0
446,98.10493797250636,4.201831992141694,-1.0
447,96.74833987955748,4.190196898773096,-1.0
448,94.66461187668897,4.2889378233131605,-1.0
449,93.16658546055017,4.511637359030344,-1.0
450,89.07544877185146,5.070031607891455,0.0
451,86.82122911804473,5.771215604996241,0.0
452,86.32540863090824,6.248120187161126,0.0
453,86.65767491817545,6.517927634268616,0.0
454,95.38138130507048,6.197122498925891,-1.0
455,91.50461101393743,5.941676697930869,0.0
456,89.2902349568915,5.78949990660684,0.0
457,89.236693759619,5.394044761588629,0.0
458,87.7140069917833,5.184395699686306,0.0
459,89.80371068558867,4.8483390772990305,0.0
460,89.32163622776812,4.510332426845166,0.0
461,85.66753283625857,4.441128158855442,0.0
462,84.79221241355201,4.504612559679388,1.0
463,84.26794951447292,4.451878364254989,1.0
464,84.5240784863969,4.365058724827095,1.0
465,84.21244106687813,4.29702095749624,1.0
466,83.68495173545915,3.948852146339534,1.0
467,84.00789054686079,3.583205909190354,1.0
468,83.96837833841953,3.326077535393032,1.0
469,82.84106760388818,3.1942629229280888,1.0
470,83.64273440227912,3.2351790331794863,1.0
471,85.45859359770823,3.2464499056075904,1.0
472,86.3783418990602,3.2462228230532717,1.0
473,83.01254452686432,3.344699361364172,1.0
474,83.51368665335167,2.655882565157376,1.0
475,83.6210925189483,2.337147435253163,1.0
476,83.1064731370745,2.2075325689133347,1.0
477,86.66883972585353,2.0236678496000864,1.0
478,87.0543516245598,1.9822355894330628,1.0
479,88.1650456356152,1.7975060586154261,1.0
480,89.0048804484712,1.7574029380635565,1.0
481,88.77223090563253,1.956504387720886,1.0
482,91.78047302077728,2.468032437760824,1.0
483,91.85478582851007,2.8421212233397024,0.0
484,90.6678033196517,3.027091665692903,1.0
485,91.63095203678547,3.2347783023006844,1.0
486,92.01416452627954,3.393453468837908,0.0
487,91.30865862727428,3.462673279741953,1.0
488,91.00739908021193,3.4721459573409468,1.0
489,91.32415721265698,3.380319064322793,1.0
490,93.90311920278712,3.461935759947739,0.0
491,93.49522814428936,3.55401018577907,0.0
492,94.33227363073183,3.6974407383821366,0.0
493,95.19854917438884,3.6077104649915497,-1.0
494,95.60487212247858,3.4885812645401053,-1.0
495,95.04775235748912,3.223916940444625,-1.0
496,94.6154037566604,2.7085121820472704,-1.0
497,94.13216649029629,2.487995446701052,-1.0
498,94.1920994427494,2.233220645739275,-1.0
499,95.34516543430584,2.0885946191827456,-1.0
500,94.1153370821296,1.909754424292889,-1.0
501,93.60610118872552,1.6295864031959162,1.0
502,94.06092446962714,1.6002188969866968,1.0
503,94.78544421352758,1.5880275909250874,-1.0
504,96.74526236323187,1.5951055122708928,-1.0
505,95.8208290881845,1.5669154391612907,-1.0
506,94.98604643238082,1.5051099977995486,-1.0
507,94.63735416410762,1.346406708013484,-1.0
508,95.04549477426178,1.099205603990479,-1.0
509,94.4631094587858,0.7969566595840084,-1.0
510,94.95612016478714,0.7755758700434588,-1.0
511,91.69716929899258,1.001206452993642,-1.0
512,89.71714053417008,1.493703937007193,1.0
513,97.3329431920425,1.621625605000007,-1.0
514,94.26141243136888,1.6031461864485979,-1.0
515,93.02105502338672,1.629091384365971,-1.0
516,94.06978756348042,1.629454342911762,-1.0
517,95.07836188068762,1.636531281274289,-1.0
518,88.85769226133554,2.053291236197584,-1.0
519,86.13959647718025,2.697361498476417,1.0
520,84.71093009250154,3.355131473319937,1.0
521,84.730645205485,3.849136546537889,1.0
522,85.6485309941528,4.147122053684274,1.0
523,86.15502528012595,4.323992187980307,1.0
524,86.07165789202186,4.353567796497104,1.0
525,90.0301960092633,4.232870399997016,0.0
526,91.24611030764578,4.132678009163206,0.0
527,91.34565165698308,4.040244029143954,0.0
528,91.6982089908975,3.919549040255765,0.0
529,91.63345416438236,3.8211392026592974,0.0
530,92.40717049125146,3.702552641018713,-1.0
531,91.91952253557858,3.7073227583375723,-1.0
532,92.6092857747728,3.739502718851657,-1.0
533,93.45353299099204,3.453258062915905,-1.0
534,93.94683360556924,3.4347128711473016,-1.0
535,94.60464454274654,3.5194385094891003,-1.0
536,94.6764282742958,3.555901538279337,-1.0
537,91.61647919880085,3.3941045494262814,-1.0
538,89.21208488079603,3.387784074014647,1.0
539,90.55677074436792,3.250854032633425,1.0
540,90.64445368715572,2.960839236314553,-1.0
541,90.66615531517076,2.606152296482618,-1.0
542,89.8888791208093,2.3020084012775563,-1.0
543,89.80642406351504,2.004856952769091,-1.0
544,88.35018225362288,1.7322394593192856,1.0
545,86.09319488703244,2.0955297676735656,1.0
546,87.90941471215132,2.2301218379284915,1.0
547,88.87602533766818,2.2864903986875724,1.0
548,91.75273192041826,2.2873632980226994,1.0
549,92.06806809621862,2.2954364520206907,1.0
550,90.9897836586142,2.2731970006222504,1.0
551,91.05301549737904,2.2626218844436754,1.0
552,91.30397619899772,2.2304958969857873,1.0
553,90.99112203623667,2.146980640155117,1.0
554,90.90178667645831,2.0121041685280265,1.0
555,90.48560023426764,1.777557093155009,1.0
556,92.930888781652,1.588978655095729,1.0
557,95.36527616735108,1.9352283162136785,1.0
558,97.30078154978862,2.4344276070775015,1.0
559,98.52790253151808,2.969535207024079,1.0
560,102.05172849831352,3.8135208865614874,1.0
561,103.0259479358149,4.540989954272529,1.0
562,108.4569156913152,5.726050758092961,0.0
563,110.900632507272,6.857833318627136,0.0
564,111.4448006869511,7.66997382187978,0.0
565,111.64671927326964,8.114679461912674,0.0
566,111.13183735732775,8.416469324163883,0.0
567,111.71834861190932,8.651151475787321,0.0
568,112.32584817361476,8.937122394266506,0.0
569,113.71088539240388,9.203037632563017,0.0
570,111.12577257183251,9.115236788617306,0.0
571,110.90428132769858,8.902113956487383,1.0
572,110.7630090523572,8.578049467850368,1.0
573,112.20618033373025,8.148517129911141,1.0
574,111.957156458286,7.520019347456627,1.0
575,111.03588745463168,6.575916154489552,1.0
576,109.34285650598716,5.627430572129352,1.0
577,108.80124265364591,4.740807832011537,1.0
578,105.6446826907638,3.968879561748407,1.0
579,105.20832509362532,3.2222716793637827,1.0
580,105.30329129642072,2.8816855221063897,1.0
581,102.8297493830984,2.906305745943546,1.0
582,104.10858228871048,3.165005579260589,1.0
583,105.01237837503888,3.3087906814915478,1.0
584,105.44528406108132,3.37643431484065,1.0
585,107.3818290282089,3.335649319311979,1.0
586,109.00096232614358,3.2909076390389407,1.0
587,108.70923545150612,3.2130991384262195,1.0
588,108.43399045849868,3.087190568917835,1.0
589,108.72390537741136,2.8210139005837966,1.0
590,123.65857228778572,4.450556064059962,1.0
591,130.8925214920213,6.661246736546871,-1.0
592,129.14653968923585,7.955028786603429,-1.0
593,128.5252986247662,8.904203702209005,-1.0
594,126.15633975522324,9.492711799571909,0.0
595,128.6102187970408,10.171527344711,-1.0
596,122.68539196458735,10.351765057531344,0.0
597,127.6631483272239,10.732831738373026,0.0
598,129.27596442272016,10.986234606879723,0.0
599,129.57723106207965,11.096006571530655,-1.0
600,126.69091295984131,10.933040310661577,-1.0
601,125.96753849401875,10.442383214872269,-1.0
602,128.62384074116724,9.996704997094264,-1.0
603,127.76881294420446,9.418381887074212,-1.0
604,129.71719340420964,8.761742641506638,-1.0
605,126.90843514620391,8.001077997793633,-1.0
606,125.04285384674348,7.19946277031023,-1.0
607,120.7347822633544,6.236861217802812,-1.0
608,122.1479923379166,4.9031697182804335,-1.0
609,122.4040916782506,2.9372223249710334,-1.0
610,117.13372223999684,3.5753317282038424,-1.0
611,115.13151633646184,4.190117441983876,-1.0
612,117.63716237919856,4.444907144394771,-1.0
613,112.8591262989834,5.107196543078912,-1.0
614,113.54135564024293,5.599877962137173,-1.0
615,115.77634480644883,5.718275373271729,-1.0
616,113.96811789530788,6.05495243901269,-1.0
617,115.77981375417136,6.097149919131615,-1.0
618,114.70014088481103,6.0316088871229585,-1.0
619,113.26741611059931,5.927599340821142,-1.0
620,109.5731254541964,6.184969169288929,-1.0
621,109.17496434840795,6.387858009961018,-1.0
622,114.06809372608284,6.002623266437574,-1.0
623,112.95057342970742,5.618284328055311,-1.0
624,112.46969283592688,4.855821286759354,-1.0
625,112.14648008971088,4.234814655132831,-1.0
626,112.52945822177858,3.6368229419466798,-1.0
627,113.5316617697738,3.3758602518851513,-1.0
628,112.22584735454608,2.8934994732974,-1.0
629,108.96801304261308,2.360947283082456,-1.0
630,108.85214741135384,2.3924283215990774,-1.0
631,106.3099884808834,2.756080118056748,-1.0
632,104.25142750411722,3.056092127388498,-1.0
633,103.24097996768376,3.5973065312278787,1.0
634,101.6725620923776,4.155310627718512,1.0
635,98.7423724952374,4.775237018188805,1.0
636,101.55777861389808,5.021647538149038,1.0
637,104.88201209367514,4.8705782968288895,1.0
638,100.7342535478028,4.973530351825764,1.0
639,101.95748851294148,4.9929105948951324,1.0
640,102.792215385637,5.073725359743445,1.0
641,105.15544343758316,5.069020236272016,1.0
642,120.7937781501153,5.744102987175921,0.0
643,115.86658424105894,5.9294122364675745,1.0
644,117.3962870400604,6.243632389432636,1.0
645,119.5966680160222,6.727606828969466,1.0
646,116.91119722274011,6.948773106648858,1.0
647,117.27543958976192,7.145558352697829,1.0
648,118.8503961766709,7.475282697513465,1.0
649,116.82665869815251,7.688610608023653,1.0
650,116.31267562322324,7.85096550870239,1.0
651,117.25476664751815,7.99293683036432,1.0
652,117.6740828755428,8.039085476987763,1.0
653,117.19932832842277,7.956092170580256,1.0
654,118.04338349490337,7.733804576557441,1.0
655,118.93351404070252,7.169345682966555,1.0
656,117.21455443548432,6.656046838802659,1.0
657,119.20279180588189,6.378585560467165,1.0
658,117.09430458613043,5.463229535620617,1.0
659,116.84095155538732,4.418343278406252,1.0
660,119.77464751215844,3.112020858603126,1.0
661,125.1596312656256,2.0755445095192018,1.0
662,129.07235328633044,3.159946438297238,1.0
663,129.91440211130072,3.9715723221909363,-1.0
664,133.3080122062331,5.0197686223148965,-1.0
665,132.52215352892927,5.730216990405322,-1.0
666,134.41479731168897,6.4066967799022,-1.0
667,132.70977647469675,6.771892405742962,0.0
668,132.66776732024482,7.086483899140048,0.0
669,132.77789789100973,7.238447864618581,0.0
670,132.40691838844486,7.244630048630472,0.0
671,130.58160903715168,7.134948415985717,1.0
672,132.02140371052442,7.040492246343085,0.0
673,130.20707625508,6.77134047499534,1.0
674,128.09144599884576,6.457345069561323,1.0
675,123.2099573535468,6.23457392077235,1.0
676,125.20569050825527,5.783161595993663,1.0
677,124.88467790771996,5.466426833842654,1.0
678,126.82896145391248,4.826811877124743,1.0
679,127.34800348734106,3.9723117499467233,1.0
680,132.98125393112824,3.385145176963346,1.0
681,133.94806644589153,3.318693316979328,1.0
682,134.38187561395875,3.4296117462225593,1.0
683,134.7557865223114,3.5532046264606914,1.0
684,136.79119507879622,3.7636615174585724,1.0
685,137.55114375517726,4.033473850081177,1.0
686,135.13525497244473,4.0668854013615645,1.0
687,138.42647458363547,4.366634034282571,1.0
688,139.4132060055338,4.707921076115659,1.0
689,137.68290721853947,4.883432293055773,1.0
690,139.9919165059013,5.193788875359695,1.0
691,141.67391073614152,5.560600887888508,1.0
692,142.46277822608317,5.938576642979642,1.0
693,140.38339956973954,6.071670235640714,1.0
694,141.49010624650768,6.117768968355667,1.0
695,140.20938463285466,5.591671096476057,1.0
696,142.32569345083417,5.218311606098304,1.0
697,143.709462034188,4.697356412623087,-1.0
698,139.37174348950293,4.000996839072409,1.0
699,136.51678337467234,3.15104277908166,1.0
700,138.51506998048347,2.8755435485354797,1.0
701,140.38152608641667,2.6636919971402255,1.0
702,144.57377634515845,2.696625091439575,1.0
703,145.79936581137247,2.788479708608974,1.0
704,146.8694877779389,3.0532783802382926,1.0
705,172.4209197410787,7.670594708559917,1.0
706,164.85970234524189,8.965811340840068,1.0
707,170.8836775060706,10.701228074173429,1.0
708,171.37342396142196,12.049477665286986,1.0
709,173.55656265058911,13.193582840359815,1.0
710,177.32253966532215,14.452293009045304,1.0
711,177.23912259224585,15.433439588778624,1.0
712,177.61279660739848,16.21050800948988,1.0
713,180.0191456150147,16.834182632283238,0.0
714,183.5991868207116,17.510384061492527,0.0
715,187.84386507853745,18.14017388299755,0.0
716,188.90895305329204,18.635258224281863,0.0
717,189.0336180983449,18.910944972733283,0.0
718,189.7503863531296,18.62365020727234,0.0
719,191.7666529114252,17.81060227308419,0.0
720,191.97862517799896,16.71755410672257,0.0
721,194.03094909901623,15.412567901894764,0.0
722,193.62201442368195,13.990170028669416,0.0
723,195.57273696933711,12.192665102659658,0.0
724,194.00311331967217,9.530702168388489,0.0
725,191.7607716348125,9.351454834794806,1.0
726,191.52266536300857,8.283165449459704,1.0
727,192.0191774135605,7.633625113420322,1.0
728,194.43499515179005,6.916351088428418,1.0
729,196.4506447921183,6.306029506248248,1.0
730,200.32697009942063,6.175078499945517,-1.0
731,202.1526080016001,5.958558929974229,-1.0
732,204.84229488574448,5.769474706615894,-1.0
733,201.93831873633096,5.300249988334305,-1.0
734,203.97506526146665,5.19805829014782,-1.0
735,200.7727096477913,5.090697739358609,-1.0
736,203.59390750985128,5.1572391267620175,-1.0
737,204.4048405226216,5.181892973226163,-1.0
738,203.81587938777548,5.107865661493681,-1.0
739,205.5769976287866,5.203357094654657,-1.0
740,204.21015959193,5.1347141850163505,-1.0
741,207.0113834416593,5.297814594701204,-1.0
742,205.51207474495916,5.258621816859179,-1.0
743,202.1576364872527,5.159198809948897,-1.0
744,197.98748250762657,4.967508275427321,-1.0
745,197.68467458568136,4.565303840781765,-1.0
746,192.84052746434784,4.428477257528913,-1.0
747,189.1176071288733,4.775086801287303,-1.0
748,185.1648115703517,5.783272497878378,-1.0
749,183.56422445633945,6.870997915213957,-1.0
750,174.91080007451745,8.84233125251448,1.0
751,175.2007266341305,10.21369021477818,1.0
752,181.40462393352328,10.628546789144938,1.0
753,184.32065378545545,10.842087216116408,0.0
754,192.23954932314285,10.655947743401564,-1.0
755,192.4952952703836,10.562883840444291,-1.0
756,191.34945821161665,10.339848718189433,-1.0
757,187.44948731601448,10.095073261561035,-1.0
758,189.7732041856098,9.764228044349558,-1.0
759,187.4739941666574,9.265598371383879,-1.0
760,179.38257602691667,9.077008120012934,1.0
761,182.594599138452,8.252169868788823,1.0
762,178.11499323730496,7.546224330568079,1.0
763,171.48508271312562,7.475980074617554,1.0
764,180.0198735595677,6.98890556272777,1.0
765,183.41693431065625,6.302079886922246,1.0
766,185.7804251255964,5.977008564722908,1.0
767,185.28759678622183,5.856560476084654,1.0
768,185.45276189320623,5.861035932160711,1.0
769,195.63708124794212,6.450733471050131,-1.0
770,197.6758586785157,6.729757686260713,-1.0
771,199.32835332770648,6.976867213391239,-1.0
772,198.1806288992325,7.327362435319828,-1.0
773,194.29183682006484,7.447000152278433,-1.0
774,193.58954294783013,7.494641965166881,-1.0
775,189.96438325081365,7.434788338590822,-1.0
776,196.1112392729867,7.627758792652994,-1.0
777,197.96028149572484,7.939871459495067,-1.0
778,186.46569134277283,7.9480654788111105,-1.0
779,178.47481555134394,8.252776356648303,1.0
780,180.4780410809277,8.196289098747465,1.0
781,181.20306052061025,8.250455471368817,1.0
782,185.1179113318922,7.954570700876944,1.0
783,185.06102951976408,6.961811554252116,1.0
784,194.63940274774689,6.735913559251441,-1.0
785,193.96979214373243,6.629840160044806,-1.0
786,195.78591228782872,6.653590302186924,-1.0
787,197.9670235930972,6.711169020110487,-1.0
788,186.85091700311372,6.65334504736857,-1.0
789,187.9474881806988,6.619995107619496,-1.0
790,180.1395309703949,6.853863329071866,-1.0
791,182.7566474238592,6.688934155712874,-1.0
792,184.55018375376252,6.431021215315666,-1.0
793,188.4433070281417,6.293249089057479,-1.0
794,188.301469800353,6.1725106878784,-1.0
795,186.8188292973839,6.1628248837122825,-1.0
796,173.33476107300976,6.660115986929746,-1.0
797,177.50297603900256,6.424819552584301,-1.0
798,173.1896850128419,7.010511850403316,-1.0
799,165.0573609184739,8.218483726902553,1.0
800,159.53571269900593,9.911672401444237,1.0
801,155.4654152153373,11.7191300546644,1.0
802,165.5686980642542,12.258919052212581,1.0
803,168.34904181531869,12.54414185790859,1.0
804,168.87538380500496,12.315837574264274,1.0
805,172.07183764917994,11.882636820515975,1.0
806,169.03249888704198,11.255533890951092,1.0
807,159.82672587940473,10.657818151092735,1.0
808,166.55899929832196,10.401066450394087,1.0
809,168.65839574624485,9.888818416835083,1.0
810,169.7919747536032,9.748902826439476,1.0
811,173.77094772035986,9.438137386515313,1.0
812,174.0125064230377,8.967487204269752,1.0
813,176.7530017636651,8.126520629107048,1.0
814,176.82059072801874,7.16011005659816,1.0
815,179.52243864832738,6.40700495946786,1.0
816,181.91246958111896,6.929938252900016,1.0
817,188.9829978922664,7.971373924503591,1.0
818,191.02461498850985,9.172999292267802,1.0
819,185.7359773466588,9.556530871671981,1.0
820,185.92499705019765,9.477301071116381,1.0
821,187.8607829312672,8.906016624536472,1.0
822,189.29742647086147,9.08471244308094,1.0
823,185.85700003110844,9.077217809884473,1.0
824,184.0899895545364,8.942815395778332,1.0
825,184.83694211182197,8.924763190599478,1.0
826,186.9578570002943,8.768366508740595,1.0
827,187.76859816692945,7.540041978350895,1.0
828,189.49885482197595,6.895791859331244,1.0
829,191.9205781101396,6.389678009633174,1.0
830,193.7123218221301,5.884437367132809,1.0
831,189.5002754957216,5.358599090070625,1.0
832,189.04800515670456,4.6561064845651075,1.0
833,191.29471501417265,4.190494153230167,1.0
834,195.78458429435335,3.881392861965947,1.0
835,196.6178477376906,3.7913760012087874,1.0
836,208.8656030092282,5.561134183828561,1.0
837,211.2853395719164,7.271231404502274,0.0
838,211.2282122792241,8.520598175834396,0.0
839,211.08234111889547,9.330840000081272,0.0
840,210.53806205647945,9.869850692808864,0.0
841,216.820693330732,10.86438458574584,0.0
842,214.035351736011,11.419184304881208,0.0
843,212.2483115142902,11.522802295911307,0.0
844,211.56959434158023,11.30563125571299,0.0
845,209.4627211636496,10.87360258040919,0.0
846,211.2049893392982,10.51722710834315,0.0
847,210.3088455964228,10.032395427685927,0.0
848,209.9775715246222,9.528199552619093,0.0
849,209.3092119866477,9.071066205681062,0.0
850,209.6755900905512,8.653956952344084,0.0
851,209.46247064116235,7.688245693415349,0.0
852,217.09122015602705,6.632345839689063,-1.0
853,217.7570180067095,5.475409390238945,-1.0
854,217.80586501782795,4.557834299570779,-1.0
855,217.9000073840412,3.2388514008921656,-1.0
856,215.52930881881616,3.200662617509592,-1.0
857,216.27837371106511,3.2771248510341437,-1.0
858,215.46418563664557,3.295848699468794,-1.0
859,214.61048066183585,3.272220248072058,-1.0
860,216.34413847974375,3.2669353840923954,-1.0
861,203.66186285872487,3.863777545976267,1.0
862,200.503664808204,4.7526614399038065,1.0
863,203.90988875086583,5.110468094873674,1.0
864,201.19097122601747,5.643951566682836,1.0
865,202.33546897102903,5.985549416100483,1.0
866,202.72472571549096,6.265292720309225,-1.0
867,204.1616814363516,6.428570842380557,-1.0
868,204.9400999039852,6.538973871468404,-1.0
869,205.16054653715307,6.62832918009035,-1.0
870,203.00113688682117,6.802014510536152,-1.0
871,206.0022784345593,6.846654513869504,-1.0
872,207.54311465151923,6.604775674440438,-1.0
873,205.0214716829021,6.307172278238953,-1.0
874,207.7947549409687,5.888426901553872,-1.0
875,206.823585829342,5.3777222067859185,-1.0
876,211.9189728550185,5.136849404232848,-1.0
877,207.40526804593384,4.650730694216245,-1.0
878,208.48198286788383,4.1830018457486675,-1.0
879,204.5233718114732,3.691897585015772,-1.0
880,203.5413800439989,2.728340769364614,-1.0
881,199.63741742867944,2.9722396971788396,-1.0
882,200.21108830148455,2.995290108811215,-1.0
883,200.411066543372,3.149244089173057,-1.0
884,194.8693401698511,3.7698811870060798,-1.0
885,190.8085235243979,4.823907281526288,-1.0
886,186.758957376778,6.143038663232205,-1.0
887,169.7554230449963,9.619823222936681,-1.0
888,163.31132041858112,12.764534234835264,-1.0
889,164.23230060976664,14.859019213498586,-1.0
890,162.72428368264517,16.640132655014867,-1.0
891,163.17040561516157,17.872262078480638,-1.0
892,156.02853640610067,19.31211352108519,-1.0
893,155.94280303601076,20.437931543107915,0.0
894,152.1163172638373,21.359197731331015,0.0
895,151.46640696259442,21.978334637193665,0.0
896,137.55664699770236,22.98268554798064,0.0
897,142.44505079990412,23.292768166720567,0.0
898,140.40459462735416,23.177793335785115,0.0
899,144.85784507396087,22.603463083029215,0.0
900,135.8222418599687,22.22784874901077,0.0
901,130.51257137054682,22.034428970227097,0.0
902,134.47002751976666,20.937139617080334,0.0
903,130.8528198083399,19.396334613310458,1.0
904,129.49456688297138,17.842001639991764,1.0
905,133.52492939418062,15.786749087101652,1.0
906,133.163404877596,13.466999288385438,1.0
907,126.33662545901888,13.029060667157646,1.0
908,126.4798762002062,12.819874420906844,1.0
909,129.80050333774855,12.047839216033989,1.0
910,125.90241269607463,11.32217059201175,1.0
911,134.34780547032966,9.820873044578917,1.0
912,139.4562201964102,8.831338829775088,1.0
913,139.80508703390225,7.642444405085625,1.0
914,146.20760532951795,7.077564385614852,1.0
915,152.33603797752738,7.181781859334131,1.0
916,149.45844635446852,7.810291627503762,1.0
917,154.3417148944155,8.705896428351833,1.0
918,153.3561884003914,9.433274787174707,1.0
919,150.9983066526999,9.778075277477145,1.0
920,153.5911320638829,10.374767307828552,1.0
921,161.35088186751315,11.337439396941615,0.0
922,160.201780589175,12.081011298914357,0.0
923,160.75616666083206,12.529509456225483,0.0
924,159.96869843275152,12.647274923448025,0.0
925,160.21650565722706,12.827516508643818,0.0
926,158.44324126103135,12.751318497570107,0.0
927,163.98841249246226,12.284867752450701,-1.0
928,166.54670916638506,11.661610850884918,-1.0
929,168.47692134519065,11.147215248588997,-1.0
930,167.844514043419,9.62485410808104,-1.0
931,170.32470113535263,8.878259511942673,-1.0
932,176.65498237473446,8.93150277788313,-1.0
933,175.72513530610826,8.525102613976223,-1.0
934,169.25998658376682,8.029378968480186,-1.0
935,170.39544047002397,7.936774894791606,-1.0
936,171.30485086173985,7.526392170651122,-1.0
937,154.53580560047908,7.5138223610521,1.0
938,160.45330517926035,7.158960028255868,-1.0
939,157.63379908007664,6.658425780972422,-1.0
940,160.83499850610357,6.223253799949639,-1.0
941,159.3926422975499,6.294475967036915,-1.0
942,143.7690075010596,7.798270658494316,1.0
943,143.46126265160862,9.019862636890366,1.0
944,144.13536244846094,9.943878947240146,1.0
945,147.67151030597594,10.456053468921047,1.0
946,151.29748119888495,10.68706987973829,1.0
947,151.96280277202862,10.85799011417561,1.0
948,154.50933516004883,10.843691442460898,1.0
949,154.1620782901329,10.725264823505881,1.0
950,183.4432281317453,11.886219855106186,-1.0
951,177.09018312763004,12.283752427742847,0.0
952,169.46352200268458,11.88107160867618,0.0
953,164.53731656013443,11.35468305981791,0.0
954,167.97384224294225,11.299803063758374,0.0
955,173.2366151049377,11.46198783598468,0.0
956,171.47102761324163,11.47101912485684,0.0
957,179.10811700121494,12.198366745990334,0.0
958,173.4731716116924,12.523088615543985,0.0
959,171.09107942581633,12.668985902763442,0.0
960,176.91062347650382,13.087273752863858,0.0
961,170.47873611066194,13.165087305424636,0.0
962,168.04027340810123,12.347485510669227,0.0
963,172.6430931511301,11.396179406830122,0.0
964,173.67049088710797,10.251496298827895,0.0
965,169.91049260572998,9.118269236067176,0.0
966,173.91741454389503,8.199593866200686,-1.0
967,172.8634176567419,7.050663372764598,-1.0
968,168.0815782236841,5.958684987055342,1.0
969,167.40410645068476,4.471804990311523,1.0
970,167.63851856627426,3.721408833540787,1.0
971,171.7076318095424,3.478784227151321,-1.0
972,176.84268293157712,3.6729336331697895,-1.0
973,173.2560828078915,3.294735300307277,-1.0
974,167.56401198526103,3.322162122644562,1.0
975,168.22747822184698,3.4089707099533193,-1.0
976,173.18466370041,3.4240181172510424,-1.0
977,169.89981466382932,2.9800138876753177,-1.0
978,164.23811404281946,3.3273679602168884,1.0
979,159.9306168767597,4.129098741910868,1.0
980,164.42052156926255,4.023087061346641,1.0
981,164.99161498972342,4.151932686354445,1.0
982,172.2523648302411,4.184873610015291,-1.0
983,170.01182684477325,4.126186102612836,1.0
984,177.10039586338422,4.372540046533732,-1.0
985,175.2104527008872,4.544947156223496,-1.0
986,173.11140737899558,4.511244985260905,-1.0
987,168.87781458818398,4.461054119895983,1.0
988,170.25401167453012,4.4460581769729535,-1.0
989,169.8757281695201,4.409979921484078,-1.0
990,172.97034184078393,4.4253110113913685,-1.0
991,175.75611902344627,4.587692265050484,-1.0
992,171.75873657554123,4.346353545327138,-1.0
993,176.074055247844,4.495641316976259,-1.0
994,170.01367060268527,4.450738299292462,-1.0
995,170.17285242223593,4.421739361479898,-1.0
996,170.7798368421256,4.377519189933157,-1.0
997,173.5134641803944,4.430692376975599,-1.0
998,173.12137273077585,4.202362846622742,-1.0
999,168.73567879006802,3.3567138399691063,-1.0
1000,163.23347182605855,3.4951892594181677,1.0
1001,163.0140351802695,3.707286817221516,1.0
1002,167.64782906717892,3.786624945993147,1.0
1003,167.45750843467155,3.866138749167161,1.0
1004,176.9133757217556,3.850634070971289,1.0
1005,174.14220883965027,3.7950637116093926,1.0
1006,182.00997814485967,4.523288930364825,1.0
1007,180.16105596885828,4.891803264017819,1.0
1008,183.76788902060508,5.545053096219048,1.0
1009,182.3503814212717,5.916839713980833,1.0
1010,187.29481749099995,6.704688973826306,1.0
1011,192.3253925223787,7.869201824760562,1.0
1012,202.2875742074286,9.949600663187645,1.0
1013,207.01552775596645,12.094939404337476,1.0
1014,222.93036645879852,15.58643220403148,1.0
1015,225.87526079981777,18.380761628698828,1.0
1016,226.3509785276433,20.480193091882995,1.0
1017,227.7353536918665,22.25149313556673,1.0
1018,239.11003204028697,24.58686061103302,0.0
1019,233.1279667536924,25.5738490980175,1.0
1020,235.9348544743047,25.949493847282103,0.0
1021,235.19644990336172,25.718328451831592,1.0
1022,238.0110318569201,25.514285114982282,1.0
1023,240.2073364040669,24.9088887205608,1.0
1024,243.21418916836868,24.735817026185668,1.0
1025,242.85336739234748,23.816318540632754,1.0
1026,239.12936953989572,22.883359761462188,1.0
1027,240.78167783685376,21.40089996349059,1.0
1028,239.0656679906116,19.66590637012728,1.0
1029,242.0111917198964,17.222798743435764,1.0
1030,249.81551739544645,14.96762851720136,1.0
1031,251.32693697607644,12.528684914249196,1.0
1032,254.19921396092116,10.857203435261034,1.0
1033,261.6033515195576,9.814875722496602,1.0
1034,262.03528590538275,10.242003408996682,1.0
1035,271.1218934721473,11.550716908162723,1.0
1036,268.14086855148605,12.02823952987745,1.0
1037,268.4546269727499,12.265705325106182,1.0
1038,269.2184652280597,12.974462559698168,1.0
1039,273.4311966550442,13.455930054716882,1.0
1040,271.87329765973703,13.695298493418218,1.0
1041,278.75210582751475,14.156359242174473,0.0
1042,276.09426583435464,14.274550948220135,0.0
1043,280.203558088669,14.57214703438037,0.0
1044,282.0345119222997,14.916850473786912,0.0
1045,285.10534775004135,15.185126580117494,0.0
1046,285.5992639994484,14.856650834330217,0.0
1047,284.9377143850653,14.251849540270555,0.0
1048,283.6477368371199,12.956709150667516,0.0
1049,286.6641168506172,11.666490256206629,0.0
1050,285.7927333378168,10.770523702562047,0.0
1051,286.5386947220936,9.691027839206894,0.0
1052,292.2321000660474,8.93720134957402,0.0
1053,290.4140410056044,8.522831968195446,0.0
1054,291.36762072453087,7.93244303360567,0.0
1055,291.78324133393824,7.9809369984042675,0.0
1056,290.36019185385044,7.541063720650747,0.0
1057,292.1629351866226,7.025519742744129,0.0
1058,297.3029134565533,6.735045226403058,-1.0
1059,294.4825508826991,6.417583411313577,-1.0
1060,296.0330172672678,5.788738780613804,-1.0
1061,295.6135469524363,5.662551025290899,-1.0
1062,287.8216536163644,4.8710637260284395,1.0
1063,287.86977693937564,4.423053867496325,1.0
1064,288.7672966457494,4.076551521031653,1.0
1065,293.16798845589244,3.993499155012147,1.0
1066,294.8393429075637,3.976455864144603,-1.0
1067,292.1141888594876,3.7573234996873617,1.0
1068,298.3314988687136,3.6896059690511067,-1.0
1069,297.66716012598533,3.7220459388793925,-1.0
1070,296.3450010586872,3.5024822992524705,-1.0
1071,297.3336541308548,3.320204843295889,-1.0
1072,299.5165504873584,3.585763457510919,-1.0
1073,298.1481443315968,3.6334689187565843,-1.0
1074,287.7569215737907,3.856681558928397,1.0
1075,293.02735495487366,3.8311862377461603,-1.0
1076,295.21030202208283,3.745673411338202,-1.0
1077,291.4048790521286,3.7708622774239022,-1.0
1078,283.17100918093274,4.4154780130645035,1.0
1079,287.0520851119896,4.629755287139703,1.0
1080,294.5055519806107,4.59055586526439,1.0
1081,295.0880689623432,4.576190077709585,1.0
1082,299.24180868456347,4.614032551581018,-1.0
1083,294.73523295578434,4.422328525507872,1.0
1084,296.7233056214973,4.295055560851015,1.0
1085,297.0757845995695,4.331067655551728,1.0
1086,304.0714454011111,4.835711941804861,-1.0
1087,284.4314399428804,5.348764378103867,1.0
1088,290.57818307443847,5.34060908739543,1.0
1089,288.9303993727562,5.395175992385868,1.0
1090,294.4635245977355,5.363256118186373,-1.0
1091,298.61627150663344,5.4173533755629535,-1.0
1092,285.98290439076794,5.495592823583655,-1.0
1093,275.31118762697486,6.627827116121335,-1.0
1094,265.0374986523549,8.92023160273642,-1.0
1095,259.5991523695799,11.285795406557916,-1.0
1096,252.48430815675468,13.819936401052912,-1.0
1097,248.76278993515007,16.180246250241172,-1.0
1098,257.22147873297945,17.31762274854693,-1.0
1099,242.88746743855543,19.516456118310504,-1.0
1100,248.72476381742345,20.542331053071212,-1.0
1101,235.29667614211908,22.348868734373,-1.0
1102,231.5158585663264,23.73147268058255,-1.0
1103,209.6402692701418,26.966061632563704,0.0
1104,224.59426431927184,27.78502967439433,-1.0
1105,210.14323258086,29.226151467894223,0.0
1106,177.69407452636509,32.7409352308664,0.0
1107,196.76907826476028,34.296902738973785,0.0
1108,175.48906779831196,36.653534878525996,0.0
1109,187.4598837079189,37.12064345004749,0.0
1110,190.28298826940448,36.20943471503176,0.0
1111,188.89979427629825,34.10282448656216,0.0
1112,182.1615234610017,32.716222566300985,0.0
1113,172.42845590224985,32.14129785948364,0.0
1114,181.1391926955561,31.11781661645444,0.0
1115,186.01891904490756,29.718797007407776,0.0
1116,196.6438321175504,28.094145205220837,0.0
1117,183.38809793740825,26.774602601012273,0.0
1118,186.6507383715293,23.873425224552896,0.0
1119,181.4673048957412,21.995756902933906,1.0
1120,174.04251375391658,18.936226319220122,1.0
1121,171.10442119840778,16.8158419841875,1.0
1122,174.5149674028399,14.085051085028857,1.0
1123,187.56119945487572,13.090773263469405,1.0
1124,187.7467786464091,9.549855032030386,1.0
1125,191.59579850860263,7.648007454481225,1.0
1126,195.76575653303036,7.967802349556292,1.0
1127,192.28234990822477,7.66319606200031,1.0
1128,200.87293249996037,8.204446083520095,-1.0
1129,190.8698673975217,8.280183543699502,1.0
1130,195.60551344805307,8.515006027627196,1.0
1131,196.53844333505072,8.816113398473014,1.0
1132,195.97338791241083,9.003944739291681,1.0
1133,186.6767687664008,8.318728737558462,1.0
1134,192.90487603929856,8.236810055924291,1.0
1135,193.978490589022,8.307128719160586,1.0
1136,201.7340181572795,8.631439802305026,1.0
1137,213.56268912484927,10.099492800353966,1.0
1138,221.239386303725,12.146601019391602,1.0
1139,237.0422554624716,15.446245650098188,-1.0
1140,221.9413742922807,15.72347672228454,1.0
1141,218.12877282332497,15.075040521621062,1.0
1142,221.02900107513324,14.543127368062368,1.0
1143,225.2512402318611,14.988010277791007,1.0
1144,224.30599616173345,15.125443459292448,1.0
1145,225.2216436321453,15.323425585563832,1.0
1146,234.1420874403472,16.151034467177542,-1.0
1147,226.57751940486816,16.050980528421587,1.0
1148,221.8720361635033,16.028082701685253,1.0
1149,214.83040502966756,15.222735488292688,1.0
1150,213.2733294372177,14.635365213030441,1.0
1151,209.40180812731117,14.085533234029,1.0
1152,226.71457910893804,13.573227214776738,1.0
1153,231.1939355679069,11.983716184461525,1.0
1154,231.8456003580535,10.659401142645072,1.0
1155,234.48726308351144,9.048777152557413,1.0
1156,233.91375668911004,7.916624850925999,1.0
1157,245.5890879731349,8.818395947647248,1.0
1158,248.22468401468876,10.046667440130689,1.0
1159,247.12788175075855,10.789723839088094,1.0
1160,250.73144462632197,11.842609580048391,-1.0
1161,254.00555518929437,12.760097738906639,-1.0
1162,253.0588303522902,13.43658382602989,-1.0
1163,257.5010424779791,14.40960034673486,-1.0
1164,249.4380660482329,14.595916693548896,0.0
1165,265.1719792580409,15.804977116485626,-1.0
1166,263.60020002448005,16.820027502135908,-1.0
1167,256.7847224676124,17.007831934849694,-1.0
1168,253.66551368453875,16.663498879477295,0.0
1169,237.074115266207,15.450881550101204,0.0
1170,244.7923264852837,13.759005059078326,0.0
1171,245.38279748453365,10.96767131394111,0.0
1172,251.79464912923515,9.973294648999579,-1.0
1173,246.25918322630827,9.193988361828385,-1.0
1174,247.20887180197508,8.328347747015558,-1.0
1175,249.13560158591827,7.567321502568442,-1.0
1176,246.26473969095468,6.629328055493224,-1.0
1177,244.2322108533355,6.690406898204583,-1.0
1178,234.45012296238244,7.592958308732405,0.0
1179,236.75456564103803,8.12667059761486,0.0
1180,229.58709303453347,9.238850471229151,1.0
1181,234.4451304297245,9.630985046962719,0.0
1182,237.92221369134316,9.751100724037137,0.0
1183,232.90028697146667,9.851179757160008,0.0
1184,235.9312649710202,10.017260223260195,0.0
1185,240.6074966485698,8.803296193851246,0.0
1186,232.66276214858368,7.726577723764102,1.0
1187,232.79098019527777,7.132534990772462,1.0
1188,237.0345052273385,6.4801730242404325,1.0
1189,234.56758087514865,6.560657726703501,1.0
1190,229.0751171300946,6.857749008523274,1.0
1191,236.3832279685761,6.70706613421081,1.0
1192,237.7080515618383,5.932420174720313,1.0
1193,237.61029624919328,5.588278603862219,1.0
1194,241.51350516676172,5.191180990541254,0.0
1195,243.64944219550893,4.635794553485747,-1.0
1196,240.82156945565328,4.189465872905959,1.0
1197,243.7741762625699,4.1461877338928135,-1.0
1198,241.05755413642603,4.235736690618752,1.0
1199,235.0106218249647,4.25548899303967,1.0
1200,237.82911774480203,3.910119627485552,1.0
1201,236.65163193492015,3.8601555974717803,1.0
1202,238.5219175114392,3.8677688038561464,1.0
1203,239.3243206420065,3.7475965127785615,1.0
1204,244.68227711175297,4.038828152901116,-1.0
1205,243.39445307387152,4.1769265647156795,-1.0
1206,244.9472025726447,4.222299420691736,-1.0
1207,247.6816928112976,4.412305714468823,-1.0
1208,245.99376763499157,4.593289935429568,-1.0
1209,236.47138593219535,4.493205674893128,-1.0
1210,234.0799860833793,3.953535548306954,1.0
1211,235.79648421988963,3.986600362766702,-1.0
1212,237.0571845588603,4.011673427158819,-1.0
1213,237.54918380619256,4.013847371220048,-1.0
1214,239.20796646042544,4.009975871021627,-1.0
1215,240.65975890045337,3.9285402025875538,-1.0
1216,235.64838905246472,4.042039503371814,-1.0
1217,236.29558638080715,3.997497081185918,-1.0
1218,231.45259581191644,4.348542742485179,1.0
1219,230.34606038058027,4.681208572041659,1.0
1220,229.32259320406556,5.127695111036139,1.0
1221,231.7804297134712,5.319908715323881,1.0
1222,238.65478140882325,5.320663646167177,1.0
1223,231.90734422478613,5.480839950643535,1.0
1224,233.87950161249208,5.279576822429012,1.0
1225,242.70638003075356,5.238526691399603,-1.0
1226,242.52432332585744,5.072195387527655,1.0
1227,250.55199052925616,5.420452113916844,-1.0
1228,228.3610481853028,5.329993106214784,-1.0
1229,220.15081468567172,6.4251365666459055,1.0
1230,210.65376276808945,8.483424353041192,1.0
1231,215.53217143975567,9.441883081792362,1.0
1232,211.19500636598053,10.58886889477301,1.0
1233,212.02065581073387,11.383316032196413,1.0
1234,212.7968577081037,11.859358414785703,1.0
1235,218.57765800897104,11.775886425351237,1.0
1236,216.09721505387395,11.93699433259514,1.0
1237,222.62030284603588,11.781657008824467,1.0
1238,223.8489786265286,11.737951715378166,1.0
1239,216.51508200382017,11.885862294001338,1.0
1240,220.20703301575588,11.905710794497407,1.0
1241,217.3200510540141,11.91320792435247,1.0
1242,218.86620824366145,11.472374737205035,1.0
1243,224.80926372972053,11.301142362154442,1.0
1244,226.7645035836645,11.048535352662554,1.0
1245,225.0036574455712,10.01416226905858,1.0
1246,218.41636238600728,8.749315516546506,1.0
1247,223.3680762864204,5.248831171842648,1.0
1248,224.5252841501328,4.956743397159326,1.0
1249,231.67116143119327,5.713483566777119,1.0
1250,232.78622534367463,6.0359380216731,1.0
1251,236.89406382261933,6.9099613433262155,1.0
1252,240.42410368285124,7.622115944681629,1.0
1253,244.6444372340191,8.544100270063884,1.0
1254,248.77835743011605,9.604332685497951,1.0
1255,245.552112886501,10.287171764797732,1.0
1256,243.41265962147693,10.442029361707752,1.0
1257,246.90268612402176,11.017686644652295,1.0
1258,251.8310011706599,11.867774192973723,1.0
1259,250.9153516877024,12.007398061330324,1.0
1260,253.8868385898045,12.378169427934223,1.0
1261,252.34109613306327,12.170400150285085,1.0
1262,260.96631788599774,12.489222166578553,-1.0
1263,262.45899370560227,13.03244103443118,-1.0
1264,254.63759281161904,12.911099597796552,1.0
1265,249.54518570728803,12.316151067323172,1.0
1266,240.3082794014612,10.834726694874862,1.0
1267,250.27741298168,9.639032322080832,1.0
1268,242.31491010820253,8.262127989769532,1.0
1269,251.11408874182337,7.465628181001358,1.0
1270,278.21058845195665,9.282315357423931,1.0
1271,291.5572870645352,12.593438781994484,1.0
1272,298.8534837731055,15.872062739526582,1.0
1273,304.21055799321937,18.936613521284126,0.0
1274,311.2009560581265,22.065640927798746,0.0
1275,305.7479250156336,23.742183976180495,0.0
1276,314.99490455781864,25.631445379259265,0.0
1277,300.5096344215045,26.04120045385791,0.0
1278,306.04217422609145,26.721182195201294,0.0
1279,305.7468705210515,27.038505581922085,0.0
1280,299.6343419007815,26.93774968802371,0.0
1281,295.92702868575304,26.42279087969092,0.0
1282,315.4697841430537,27.028434735914523,0.0
1283,311.4168369926728,27.197208504604067,0.0
1284,317.66756242349345,26.975634014952533,0.0
1285,326.29769224327816,26.44098929387288,0.0
1286,324.10734037646665,24.127576188537773,0.0
1287,326.8357487729628,22.228774690335367,0.0
1288,328.5871371941016,18.159248826125577,0.0
1289,323.2580579833017,13.244427278596364,0.0
1290,318.30045740580584,11.158836332230651,0.0
1291,324.0399467240958,10.47417915546543,0.0
1292,329.6424793429388,10.556753310640822,0.0
1293,324.96217080591765,10.51380314522505,0.0
1294,326.08377306266897,10.71678865045643,1.0
1295,328.9168816494464,10.772352569505262,1.0
1296,326.7614634352202,10.95262342627235,1.0
1297,329.0491381957324,10.397602918659592,1.0
1298,334.6228632228023,10.42370627301386,-1.0
1299,331.67881158171934,10.0501513288956,1.0
1300,325.14275885518293,8.546809461623155,1.0
1301,322.6608729320519,5.6003070484090856,1.0
1302,319.4086584311491,5.317990740357628,1.0
1303,320.6289607715414,4.4022438587394035,1.0
1304,319.7116609489365,4.2329504980835315,1.0
1305,321.3932625258479,4.327437637441831,1.0
1306,318.1980526353125,4.605226997330718,1.0
1307,325.00890137697456,4.584849706656728,1.0
1308,322.8822744279967,4.5205797032458905,1.0
1309,326.8472152043623,4.534987390033159,1.0
1310,328.1663321486528,4.322743194061879,-1.0
1311,320.34492469862954,4.455906409107276,1.0
1312,327.9394337704685,4.38027375652741,1.0
1313,337.87639546029493,5.238938240225542,1.0
1314,348.95205776536244,7.389163498385897,-1.0
1315,346.0402108366076,8.547428647638865,-1.0
1316,354.441045906126,10.427456276930203,-1.0
1317,348.0531930562947,11.260037408913966,-1.0
1318,352.5881737831491,12.315376171626031,-1.0
1319,350.9325337295792,13.106713312555733,-1.0
1320,353.6178287098012,13.863289020733149,-1.0
1321,348.11232671945817,14.004198566908514,1.0
1322,348.11592577701435,13.84004667032638,1.0
1323,344.5217011612816,13.470347611211247,1.0
1324,347.6370412831535,13.002772860251218,1.0
1325,342.3997133361022,12.374353924189299,1.0
1326,335.074896682774,11.37036827395384,1.0
1327,332.3933996443787,10.953891987172026,1.0
1328,332.8591544631217,10.300403713195236,1.0
1329,331.1081922328472,10.02512878347227,1.0
1330,341.2199343502765,9.51950829740481,1.0
1331,349.6507090278828,8.130704018521897,1.0
1332,347.20145404651447,7.2629917541535844,1.0
1333,351.0449670592219,7.214320710310309,1.0
1334,351.5718573565504,7.307338975223735,1.0
1335,363.1132074811024,8.310813622334091,1.0
1336,367.21201816701137,9.39104148880381,1.0
1337,370.36476352427337,10.758255250739882,1.0
1338,412.8691905231197,18.064026443199054,1.0
1339,419.2122659512114,23.633945768293216,1.0
1340,427.9574879709338,28.77938702295987,0.0
1341,422.6205212690339,32.044507568644704,0.0
1342,422.7821418956358,34.60067925462813,0.0
1343,435.8327115804802,37.56464519335057,0.0
1344,435.26832357171736,39.83563959256263,0.0
1345,444.2604967592309,41.95869332994221,0.0
1346,457.7965410548968,44.015211772087646,0.0
1347,446.241589751591,44.104198075158045,0.0
1348,447.85477106859634,43.548026025703905,0.0
1349,456.8997661898325,42.56391905838031,0.0
1350,447.52897067237376,40.97904335274129,0.0
1351,437.7726066084242,38.96526460266963,0.0
1352,429.8497552432801,35.847481584875695,0.0
1353,429.1605692816172,32.31880139513419,0.0
1354,412.8981346403933,27.97092999991548,0.0
1355,416.9643195539546,24.085398353697737,0.0
1356,419.3793320426138,19.684880102261676,0.0
1357,425.6416602006682,13.970087747559372,-1.0
1358,416.559268045905,13.720148793873143,1.0
1359,420.8033134574238,13.642685389105583,1.0
1360,415.9166485724253,14.120462632651046,1.0
1361,416.2372990351575,14.415104272601187,1.0
1362,405.2958015826702,15.480643976905736,1.0
1363,401.92416968466455,16.720115472557637,1.0
1364,403.833660509831,17.5764481313171,1.0
1365,403.1698731549942,17.929540472683673,1.0
1366,403.6114147480914,16.868696759477167,1.0
1367,400.6691795692304,16.622685842910737,1.0
1368,412.2349272243144,15.412858971128102,1.0
1369,404.7938029018499,12.823139476097245,1.0
1370,408.3385592943628,10.5847150461743,1.0
1371,417.3645704229476,9.07385369281454,1.0
1372,424.1149961437591,8.599298098828092,1.0
1373,426.7795887413305,8.376599835567516,1.0
1374,423.5684556316719,8.71439283966495,1.0
1375,419.5883953610962,8.790932795224244,1.0
1376,436.3503723797611,10.109398405038437,-1.0
1377,441.55713790238246,11.567161258611312,-1.0
1378,439.8570407844472,12.823026128810538,-1.0
1379,438.2640161348024,13.709482451035717,-1.0
1380,434.3071053747631,14.227694917985483,-1.0
1381,442.28615599656814,15.207435542064934,-1.0
1382,445.0433179718226,15.85140658556588,-1.0
1383,440.4337184791959,15.701528266825079,-1.0
1384,430.43709639035575,15.079424906877936,-1.0
1385,417.85098799727496,14.317424208127779,0.0
1386,410.1053263281208,13.86441251669517,1.0
1387,418.2425726420024,12.70297082860045,1.0
1388,417.9235316103855,12.425622456509153,1.0
1389,420.718021375488,11.405545371281745,1.0
1390,415.9726912464254,10.83866532924825,1.0
1391,416.8454035893029,10.866160799169242,1.0
1392,417.6730543395951,11.081116248088849,1.0
1393,410.1918359904523,11.753246910223563,1.0
1394,403.9808881146407,12.81057356733275,1.0
1395,415.9640870731336,12.929362254725605,1.0
1396,406.3609975747406,13.361002348566755,1.0
1397,423.4332671635615,12.721164217771449,1.0
1398,421.7245828309231,12.110113144474582,1.0
1399,424.72663445677983,11.540998858369138,-1.0
1400,406.52849416222296,11.616607973188135,1.0
1401,415.63139039027845,10.432810044398591,1.0
1402,429.4287858424668,8.843702132799686,1.0
1403,426.71077507253096,7.451341413565056,1.0
1404,422.92954760790633,6.937915682394312,1.0
1405,429.86038549340685,7.499047810800804,1.0
1406,438.4061522984693,8.57414249088328,1.0
1407,440.4037591667554,9.794156467768222,1.0
1408,449.2105702568073,11.710648721581876,1.0
1409,451.181188009128,13.414825706568102,1.0
1410,450.1776788647041,14.555576604992899,1.0
1411,448.4999263283718,15.315532246548496,1.0
1412,449.26956899813325,15.956868770694244,1.0
1413,455.9112009982027,16.50211832161845,1.0
1414,458.79462989178535,16.414548634715995,1.0
1415,462.1427398001641,17.087954439945353,1.0
1416,473.7529370375499,17.660704440427704,1.0
1417,465.1703170269861,18.19036348763034,1.0
1418,465.35671656222985,18.36960352092301,1.0
1419,466.1049544471288,18.508577394141444,1.0
1420,468.93180951802606,16.8157226349452,1.0
1421,470.0290114842984,15.592439324033252,1.0
1422,472.7749065775066,15.431330071892523,1.0
1423,470.9091590291939,14.566541873988012,1.0
1424,472.0691647856721,12.82547819307803,1.0
1425,467.74987099079954,11.14676981962176,1.0
1426,460.6782589483564,9.939677399937922,1.0
1427,471.7433100189339,8.950197715048027,1.0
1428,474.82374308598577,8.77588152999843,1.0
1429,472.0391751545111,8.429442015864257,1.0
1430,479.5012163460704,8.292831290782424,1.0
1431,480.4512555237471,7.739896160249083,1.0
1432,496.6787422101284,8.90295198032274,1.0
1433,507.0790941896292,11.522802746725228,1.0
1434,502.620615675417,12.80703895832299,1.0
1435,506.6690545482725,14.238887063558847,1.0
1436,515.5842382752213,16.577419664118526,1.0
1437,521.2522675446149,18.66474557261044,1.0
1438,526.1510991292665,20.63222216564993,1.0
1439,522.788841012759,21.73601409261565,1.0
1440,534.1602105129008,23.5390385563595,1.0
1441,538.2927230015106,25.185824378988585,1.0
1442,528.1250389606322,25.68579076177124,1.0
1443,529.5990691892518,25.843867076245147,1.0
1444,526.592744320073,25.572060939789946,1.0
1445,526.6009307532423,24.656320604237607,1.0
1446,519.9485372078242,22.369053637031907,1.0
1447,537.8775532455857,21.43489515017704,1.0
1448,557.2830203522983,21.766428408656942,1.0
1449,564.513929827204,21.65431733633846,1.0
1450,580.4905475242938,23.168077775344432,1.0
1451,579.9201848424098,23.51817098484606,1.0
1452,576.7798236806555,24.157560935057447,1.0
1453,585.7175768269858,25.704129613954095,0.0
1454,589.9899175135994,26.5961297534962,0.0
1455,597.1863061752881,27.692684530668455,0.0
1456,597.4593519497621,28.6911486743271,0.0
1457,595.5933712515288,29.302113036656444,0.0
1458,608.8505238812924,30.706324033052205,0.0
1459,617.333349242385,31.94673138082285,0.0
1460,611.0009924171002,32.702894640355424,0.0
1461,612.9646414445416,33.33422701753053,0.0
1462,616.529247603313,33.04341935147886,0.0
1463,618.4757428441699,32.357348727798424,0.0
1464,616.6764473515343,30.59917796598633,0.0
1465,618.2819892130238,28.064065280599085,0.0
1466,619.7774012432338,23.414748103765703,0.0
1467,605.2044639195273,19.212219905217722,0.0
1468,598.7368598537108,16.588287915174185,1.0
1469,603.0796182095976,14.253029552826911,1.0
1470,611.3005497109756,13.38744512898227,-1.0
1471,618.2416366671583,12.463675074751315,-1.0
1472,617.5153178366284,10.63924371068853,-1.0
1473,621.6009509370605,9.66567229863516,-1.0
1474,615.3704476890695,8.528503648430505,-1.0
1475,623.9923386115528,8.337820235333446,-1.0
1476,621.3321490382564,7.776366731335657,-1.0
1477,622.3832165110877,6.752650339807405,-1.0
1478,618.1040932535334,6.629902541238774,-1.0
1479,624.2508195210156,6.910827937104398,-1.0
1480,626.5207911534919,7.215210543879413,-1.0
1481,617.3798434280446,7.1681940458384155,-1.0
1482,616.4780297984223,7.168281583547857,-1.0
1483,615.083961770126,7.165055577292608,-1.0
1484,617.5339239243269,7.168318822168425,-1.0
1485,617.9228631227209,7.164354667767632,-1.0
1486,611.8164977784103,7.199038534393528,-1.0
1487,613.2945388256352,6.763240633659192,-1.0
1488,614.0203112818284,5.356083360730826,-1.0
1489,596.2991492627957,6.4171283572243905,-1.0
1490,575.098461227761,11.336329391316244,-1.0
1491,565.1869994778244,15.884970846242291,-1.0
1492,569.3752096094704,18.52272784445343,-1.0
1493,574.1158647283705,19.965156769178602,-1.0
1494,579.1850181285673,20.860418983616288,-1.0
1495,568.789515888562,21.972539761635144,-1.0
1496,551.0623621173398,24.40548611741553,-1.0
1497,545.1459428287756,26.6354564913724,0.0
1498,535.1315651887185,29.31137618648175,0.0
1499,530.850180353708,31.227568457804697,0.0
1500,521.3250610212067,33.03038370695622,0.0
1501,525.4941631477893,34.18454475521585,0.0
1502,524.2960042721196,34.81302377455277,0.0
1503,521.9952250919442,35.04929945106625,1.0
1504,515.4527817877362,34.87281146605447,1.0
1505,508.647739175614,34.33693459458169,1.0
1506,508.9053124009164,33.44117666553669,1.0
1507,509.5494298961548,31.449960847879254,1.0
1508,522.4589700991625,27.609677878052235,1.0
1509,525.4120989469448,24.728420467164494,1.0
1510,534.786118244356,23.2170958897395,1.0
1511,535.0492963822091,22.239106373203132,1.0
1512,531.144084906504,20.754174710761127,1.0
1513,536.9574349143857,18.45731403813825,1.0
1514,529.6081302112848,14.667765266684498,1.0
1515,532.3122193288176,11.370503104045774,-1.0
1516,523.3249547671991,9.915452789522774,1.0
1517,514.0807754030798,9.143784806055532,1.0
1518,526.2810858432972,8.801747026717484,1.0
1519,526.1103958329215,8.667450166874417,1.0
1520,532.5073049194025,8.867295439829446,1.0
1521,574.3272061802729,14.297504820018549,-1.0
1522,564.9714780360478,16.643923633741224,-1.0
1523,581.609357497065,20.314424151898834,-1.0
1524,588.6479240278437,23.570438676690575,-1.0
1525,575.1574877118452,24.288016390890842,0.0
1526,571.6166228671669,24.292518358049566,0.0
1527,555.818340728511,23.24037088803448,0.0
1528,556.3200580435761,22.80954908971192,0.0
1529,561.4408604904066,22.535526125520853,0.0
1530,558.2202459116041,22.443048690697353,0.0
1531,573.3205310754594,22.83919979225657,-1.0
1532,573.0300165141781,22.873061966725118,0.0
1533,572.892656123384,22.97565797756796,0.0
1534,559.6411515994902,22.226898403131635,0.0
1535,564.7139548011716,21.57448542864982,0.0
1536,559.4281634248631,19.999689121765112,0.0
1537,556.8285055716234,16.9395931413852,0.0
1538,549.2237753173484,15.095218403326353,1.0
1539,564.5505524677641,12.382437838979197,-1.0
1540,546.5232161107019,10.753215047723995,1.0
1541,538.9966916290385,12.037277959757985,1.0
1542,554.336684507519,12.209380064076813,-1.0
1543,546.9175442519886,11.904242404836477,1.0
1544,542.256496888713,10.778109205345062,1.0
1545,562.469067631635,10.135062982149414,-1.0
1546,562.3621575557987,9.70326136611671,-1.0
1547,556.1835331254078,9.699352914575796,1.0
1548,572.6100308789264,10.222253142804526,-1.0
1549,562.8765170348086,10.246805136553133,-1.0
1550,544.3199359584726,10.752083814956174,1.0
1551,556.6319676496835,10.145198104396382,-1.0
1552,552.1505976662278,9.499352353980568,-1.0
1553,547.8405038141483,8.823309670487944,-1.0
1554,533.3405879749282,9.985340677603691,1.0
1555,541.6681056798707,9.980583641202267,1.0
1556,542.670501995863,10.077974270631048,1.0
1557,545.1681667167702,10.105218821346497,1.0
1558,569.1257907099751,10.857002051954009,-1.0
1559,560.6305682541011,10.654855258620529,-1.0
1560,564.781508655613,10.943343588392846,-1.0
1561,561.164459991106,10.581207874091465,-1.0
1562,559.5008020526985,10.653255167252821,-1.0
1563,548.0934364432813,10.613926400924711,-1.0
1564,552.7098861927035,10.240873650455068,-1.0
1565,525.1650994920541,12.016611146352032,-1.0
1566,522.4157348892033,13.586997247540713,-1.0
1567,498.26339328259616,17.901119343337996,-1.0
1568,503.3063040103547,19.531470651640024,-1.0
1569,506.592191909334,20.77354512510714,-1.0
1570,506.9115432979109,22.169711214819106,-1.0
1571,494.9499922723914,23.940217125024155,-1.0
1572,497.1632513208417,25.210969212352094,-1.0
1573,486.56117887640846,27.102484653606904,-1.0
1574,483.111664478954,29.1267037909116,-1.0
1575,471.46723818596286,31.582419789196976,-1.0
1576,466.027397409615,33.889490074297505,-1.0
1577,461.9691430726265,35.83717766834204,-1.0
1578,446.04239922229766,36.96447027873481,-1.0
1579,447.36734288316393,37.605729406915245,-1.0
1580,446.2548397340336,37.05373469375189,-1.0
1581,464.9829156615965,34.76632734765345,-1.0
1582,479.6103084329503,31.316369936746288,-1.0
1583,480.223183121608,28.27017507295453,-1.0
1584,488.2842374119589,23.69569663810331,-1.0
1585,481.6360818129066,21.60655445739689,-1.0
1586,476.7683367757161,19.369621607856644,-1.0
1587,472.6313201056934,18.896254368804883,-1.0
1588,465.8475828002497,18.105516993851978,-1.0
1589,478.7654179287182,16.660201220752842,-1.0
1590,440.4836719546007,16.548703137208182,-1.0
1591,416.0526325296702,19.758761482886467,-1.0
1592,400.6860572957994,23.562489703634014,-1.0
1593,407.19576795633503,25.905884864371764,-1.0
1594,403.0318505096277,28.04585414583396,-1.0
1595,395.8946405236818,30.647599607861455,-1.0
1596,392.75256188177445,33.041376667244045,-1.0
1597,382.8501167949608,35.815559365390236,0.0
1598,372.1068273379269,39.18244759709602,0.0
1599,385.5841257397704,40.939848653530625,0.0
1600,386.99360013799,42.32407456572432,0.0
1601,379.7656247854441,43.27915536384644,0.0
1602,371.3432660849117,43.43354902487263,0.0
1603,383.2199210141596,42.21734298142885,0.0
1604,375.6575415381226,39.95334706854453,0.0
1605,359.86286734316417,38.2603153095537,0.0
1606,344.9979815644518,37.006675167587964,0.0
1607,344.21824046357847,34.96923078258296,0.0
1608,359.09445841990265,31.45476687603403,0.0
1609,349.37236334691244,24.58202749930062,1.0
1610,346.43844503931564,21.75013334254939,1.0
1611,341.5119398866218,21.240950595938894,1.0
1612,346.0037659479761,21.16180230049059,1.0
1613,358.3368111896088,19.571807167338246,1.0
1614,375.0592140832638,17.939645864117562,-1.0
1615,392.736742987306,17.689220699778325,-1.0
1616,384.7505156268719,17.16832077280356,-1.0
1617,387.3353043890471,17.41386165030262,-1.0
1618,373.7038371825174,17.441092105574253,-1.0
1619,379.6826508064391,17.1631699806177,-1.0
1620,377.4299118943447,16.704019150891337,-1.0
1621,370.9513659231222,16.450681858156326,-1.0
1622,386.1351627885994,17.022095277638268,-1.0
1623,378.97025521516986,16.832132841730967,-1.0
1624,361.46277878626654,16.72962173642946,-1.0
1625,360.8712757701277,16.711970765565255,-1.0
1626,378.0317466541,16.15504032685446,-1.0
1627,372.4921130293242,15.210285778875019,-1.0
1628,372.632809458053,15.045745102374497,-1.0
1629,367.38525860180175,14.285068324025023,-1.0
1630,364.7914800714454,13.199800959159234,-1.0
1631,356.644891257565,11.742823769583248,-1.0
1632,349.5996713392775,11.340109712059247,-1.0
1633,351.553667168476,11.873323323655944,-1.0
1634,340.9136696435263,13.735907807959475,-1.0
1635,340.6670251623726,14.206699903638048,-1.0
1636,352.50329686788774,14.010275355925513,-1.0
1637,345.1844595656288,13.83086999619754,-1.0
1638,338.1270601999377,14.78306977784444,-1.0
1639,327.03728232232595,16.149190446652952,-1.0
1640,337.36273124352203,16.314349733809525,-1.0
1641,323.2060723444134,17.70221158784856,-1.0
1642,318.75525237942406,17.930901306972967,-1.0
1643,329.94973854145843,17.379111813527103,-1.0
1644,315.5959820058682,18.68862128336875,-1.0
1645,324.4456029936661,19.05395972308903,-1.0
1646,311.3657369650623,18.8649336567832,-1.0
1647,307.75477109448724,18.91342238682589,-1.0
1648,288.83208067657125,20.252682642190898,0.0
1649,286.29630065881616,21.423334173783452,0.0
1650,274.4908443711456,23.25933197741381,0.0
1651,271.3443397492089,25.095289296109243,0.0
1652,263.795543802398,27.31933097398222,0.0
1653,265.3328929984893,28.436047571441947,0.0
1654,282.25721256753707,28.446487691346228,-1.0
1655,275.40144893712795,28.51274497223612,-1.0
1656,287.8204267763549,26.683771851604458,-1.0
1657,269.29036213419795,25.860167681066418,0.0
1658,265.43488872690386,25.31059838702789,-1.0
1659,266.7643275260022,25.043589546237566,-1.0
1660,275.3609967085219,23.057590978568058,-1.0
1661,264.44655978442427,22.360249018161724,-1.0
1662,262.51112159253137,21.71514911738378,-1.0
1663,269.9194021531849,19.080276193519627,-1.0
1664,276.95307086465925,17.3123152783154,-1.0
1665,272.57338126225875,13.74006619725526,-1.0
1666,268.33998911556995,11.191141671472307,-1.0
1667,277.3314520273213,8.112426935990792,-1.0
1668,264.09903667282947,7.467563919267856,-1.0
1669,267.20273225798485,6.725738775584003,-1.0
1670,266.93664758386365,6.73347246506742,-1.0
1671,262.1552921531621,6.992536776958072,-1.0
1672,248.5486625942513,8.413786289712416,-1.0
1673,239.6041958874716,10.723667359193264,-1.0
1674,231.62194620170027,12.961045859861455,0.0
1675,239.9575439409139,13.93888717032033,-1.0
1676,245.20210677107016,13.324611332737549,-1.0
1677,230.66655407251068,14.877059813506484,0.0
1678,221.93958068691705,17.03041988344128,0.0
1679,227.34689767688744,18.15833576471161,0.0
1680,229.52208399348,18.42847602412071,0.0
1681,226.71824177359576,19.149071897652487,0.0
1682,237.3665036055664,19.210486475670884,0.0
1683,237.43648602517897,18.8248516913468,0.0
1684,232.4678903779111,17.900901128221733,0.0
1685,229.19743430631516,17.169488811253963,0.0
1686,222.9987634654512,16.801412511679082,1.0
1687,227.86826697934237,14.839875637702006,1.0
1688,232.46028574746205,13.717054278456915,0.0
1689,224.41118866911572,12.146886724353822,1.0
1690,229.78751738942609,9.720302597635351,-1.0
1691,221.86675559461952,7.46066674528657,1.0
1692,217.1909679628905,7.050238016204094,1.0
1693,218.4632540379024,7.162861578828957,1.0
1694,217.416593281486,7.603374689379389,1.0
1695,213.3884741005536,7.8168473628203206,1.0
1696,226.29074766086296,6.56662412176285,1.0
1697,222.2056038155546,6.538939553493816,1.0
1698,233.92298261980767,6.711675287374435,1.0
1699,244.54694964429228,7.843689578841444,-1.0
1700,250.6871507173754,9.429991749463646,-1.0
1701,245.7225355129961,10.185747426696594,-1.0
1702,242.40776434026336,10.455084206107237,-1.0
1703,244.4161950693751,10.841978226692344,-1.0
1704,252.02952586307816,11.916294209510854,-1.0
1705,244.45462681819825,12.286606909582346,-1.0
1706,245.55932892865215,12.486785716486827,-1.0
1707,246.62506009996636,12.80088450538115,-1.0
1708,211.94896605279024,13.69522513441282,1.0
1709,218.25477060599997,13.95723703336117,1.0
1710,222.07338818017712,14.137473897530962,1.0
1711,221.5357931185274,14.150114776978606,1.0
1712,216.4596105344376,14.191168305065489,1.0
1713,206.42103825094276,15.02326163738615,1.0
1714,212.46619458562756,15.302543764994923,1.0
1715,223.19158569089063,14.856862129518984,1.0
1716,234.06354196267768,14.813342449058549,1.0
1717,240.1215166115902,14.734584882363059,1.0
1718,240.10965212723207,14.823072249231524,1.0
1719,239.1799973367759,14.653591684016806,1.0
1720,242.65626815768596,14.244456491917697,1.0
1721,233.7372334391576,13.906334184916199,1.0
1722,225.63658183977984,13.743146106376045,1.0
1723,230.6033479645937,13.378163974401124,1.0
1724,234.0835649701689,12.415174721971415,1.0
1725,247.43440132636528,12.620777281364107,1.0
1726,230.3093854483062,12.054302969195106,1.0
1727,235.4549765644501,11.429772265100292,1.0
1728,235.19716995462508,10.848102220416504,1.0
1729,236.58002058570327,10.624392733039814,1.0
1730,250.5938178274851,11.34255297051549,1.0
1731,244.70888547204743,11.423044940422226,1.0
1732,242.0978003565163,10.901699743471973,1.0
1733,250.98513906889048,9.363937267824477,1.0
1734,259.0076835292806,8.856521096143123,1.0
1735,275.07137151132434,11.306773000836394,1.0
1736,284.2149577084671,14.661804560741645,1.0
1737,270.7983116098388,15.806817330973553,1.0
1738,278.6523394280139,17.394694018507916,1.0
1739,283.8677226557513,19.07859528490445,1.0
1740,280.24111221958486,20.179530969580085,1.0
1741,287.1343661546461,21.216493477458823,0.0
1742,285.4246274652967,21.201991506531805,0.0
1743,288.5832499969985,21.348401343176644,0.0
1744,279.57912231565734,20.857300603345966,1.0
1745,277.820963817316,20.824394839471967,1.0
1746,278.8532929942126,19.50039098648129,1.0
1747,281.62859252964586,18.363610540698918,1.0
1748,291.5419734537746,17.26645045426977,1.0
1749,287.7070527229732,15.54350222219087,1.0
1750,287.0838136653149,14.783699960684254,1.0
1751,300.522301256452,13.854400553328079,1.0
1752,313.7791284144992,13.186281306746888,-1.0
1753,313.71465862083414,12.845573252313049,-1.0
1754,313.150350417335,12.726140010135875,-1.0
1755,299.8118888510504,12.608403917479018,1.0
1756,293.5373048863841,12.586498641246443,1.0
1757,286.4230180684415,11.814630624640813,1.0
1758,297.62722578978673,11.57661428905205,1.0
1759,305.92107300030773,11.867870735830707,1.0
1760,293.2299770623123,11.511521024825354,1.0
1761,298.6939655351548,11.4835538616292,1.0
1762,302.780829528111,11.47855278711377,1.0
1763,299.7816884980941,11.442708809361477,1.0
1764,295.91117489603334,10.83915676241214,1.0
1765,304.8262878808117,10.116469655454921,1.0
1766,308.6920351952225,9.425407512324059,1.0
1767,318.9248495986885,9.534344492513132,1.0
1768,319.3915887315192,10.143294341877732,1.0
1769,321.7634739196165,10.45796927700952,-1.0
1770,335.2883653153894,11.867701975727218,-1.0
1771,335.158276713022,13.422604975702082,-1.0
1772,291.2199725381401,13.845561843601153,1.0
1773,290.31749550279164,14.213458292502356,1.0
1774,285.1743557398651,14.798209616577545,1.0
1775,287.8189959623667,15.223273263627327,1.0
1776,291.99561849539623,15.280831177239923,1.0
1777,290.71389561488115,15.056226797813613,1.0
1778,284.8988913806828,15.588759377070389,1.0
1779,314.2827589401492,15.778663607614344,0.0
1780,321.6194225416027,16.076210098989733,0.0
1781,310.63630573821695,16.05288620750596,0.0
1782,322.8845503915635,16.493098568566193,0.0
1783,318.97454500822806,16.63539173583128,0.0
1784,317.77333949166405,16.550169870323863,0.0
1785,318.9623988168949,16.68106299402621,0.0
1786,318.7917341864751,16.81325692183218,0.0
1787,323.068057195137,16.95613833285446,-1.0
1788,332.5864374503849,17.584343177425712,-1.0
1789,333.6019392025427,18.166117184868494,-1.0
1790,327.7127332199763,17.712675875458366,-1.0
1791,323.5173356906469,17.052889286124326,-1.0
1792,330.2069610310937,16.9818985293849,-1.0
1793,326.74540353804394,16.44782185573611,-1.0
1794,332.16440072153506,15.422938768538193,
1795,318.07502096220225,13.873000421296425,
1796,306.8839567020132,12.761314231452095,
1797,304.14121011296555,11.502308628415056,
1798,303.6676373342667,9.044374309362336,
1799,301.70451818818907,9.8842247401457,
1800,308.03096408717045,10.206104111225413,
1801,315.25736762341216,10.057872138130461,
1802,314.22611035941856,10.07895177763276,
1803,303.32249813320874,10.656200293300898,
1804,299.61547546557176,11.424328714313992,
1805,294.86402870338384,12.444410545317593,
1806,298.2929685884564,13.025109208919288,
1807,303.83662368834325,13.098812561913407,
1808,298.80660988568656,12.738472157130674,
1809,299.447851233157,11.990468083229283,
1810,300.08175889051,11.487244897662475,
1811,294.57218657232846,11.404196321986742,
1812,306.15613392977417,10.099037296727793,
1813,305.2524556622289,8.903496143382343,
