index,GNRC RLI,Standard_dev,label
0,62.13737316717236,1.7310840380362578,1.0
1,65.01233686212312,1.7310840380362578,1.0
2,64.50403872738053,1.7310840380362578,1.0
3,65.53752829792258,1.7310840380362578,1.0
4,66.34469927249013,1.7310840380362578,1.0
5,66.53535915307293,1.7310840380362578,1.0
6,66.28497925742472,1.7310840380362578,1.0
7,68.56388841383212,1.7310840380362578,0.0
8,68.87899347543592,1.7310840380362578,0.0
9,67.62779031584272,1.7310840380362578,1.0
10,68.04914024728843,1.7310840380362578,1.0
11,68.00599352231512,1.7310840380362578,1.0
12,68.17018634169764,1.7310840380362578,0.0
13,68.64998841590443,1.7310840380362578,0.0
14,68.86513419822438,1.7310840380362578,0.0
15,67.59719679267,1.7310840380362578,1.0
16,68.34658474162417,1.7310840380362578,0.0
17,68.3039158902339,1.7310840380362578,0.0
18,67.077789883091,1.7310840380362578,1.0
19,67.02597184135891,1.7310840380362578,1.0
20,67.8833432914288,1.2885729567678155,1.0
21,68.33770972718034,1.1791590644023409,1.0
22,68.78212677708993,0.9711188007373129,1.0
23,68.81850817881651,0.8482180707317706,1.0
24,69.71902249434518,0.8565599828291449,-1.0
25,70.17671517532673,0.8978143688036612,-1.0
26,70.67049089224052,0.9256242410669304,-1.0
27,68.8976341222644,0.9302599669480855,-1.0
28,68.91277087415648,0.931025643552579,-1.0
29,68.7712793562293,0.9097774646267635,-1.0
30,69.03335614356638,0.9077007126475122,-1.0
31,68.7389813392839,0.8970932161023406,-1.0
32,67.69899061033588,0.9160388900753472,-1.0
33,68.90772771528094,0.9183614694196558,-1.0
34,68.75382517877414,0.9171869545479732,-1.0
35,67.94094949523054,0.9000183312759298,-1.0
36,67.50862686078622,0.9332805094175118,-1.0
37,67.49606760950776,0.9636650139667166,-1.0
38,66.4556744636929,1.0222073516961843,1.0
39,66.87045200892717,1.0347373645100963,-1.0
40,67.11776407558364,1.0729350771017372,-1.0
41,67.09117673494589,1.1169643154778781,-1.0
42,67.04788698215026,1.153922133040728,-1.0
43,65.20969554811863,1.3407723892244157,1.0
44,66.45624821500552,1.3384328619954808,1.0
45,68.73330331315502,1.2501988660126384,1.0
46,68.95700915823998,1.1013247904751262,1.0
47,69.81816778831138,1.1656500879000666,-1.0
48,70.27426015799438,1.2649140607851153,-1.0
49,70.81625535212208,1.4096698444310845,-1.0
50,70.95445351653235,1.539902221415168,-1.0
51,69.93133841624376,1.5865892160120658,1.0
52,67.99445907148817,1.5830306530895708,1.0
53,70.03065437685237,1.6280994284366843,1.0
54,70.83802306928031,1.7243574637850885,1.0
55,69.9375516301136,1.755294735091478,1.0
56,69.54593939896093,1.7552578926300704,1.0
57,70.25111497881925,1.7738210887877082,1.0
58,70.91240995708019,1.7546826250809098,1.0
59,68.86424450471843,1.6862543459428445,1.0
60,70.04663062708246,1.6370754852912297,1.0
61,69.5914351566609,1.5624900813128624,1.0
62,70.51353139501586,1.4887841635448182,1.0
63,70.01182323549065,1.0995347610525659,1.0
64,69.50619013845873,0.7905707124442536,1.0
65,70.48522121402934,0.7534283773016717,1.0
66,69.9660026012832,0.7152633002737759,1.0
67,73.54925114284764,1.063272253476608,-1.0
68,70.32630928556725,1.0635245676620149,1.0
69,69.16421624636104,1.077503317330622,1.0
70,69.70843367965148,1.0626999425010952,1.0
71,72.23772498714023,1.1680634047244778,1.0
72,71.10889975323151,1.0652738398220143,1.0
73,70.86446314304719,1.0692596105235332,1.0
74,70.94017221554893,1.0718462855091346,1.0
75,70.7130304239752,1.0691517059720812,1.0
76,71.61484961233921,1.0806313449418101,1.0
77,71.83225606364793,1.1172342825473356,1.0
78,72.02760527240878,1.1607414804795348,1.0
79,71.54988661330384,1.0964036848360286,1.0
80,73.08290772981766,1.1942090848497224,1.0
81,75.36613055455915,1.5079537238381282,0.0
82,76.04599737436877,1.8406500814084072,0.0
83,76.30739234185512,2.0928787056502016,0.0
84,76.77269699169277,2.2914060593038132,0.0
85,76.97441203596392,2.489216241855575,0.0
86,76.80672869387271,2.5895572625653878,0.0
87,77.34582908743558,2.775984184621563,-1.0
88,77.43840784688182,2.864258937337404,-1.0
89,76.66492055927635,2.7706535076784333,-1.0
90,75.8559636457581,2.6339636528937143,-1.0
91,76.95090601895392,2.6712739190696935,-1.0
92,76.6469415016549,2.6079231296163132,-1.0
93,76.81209225748809,2.497498344994997,-1.0
94,76.81288444164308,2.349851570102681,-1.0
95,76.97667938547299,2.1301487606726055,-1.0
96,76.07661013603101,1.9263676477879728,-1.0
97,75.89084748999146,1.6954954463574208,-1.0
98,75.38518658067025,1.4361690929902795,-1.0
99,76.34506249643836,0.9599707635751076,-1.0
100,75.7834730340615,0.6031036151451767,-1.0
101,75.61840432658732,0.5811967570819073,-1.0
102,75.26415140950053,0.6353799019969594,1.0
103,76.26002432462039,0.635974408901361,-1.0
104,76.03720351029973,0.6366298288990964,-1.0
105,74.17241268864203,0.7922440704381389,-1.0
106,72.93215754609732,1.0743163249870562,-1.0
107,71.82982801100019,1.3895728290253013,-1.0
108,70.56877400984564,1.7597877703470146,-1.0
109,70.92878621649072,2.0012384092634443,-1.0
110,71.32761810299324,2.1673202827702456,-1.0
111,70.84379819813081,2.2942565985517147,-1.0
112,68.72485155979047,2.5915290136202356,-1.0
113,68.67722554643377,2.7952429886457675,-1.0
114,66.76452164908018,3.1143510892023802,-1.0
115,65.45526555663035,3.4499339528389585,-1.0
116,64.27450578149563,3.837541154026866,-1.0
117,62.84772957382483,4.254716015146732,-1.0
118,61.91960695252864,4.654527538764102,-1.0
119,60.772858999078124,4.974646739149217,-1.0
120,60.32761015333924,5.231020837631287,-1.0
121,60.20874856215119,5.380599670452081,-1.0
122,58.8487599681574,5.54508622645096,-1.0
123,57.90755909997764,5.570028844707009,0.0
124,57.06624459790493,5.523675826221871,0.0
125,55.78637061863046,5.590007065302941,0.0
126,54.910403735253176,5.67902791966959,0.0
127,51.55633924608111,6.007650659792904,0.0
128,52.13966902268976,6.193816261367438,0.0
129,52.16265880861033,6.2017123456498355,0.0
130,51.72763293680829,6.051604409218303,0.0
131,50.927830575012585,5.833300847746686,0.0
132,50.21330744290768,5.701270584795589,0.0
133,50.22248005937757,5.406322604417031,0.0
134,51.30146634093591,5.07755692400235,0.0
135,51.16242767189824,4.750365658156352,0.0
136,51.27509819636522,4.408909749497001,0.0
137,51.99867515104857,4.068045637535963,0.0
138,52.30125498149423,3.7129359694964323,0.0
139,53.21145653471208,3.3713480421467645,0.0
140,53.292612171249104,2.9965203046664044,0.0
141,52.847168915889846,2.534012368912125,-1.0
142,53.16018585422018,2.136052837955484,-1.0
143,52.65741381435628,1.759356377109913,-1.0
144,51.57231107988367,1.4005383435284267,-1.0
145,49.98460725622342,1.2113309590916959,0.0
146,50.75242849824262,1.0138243469408064,-1.0
147,50.02267364893236,1.0827781286042057,0.0
148,49.696574240937736,1.15933603595803,0.0
149,48.96867595714967,1.2804632954671802,1.0
150,49.67364764636025,1.3311965792303957,0.0
151,49.25514996016645,1.4038644264287528,1.0
152,49.115848429298765,1.463746869073957,1.0
153,49.495319878697146,1.4959840155492428,0.0
154,49.75911701361154,1.5238542072733314,0.0
155,50.78486685116407,1.524206857127001,1.0
156,50.82074596317105,1.5231392144345128,1.0
157,50.53034750644487,1.5061651108089906,1.0
158,50.295390339701534,1.4740459921880298,1.0
159,50.09795536127862,1.3658284151968745,1.0
160,50.57778578571136,1.2147917052806374,1.0
161,50.81277441223054,1.086622583476846,-1.0
162,51.08279651721973,0.8906844670530012,-1.0
163,49.76985564287432,0.7021482101081885,1.0
164,49.50959348936727,0.6306157356349228,1.0
165,48.78164621103298,0.6916295640698257,1.0
166,49.48972524129714,0.6758362263977422,1.0
167,48.78684319299221,0.7215786171061161,1.0
168,49.07006837053401,0.7425792114679857,1.0
169,50.11559340708836,0.7160565889876941,1.0
170,50.33996500544496,0.7208837565663693,1.0
171,51.50858452124952,0.7840810054976236,1.0
172,50.92532042157127,0.7765269581298685,1.0
173,50.954653683952,0.7825165263921651,1.0
174,51.98121775010719,0.8694448913140576,1.0
175,53.18531194356744,1.0786929386957578,1.0
176,55.16103190986038,1.5110185863928276,0.0
177,54.443327310422745,1.732035946703539,0.0
178,54.80444642051562,1.9380178298010695,0.0
179,54.20399949789961,2.044209646755145,0.0
180,53.57890209962809,2.0997146179278707,1.0
181,53.73433470897228,2.155739050418611,1.0
182,53.880977472074,2.2124188848726276,0.0
183,54.16050772800068,2.2274239820742183,0.0
184,55.03538534946779,2.2538434649024555,0.0
185,54.94870838098497,2.1812302693831365,0.0
186,55.13512062118331,2.1338344240116682,0.0
187,54.58961403102857,1.946007245168466,0.0
188,54.39589474566024,1.7183543635238094,1.0
189,55.06877183946248,1.5782589355520154,0.0
190,54.5004388317973,1.3884789063389094,1.0
191,55.31216392418406,1.3152453191769584,0.0
192,54.95879444530247,1.1125993624983492,1.0
193,55.25422110825688,0.832245447554314,1.0
194,55.49527470931487,0.6396803740542752,1.0
195,55.59271892302308,0.5851574436311369,1.0
196,55.13571212767299,0.5841630428728606,1.0
197,56.41956033130603,0.6933555677809202,1.0
198,57.03836068668401,0.8537502274349252,0.0
199,56.96616289030811,0.9495330753429851,0.0
200,56.589681269644814,0.9409735484861318,0.0
201,56.933734921226566,0.9487135479679926,0.0
202,56.8437290813499,0.9350876023068762,0.0
203,57.15433355016229,0.945785177157619,0.0
204,57.25940952231058,0.9968077229833029,0.0
205,56.97638599999254,1.0108658822113703,0.0
206,56.75777050158042,1.0129652687634312,0.0
207,56.58224680886896,0.9678533759969886,-1.0
208,56.00351567440954,0.8854704183264887,1.0
209,55.860874069164,0.8520163257525392,1.0
210,56.73681577608052,0.7617122767771133,-1.0
211,56.48559455082823,0.7265189912275026,1.0
212,56.57466667699975,0.649128255167163,1.0
213,56.45161536380648,0.5869201257584613,1.0
214,56.35794692217755,0.5395300729427459,1.0
215,57.05341043774966,0.5027237713902821,-1.0
216,57.21877799787083,0.382915984950858,-1.0
217,57.57377485403317,0.42137333094184215,-1.0
218,57.64778954172854,0.4618233231788736,-1.0
219,57.473786144477856,0.48473514759286385,-1.0
220,56.70003135394093,0.4825171276923276,1.0
221,57.123707942211006,0.4864724725947392,-1.0
222,56.63920338686411,0.4885751427247296,1.0
223,57.43263768863905,0.5020292492269577,-1.0
224,56.65430027910845,0.49394012040214746,-1.0
225,55.65776030252575,0.5554713215172219,-1.0
226,55.50109833700347,0.6216032844816661,-1.0
227,54.79469327921581,0.7521771584669884,1.0
228,53.71375790083217,0.9853882212603453,1.0
229,53.74284982383241,1.154949234966918,1.0
230,53.68479353501681,1.2976750208024492,1.0
231,54.726645530817365,1.3379988724048835,1.0
232,55.09560644628908,1.3532741640462629,0.0
233,55.92851774094291,1.3504038995910401,0.0
234,56.688448397400855,1.3565584293306145,-1.0
235,55.82509270922999,1.3365197192029092,-1.0
236,55.36110800574882,1.3110221104961033,-1.0
237,55.68920645787144,1.2505924901328165,-1.0
238,55.92647127535904,1.173907567960868,-1.0
239,55.50440605296157,1.0990900363351899,-1.0
240,55.66356617336481,1.0694980362214683,-1.0
241,54.774419861423866,1.0173453492806177,1.0
242,54.266889667918086,1.0096919450215112,1.0
243,55.54438527546296,0.8832587056329971,1.0
244,55.0049612012608,0.8186163352320155,1.0
245,56.1473890504414,0.8414543566955097,-1.0
246,56.67974223718423,0.9041243363499221,-1.0
247,56.28710909257268,0.926898590145836,-1.0
248,57.034905256893296,0.922841699395185,-1.0
249,56.92443471983681,0.8811221427953478,-1.0
250,56.6101760338127,0.7764264358043295,-1.0
251,56.21217683304477,0.7401422984544006,-1.0
252,56.00779324532623,0.7184475059644063,-1.0
253,56.03744697427663,0.7190553082592043,-1.0
254,47.84607235293649,1.9239023930523418,-1.0
255,45.53750589692605,2.933557961923613,1.0
256,45.86781673552474,3.5642782920564886,1.0
257,45.94897320918524,4.025693014348259,1.0
258,45.02609619683832,4.463935377687208,1.0
259,43.564258875130605,4.946548825043726,1.0
260,43.66604554700743,5.3020043187504315,1.0
261,44.99462801257076,5.5040086160827135,1.0
262,44.77847070745909,5.682624545161086,1.0
263,45.52265865616431,5.729026320640616,1.0
264,45.29297252564375,5.763998819854145,1.0
265,45.49113153101368,5.686971393819327,1.0
266,45.53733908257247,5.517326380969328,1.0
267,46.68435121883475,5.281786908186299,1.0
268,47.66381714831975,4.90868616190528,1.0
269,50.56594579544334,4.507544797521995,1.0
270,54.31110511644941,4.2993805181996105,1.0
271,55.58802393968929,4.237133118051038,1.0
272,56.39831863393087,4.2776707256290125,1.0
273,59.02092445618144,4.61794592181126,1.0
274,60.28572145267549,5.376478134354827,1.0
275,62.05415951872136,6.102797983608666,1.0
276,63.34088105155292,6.781499791518179,1.0
277,65.23234358698137,7.468341971116852,1.0
278,67.91896898888508,8.184117909285364,1.0
279,70.36649390915863,8.830742378991314,0.0
280,69.42703847495339,9.157384589052477,0.0
281,71.99971862514903,9.581868407156222,0.0
282,72.70721229609968,9.834813464187924,0.0
283,74.24895809035193,10.047309201915514,0.0
284,74.86778089657567,10.068083976421901,0.0
285,76.68956690867914,10.006717377139982,0.0
286,79.09854129318833,9.870483835801654,0.0
287,80.5501289254879,9.660050673165106,0.0
288,81.53102869514518,9.309361079090351,0.0
289,79.46025236104845,8.802310815881507,0.0
290,79.90301965000786,8.445007949725476,0.0
291,80.12331919872003,8.00668091323566,0.0
292,79.35772884683,7.385343918442425,0.0
293,81.13725127786495,6.916036372939138,0.0
294,81.122995213794,6.36585284682034,0.0
295,81.07568956686966,5.7949338081089135,0.0
296,81.71610197149067,5.189387940879078,0.0
297,81.85406481438287,4.599734309516875,0.0
298,81.6418116859887,4.133201409780419,0.0
299,82.80842890268529,3.8599790069363094,-1.0
300,81.53311349674861,3.252884071515747,-1.0
301,80.60968224271878,2.790717862845764,-1.0
302,81.01520038186312,2.2824811458619796,-1.0
303,81.04887970625383,1.8419673868670368,-1.0
304,80.06788408208082,1.3191236412409146,-1.0
305,79.91979405772807,0.9624472310613194,-1.0
306,78.23441935166068,1.0566322709822737,-1.0
307,78.46914975016256,1.172011002011985,-1.0
308,77.52043632275608,1.3409312291608593,1.0
309,78.78541356009518,1.3747079231370951,-1.0
310,79.09530114709712,1.401592188108443,-1.0
311,78.61830086737342,1.454203791642776,-1.0
312,77.64227709827351,1.5584194575646086,1.0
313,76.39684326855416,1.755697700820289,1.0
314,77.50900183158332,1.8145617170833435,1.0
315,77.24736465031327,1.8715044693477263,1.0
316,77.27152719414775,1.869221267514261,1.0
317,77.29358028926424,1.8272231609488616,1.0
318,79.10419579083312,1.7295911260841068,1.0
319,79.92680966156306,1.501453021479118,1.0
320,81.18105267325838,1.4702713383323758,0.0
321,80.80929808235551,1.4834790099814936,0.0
322,79.46183441775763,1.403068755618507,1.0
323,79.72354086550237,1.319060882758295,1.0
324,80.24579811838602,1.3292333855567382,1.0
325,80.48574459381605,1.3616849815545213,1.0
326,81.50023663598685,1.4865552743629264,0.0
327,81.41518742685798,1.5829503521974186,0.0
328,80.5840768930247,1.5741635341827052,0.0
329,79.72342899394263,1.574668436016167,1.0
330,81.75715713890041,1.669494157225785,0.0
331,82.08540772117362,1.76205540789873,0.0
332,82.27802143990914,1.799871697834702,0.0
333,81.17305243862577,1.633761587477955,1.0
334,81.90522236885458,1.5699738215661336,0.0
335,81.73209560767498,1.431401734541702,1.0
336,81.52417111192364,1.2311034833375527,1.0
337,81.68313016029883,0.952439711269142,1.0
338,82.57844003776549,0.9211084785209392,-1.0
339,82.29091118980917,0.9158349354945398,1.0
340,81.6537781216622,0.9212173449621569,1.0
341,82.0507036333963,0.9330873734147042,1.0
342,81.43562122890093,0.8276905624089871,1.0
343,82.70111080539156,0.7782345411476043,-1.0
344,81.80771028832979,0.7175084108185548,1.0
345,81.20927004593878,0.674343918526705,1.0
346,81.13266138859629,0.683711654373291,1.0
347,81.09039007544614,0.6930279042151322,1.0
348,81.25828418277294,0.655369927065995,1.0
349,81.3214469140838,0.4822096301306103,1.0
350,82.28815934112018,0.4979463439180834,1.0
351,82.55146918360467,0.5241912308378182,1.0
352,82.29621157300224,0.5251097907892759,1.0
353,84.05898199183585,0.7116997488161075,-1.0
354,83.45301881292865,0.7889927590695617,-1.0
355,84.23896316723695,0.9297756886706016,-1.0
356,83.38749886452109,0.9586530110015293,-1.0
357,81.79459247943794,0.9556601259793703,-1.0
358,81.2155431090467,0.9778378759291193,-1.0
359,81.67042565171687,0.9833541020021158,-1.0
360,81.29974411479101,0.9955044180941987,-1.0
361,81.89218925606171,0.9966575912734091,-1.0
362,81.53746456715406,0.9933112387632278,-1.0
363,80.66336991972915,1.0332226253882466,1.0
364,81.98354623851358,1.0321728984358203,-1.0
365,82.44904777896633,1.0182343220986867,-1.0
366,80.67894254725591,1.045130793371846,-1.0
367,80.66243034391582,1.0700354907521044,-1.0
368,78.50593869154673,1.3224205303588419,-1.0
369,78.24984290607503,1.5513769906293768,-1.0
370,77.64537245119801,1.79402941805182,-1.0
371,78.16487550708392,1.9236827884422507,-1.0
372,78.71368787370342,1.9909128914278775,-1.0
373,77.35189658887364,2.0330487983055097,-1.0
374,76.14467537815443,2.1785154543952907,-1.0
375,77.0873158126045,2.1030106558681565,-1.0
376,76.967479978584,2.057026398515346,-1.0
377,76.61157655098987,2.109567922497319,-1.0
378,70.76253631263337,2.8280984918945538,-1.0
379,71.54678180048178,3.1977794801119854,-1.0
380,72.79060906751268,3.3600462628422565,-1.0
381,74.51628240292459,3.3172385468125483,-1.0
382,74.4297661195255,3.2592608956161166,-1.0
383,73.79696957710668,3.247538447096909,-1.0
384,72.19997728695485,3.1861717242571945,-1.0
385,71.62737579416503,3.0313667158514135,-1.0
386,70.92094424605753,3.0107667758944743,-1.0
387,70.02635539865545,2.977961334252772,-1.0
388,69.74359990395642,3.063334622163741,-1.0
389,69.42330368954089,3.1245446169299447,-1.0
390,68.60956964572166,3.2249393786668517,-1.0
391,67.92534857940741,3.2698598893309456,-1.0
392,67.43307688787614,3.2157401093795377,-1.0
393,66.50588393506177,3.2678152943521703,-1.0
394,65.26806690481895,3.4344012842644207,-1.0
395,64.89199082368697,3.455846352891443,-1.0
396,63.87524940853955,3.4660409916225015,-1.0
397,63.22702313111933,3.4438876990582017,-1.0
398,62.644907063962776,3.7491144503309184,-1.0
399,61.569773015758514,4.0536294339459005,-1.0
400,61.71670794107226,4.200612109879821,-1.0
401,61.27617343298507,4.165692348912626,-1.0
402,60.47066266182563,4.086709248864867,-1.0
403,60.52264347388587,3.9415508409100437,-1.0
404,59.28148405308015,3.929498527069445,-1.0
405,57.95693395068129,3.9685053142537816,-1.0
406,57.70876888272253,3.9718898936854616,-1.0
407,58.189563856088206,3.9086460599544144,-1.0
408,58.38649561100041,3.7626344565651713,-1.0
409,56.8670245607369,3.6530411858400145,-1.0
410,55.869129407896,3.5898097169566343,-1.0
411,55.26188958433362,3.5278461722785934,-1.0
412,54.96181180218714,3.4214823942580432,-1.0
413,55.76312971983727,3.2380136979074483,-1.0
414,54.9424379827941,3.1395198372055706,-1.0
415,54.884902362059655,2.990107459218373,-1.0
416,55.02872697369185,2.8458095901335905,-1.0
417,55.10152774585368,2.684833637040707,-1.0
418,54.65323123476263,2.53518129888537,-1.0
419,53.44108448752807,2.503255077714901,-1.0
420,53.282031784334215,2.3952250482383333,-1.0
421,52.13050318048225,2.3466014550733942,-1.0
422,51.666583245294966,2.3360080555264746,-1.0
423,51.40912628336371,2.252648933748367,-1.0
424,50.90619390652311,2.259701672335143,-1.0
425,50.39932092792392,2.3551160814527443,-1.0
426,49.70488293371758,2.466211907684645,-1.0
427,49.01175446242637,2.5266544098285286,-1.0
428,47.57909674115458,2.6218030970657105,-1.0
429,47.85586993909726,2.720608227056291,-1.0
430,45.96303901945304,2.999331654149402,-1.0
431,45.10512997897274,3.298118740624035,-1.0
432,45.20701480096002,3.5036170722806834,-1.0
433,42.67860802549349,3.814857498584711,-1.0
434,42.209695973492565,4.09497981772707,-1.0
435,41.40805636253382,4.335199580324179,-1.0
436,40.32197275612558,4.543396044536652,-1.0
437,39.52874720290925,4.685016501718716,0.0
438,38.51172070899379,4.816820815513887,0.0
439,37.94868926579965,4.9559606947155475,0.0
440,37.56346234039943,5.010032890065653,0.0
441,39.22809635587916,4.921640064275698,-1.0
442,39.812680285286376,4.750626479504749,-1.0
443,39.4237470369755,4.5334163343606795,-1.0
444,40.82365046123738,4.218284004485855,-1.0
445,39.29489558114455,3.914975647385201,-1.0
446,39.22039864527618,3.5814140126142204,-1.0
447,39.31965641669721,3.209879235674063,-1.0
448,39.21066195334341,2.899310085976644,-1.0
449,38.22424386698343,2.4750312184775183,-1.0
450,36.23083479071683,2.3057396722121015,-1.0
451,35.11941093551157,2.2367091414133293,-1.0
452,35.08728256432387,2.0279330978025207,-1.0
453,34.363273322924755,2.0978381281426683,-1.0
454,33.02487801100935,2.2738027267964913,-1.0
455,33.04576262849467,2.414130952725399,-1.0
456,33.24653329021966,2.5351295273606236,-1.0
457,32.51506702952544,2.706157923306251,-1.0
458,32.649835415776,2.854131428116746,-1.0
459,32.32992507390102,3.0043417267789185,-1.0
460,32.347651194003404,3.129717853349821,-1.0
461,31.792798570627824,3.195250802801864,-1.0
462,31.93443735057289,3.167050123349653,-1.0
463,31.87663500349908,3.1192013460971606,-1.0
464,31.96739996029493,2.8808555108500684,-1.0
465,32.20510912856018,2.709007872624335,-1.0
466,31.177352666025303,2.5288859524910094,-1.0
467,31.30631810744409,2.2406343920867027,-1.0
468,31.11247048048068,1.8484553184983932,-1.0
469,30.541478183104157,1.4852908719179116,-1.0
470,29.146391169505897,1.4414653048406343,-1.0
471,28.80318581396116,1.4914053222636026,-1.0
472,29.155190953716584,1.4390183018005942,-1.0
473,26.414426228597595,1.7390308907901777,1.0
474,27.68177216150292,1.8703508523577541,1.0
475,28.2177802118786,1.9120055313493052,1.0
476,31.229933970421204,1.828726534366928,1.0
477,32.99216316347861,1.856275368907918,1.0
478,33.593856545831215,1.9182517905303218,1.0
479,35.38278334569125,2.154094992287254,1.0
480,35.993731575559224,2.417344697648776,1.0
481,36.56857231916756,2.7053712106213066,1.0
482,37.40757837358445,3.0240424695715253,1.0
483,39.02857848277284,3.4469506579324927,1.0
484,41.31480612544487,4.027620826604465,1.0
485,42.745345253693415,4.635696399620275,1.0
486,43.68702115441781,5.189071333812645,1.0
487,44.90049907911929,5.7324715267418975,1.0
488,46.522593920518695,6.290545381597739,1.0
489,48.35081830934541,6.85178056357919,0.0
490,49.43207723162317,7.278717824944057,0.0
491,49.31530603942731,7.508734254876718,0.0
492,50.25484194671116,7.681381967267603,0.0
493,50.6655758535245,7.493306779809757,0.0
494,50.81613031420292,7.229709601445706,0.0
495,51.60454043039186,6.863855708734297,0.0
496,51.95416562823674,6.61849721163301,0.0
497,51.97002644042515,6.369338893040186,0.0
498,52.27471516705037,6.035142388720723,0.0
499,52.37739315050294,5.722592140654042,0.0
500,52.352424840167,5.317835447966169,0.0
501,52.96903104345405,4.838786820413688,0.0
502,53.64322386948943,4.300684477639631,0.0
503,53.65059010315085,3.759320600216371,0.0
504,53.845321693042166,3.3367744817902554,0.0
505,56.188735581728494,3.109430093929427,0.0
506,54.36003252439653,2.7072910065217024,0.0
507,54.205076922357264,2.3063850239574686,0.0
508,53.87531290261301,1.9770822402832149,0.0
509,54.46089247926734,1.8156143050992486,0.0
510,55.097343273531365,1.7507876864989893,0.0
511,55.40071653259196,1.6396650392096734,0.0
512,55.05290622897639,1.5503080275443224,0.0
513,55.3829578570711,1.4795269822497505,0.0
514,55.00884144021246,1.3604244837912316,0.0
515,55.35492059666903,1.3014360056591767,0.0
516,54.99407362542697,1.2289614279212382,0.0
517,54.86406412286438,1.1283516855968954,-1.0
518,54.608346395575566,1.02754345012472,-1.0
519,54.82492596939818,0.9155528055263084,-1.0
520,54.88795319700283,0.7646139136258665,-1.0
521,55.0782388123755,0.6614116223774962,-1.0
522,55.14269230869355,0.6139172042866271,-1.0
523,55.02291279314514,0.5504261402736501,1.0
524,54.97139929732974,0.4933487061628916,1.0
525,54.7971407709435,0.39644805949652284,1.0
526,54.42485313809328,0.39230687520247204,1.0
527,54.62119595776983,0.3651243251901548,1.0
528,55.13255101753422,0.27854844989726946,-1.0
529,54.87371940504964,0.25411812357900926,1.0
530,54.685449791768754,0.26047050510296826,1.0
531,55.028911560328005,0.23952263084764078,1.0
532,55.97593819129851,0.3333832286691969,-1.0
533,55.31150827183548,0.32924075109427425,-1.0
534,54.51733782909331,0.3449797311094604,-1.0
535,54.01906986624388,0.390036129277053,-1.0
536,54.18795808010376,0.4191813848860113,-1.0
537,53.08285291082914,0.5757502108637241,-1.0
538,52.99074819791576,0.6986409265545028,-1.0
539,52.75773922084071,0.8185231565884805,1.0
540,52.66672302791344,0.9184876085298815,1.0
541,52.25276751341509,1.0296752615243439,1.0
542,52.36532840693015,1.098330079860211,1.0
543,52.255531024373504,1.1597240529367654,1.0
544,51.604853445821625,1.2584442995172909,1.0
545,52.77617103183237,1.261856809606127,1.0
546,53.25529750023785,1.257323976483326,0.0
547,52.82057979127939,1.2537143703475964,1.0
548,52.37407824474784,1.2310172928165846,1.0
549,52.34387452512826,1.2111811299982067,1.0
550,53.05907340450885,1.1717181777964925,1.0
551,53.1452859434133,1.0972772364645984,1.0
552,54.40251204189758,0.9306311779614637,-1.0
553,55.08194946260147,0.903049765404335,-1.0
554,54.74842289578747,0.9234144518815047,-1.0
555,53.6059821205335,0.9064641996347779,-1.0
556,53.02924257258367,0.8687661364649697,-1.0
557,53.025721439914015,0.8686804178517324,-1.0
558,53.09368418000278,0.868752440424668,-1.0
559,53.086102050100685,0.8663713582490821,-1.0
560,52.76999859879823,0.864274078122147,-1.0
561,52.67564146008315,0.8486512097076722,-1.0
562,52.850849814168,0.8340722265606153,-1.0
563,52.85154651055433,0.8126760054272427,-1.0
564,52.53280845653507,0.7446593623247614,-1.0
565,52.32986053815334,0.7637289620306312,1.0
566,51.45345813597218,0.8523052132960516,1.0
567,51.59248329665903,0.9128566748295144,1.0
568,52.2334503344407,0.9184772799934852,1.0
569,52.79783132665821,0.9070621939036017,-1.0
570,51.30356650382541,0.9845387957550789,1.0
571,55.64233221293596,1.156515997782402,-1.0
572,56.09058986535626,1.3112536388597056,-1.0
573,56.018354534819,1.3980939983473495,-1.0
574,55.85254353306161,1.4822757726504445,-1.0
575,55.699711796605406,1.5800598672966186,-1.0
576,55.57273216815285,1.6538192099457316,-1.0
577,54.54986651283591,1.6671540834973044,-1.0
578,52.01538216666259,1.699799739700157,0.0
579,51.9398941799948,1.7333375363383516,0.0
580,52.4460129810794,1.7414105493579661,0.0
581,50.849646903401904,1.8283234773830335,0.0
582,51.77812508092869,1.8586387328025924,0.0
583,51.45313813597936,1.9013199145672792,0.0
584,51.599212433810834,1.930002700599298,0.0
585,52.70546174919481,1.9233062873757456,0.0
586,53.28768812659798,1.8799020511686744,0.0
587,53.12289587749939,1.838660598214088,0.0
588,52.12629605866815,1.8422316532432288,0.0
589,52.01391062918027,1.862657856253489,0.0
590,51.09621866597515,1.8749111422055367,0.0
591,51.53680057209291,1.828324725017021,0.0
592,52.09750052046925,1.696416602534517,0.0
593,51.78683066680596,1.5423411880305173,0.0
594,51.13671657664417,1.3835343346399334,1.0
595,51.40632739778091,1.1674602913315868,1.0
596,52.205955390737145,0.8623576839297146,1.0
597,53.14346149141676,0.6881945590562539,-1.0
598,53.45976986653804,0.7630091482178435,-1.0
599,53.56879516226616,0.833261605009435,-1.0
600,52.8710789889753,0.8467612915969727,-1.0
601,53.5784585284015,0.8439650000418839,-1.0
602,53.48666500096608,0.8744158649986544,-1.0
603,53.43883327289352,0.8758709152284805,-1.0
604,53.09064282454108,0.8599710678410852,-1.0
605,52.76012872159034,0.8605510615569086,-1.0
606,53.04423040984952,0.8514002250315146,-1.0
607,53.42991752290517,0.8649603297240743,-1.0
608,53.35292001877501,0.8757171529121225,-1.0
609,52.51595882285865,0.8643929441845803,-1.0
610,51.82323644741714,0.809115100192097,-1.0
611,50.72290287019113,0.886738709351064,1.0
612,51.758353756218256,0.9009097621763631,-1.0
613,51.30317665107916,0.930705707075815,0.0
614,52.34387914636483,0.8674770789815603,-1.0
615,52.03636938037887,0.8299838180377141,-1.0
616,50.61356101558461,0.947588582608001,0.0
617,51.2929683428013,0.98316548896929,0.0
618,51.69885398472642,0.9738128744566381,0.0
619,51.584389068642174,0.9532551109498865,0.0
620,50.686095848798175,1.0122453691698363,1.0
621,50.321578421499495,1.0450136425512178,1.0
622,50.82361294772642,1.0238106389754293,1.0
623,50.94296024547171,0.9817321422894244,1.0
624,51.09246128935023,0.945251245544181,1.0
625,51.27211008404203,0.9161406974613159,1.0
626,51.80860584599206,0.8556263392096314,1.0
627,51.38402281626037,0.7355890715762243,1.0
628,51.26260668840932,0.5873801299857142,1.0
629,51.613843985772064,0.5256930369813887,1.0
630,51.36402971133332,0.5123833163861525,1.0
631,51.352913966129925,0.4943229125826412,1.0
632,51.50267769115339,0.48583595382935013,1.0
633,51.2123447279932,0.4863768958682486,1.0
634,51.656791002526006,0.4306127712849497,1.0
635,52.03060336423604,0.43007859809353094,1.0
636,51.782043990562585,0.4144570840793834,1.0
637,52.18323827128828,0.4555575494671327,1.0
638,51.95439582613025,0.46840925526104277,1.0
639,52.1647361059536,0.4980228373758603,1.0
640,53.68998938787532,0.683338148879536,1.0
641,54.44641438497088,0.8804944276859067,-1.0
642,54.79563954381811,1.0795800001750158,-1.0
643,54.90043901303682,1.2322306109075563,-1.0
644,54.636998323621775,1.3203165123937088,-1.0
645,54.31991503451852,1.3644227334255938,-1.0
646,52.85024527326188,1.3563738341707694,-1.0
647,52.783395548242495,1.3285878952089303,-1.0
648,52.94352803092808,1.2904770958603562,-1.0
649,52.524087253501946,1.2656246570974996,-1.0
650,52.17627530904597,1.2312146156899657,-1.0
651,52.38869607519217,1.1883875987050698,-1.0
652,51.85029220711071,1.1700907176263748,-1.0
653,50.864373049852375,1.1981997990655688,-1.0
654,50.3839113004916,1.2946740431199637,0.0
655,50.303981218166285,1.4007404128641696,0.0
656,49.31514732125085,1.5823956631303548,1.0
657,49.57823202037042,1.7176644530301155,1.0
658,48.57681908816495,1.9221545373817732,1.0
659,48.78692534921595,2.074666544624023,1.0
660,50.070381571322834,2.0870342420538943,1.0
661,50.67954403705407,2.0162637430690755,1.0
662,50.92768915574405,1.8888649403680153,1.0
663,51.300254587284286,1.7156736002796336,-1.0
664,51.05790293515848,1.5331589807120514,-1.0
665,50.69895471064159,1.3457001489349827,-1.0
666,49.01335310574438,1.3419899905004056,1.0
667,49.078193480731215,1.3107860408940295,1.0
668,49.534533813441655,1.2114333385533416,1.0
669,49.87949105672943,1.1141851618365373,1.0
670,48.59368499210903,1.0882794281241095,1.0
671,49.34642597631732,0.9634942424227508,1.0
672,49.44982377993503,0.8642220864750636,1.0
673,49.07623495956302,0.8485037860835867,1.0
674,50.46463439325653,0.8517007384351593,1.0
675,51.602987409656265,0.938354407594238,1.0
676,52.13011902210292,1.0572445913645396,1.0
677,52.18195069125335,1.1589845469424278,1.0
678,54.52237559960362,1.4640248978492805,1.0
679,55.22687702528981,1.7635552832575598,1.0
680,56.85025818226585,2.2202055176504403,1.0
681,57.79205792516784,2.675503178768321,1.0
682,58.69307037510683,3.1237090133360583,1.0
683,59.158065231312136,3.5229337833800862,-1.0
684,59.75426122559632,3.8898389456982922,-1.0
685,59.56751524812175,4.152088690469286,-1.0
686,59.70655380377234,4.2850752497939455,-1.0
687,59.58990120645916,4.341613981339731,-1.0
688,59.23606618647065,4.340051940854613,-1.0
689,60.05665006118866,4.348993471191415,-1.0
690,60.44554039232575,4.213985952914039,-1.0
691,60.966773104432704,4.084798051629478,-1.0
692,61.86962703088047,3.9257806527446983,-1.0
693,63.796853941098334,3.7489044953697643,-1.0
694,63.4521203744874,3.5528919449938607,-1.0
695,63.246810071477874,3.34019864385425,-1.0
696,62.43561717930249,3.018276472703224,-1.0
697,61.76140480044538,2.528279058955234,-1.0
698,59.48204335237522,2.1934585972028144,-1.0
699,58.61173490274972,1.904846988546387,-1.0
700,57.72990201032307,1.8290750442130996,-1.0
701,56.652503802811054,1.9285726000558334,-1.0
702,54.25687836868944,2.336394621154344,-1.0
703,50.99216719037949,3.097240664044917,-1.0
704,49.92759762007465,3.787455063864873,-1.0
705,48.429994390971615,4.483695351055391,-1.0
706,46.94244061924908,5.177484464055218,-1.0
707,45.35848501973993,5.877284451662582,-1.0
708,44.8241875887813,6.477965638613437,-1.0
709,43.856159474274136,7.009086826386844,-1.0
710,42.386647886230165,7.517396343214768,-1.0
711,41.21387826455112,7.956110398596685,-1.0
712,39.94550002289615,8.297682908321702,-1.0
713,38.1908952226886,8.479406193339013,-1.0
714,36.71098774618815,8.600499404931497,-1.0
715,34.82099948403253,8.670361361342222,-1.0
716,32.14736880833794,8.794097990649167,0.0
717,32.683598391683866,8.664827655753728,0.0
718,32.307205039994834,8.529105721901594,0.0
719,30.59293819822021,8.37146057453929,0.0
720,29.66900273137748,8.120270996770769,0.0
721,28.475254003211248,7.808784701536247,0.0
722,27.92478920681528,7.5263609237040345,0.0
723,27.33442412820461,7.378540821914244,0.0
724,27.01606425908186,7.153245649135667,0.0
725,27.411857075959222,6.85234206506774,0.0
726,26.600502418884084,6.5668148668182225,0.0
727,25.91493021847036,6.304564626876693,0.0
728,22.030484095903734,6.209500652032341,0.0
729,21.555195385746494,6.036687036920316,0.0
730,23.051482312269457,5.697451338356311,0.0
731,24.194988464881447,5.230221522005796,0.0
732,24.880587102681744,4.69316706094338,-1.0
733,22.87744242734103,4.291028588351848,0.0
734,22.052886572090216,3.9466917875410235,0.0
735,21.948619214474725,3.6747649332772507,0.0
736,21.962149751639764,3.5597785837020064,0.0
737,22.227845895870423,3.2876759231804,-1.0
738,21.572625273126057,2.9799582402207507,-1.0
739,22.57399728453456,2.7100801101375134,-1.0
740,22.332838487072983,2.4684177658971125,-1.0
741,23.05169434027773,2.263039348109544,-1.0
742,23.4118776859202,2.0591159149387144,-1.0
743,20.47921640847624,1.991767686408525,-1.0
744,21.12625670168033,1.8529193907930697,-1.0
745,21.848978974286915,1.5601197694057372,-1.0
746,20.88209676305352,1.3312120626549944,-1.0
747,20.445278353537987,1.1406748285957906,-1.0
748,19.915624687015693,1.2522563224405172,-1.0
749,21.01675966623167,1.270680785396045,-1.0
750,19.118920689380943,1.4110189479525737,1.0
751,18.57084568319505,1.4871140230798914,1.0
752,17.42028421362013,1.5587587821469235,1.0
753,17.247945167179935,1.7450075066778816,1.0
754,18.34143457997117,1.8185045181095527,1.0
755,19.69054943283591,1.8118739701295108,1.0
756,17.035411273857612,1.9550421665309847,1.0
757,17.089918837419994,2.040082979577767,1.0
758,17.964644785866355,2.067799855681115,1.0
759,20.19069090046461,1.977015917191852,1.0
760,23.042972239146856,2.029463821376303,1.0
761,24.293397724384192,2.146734415407231,1.0
762,25.898449482139235,2.4128832835852494,-1.0
763,27.565436233539643,2.937648738571836,-1.0
764,27.7532892860374,3.362686572872387,-1.0
765,27.11610762073048,3.646213898154869,-1.0
766,23.186344518193323,3.677564233806339,0.0
767,24.388822424262933,3.743194483493655,0.0
768,24.519717124948684,3.792086192672443,0.0
769,24.08658784800877,3.830338985763174,0.0
770,23.0789846015794,3.7906209511106375,0.0
771,24.751545723628865,3.754628872794241,0.0
772,23.072360061221225,3.582053830390159,0.0
773,23.06309932528232,3.3611584213497436,0.0
774,21.476968953879062,3.211735647614491,1.0
775,19.960331726235005,3.1978033045322114,1.0
776,21.2415595770113,2.912041564039442,1.0
777,21.86410246131088,2.560377915464085,1.0
778,21.92372838056649,2.2501892857336454,1.0
779,22.8296575000753,2.1113764335722265,1.0
780,21.92897461557408,2.1455846195310198,1.0
781,24.70927620274054,2.1536386092051654,0.0
782,24.95691683328185,2.1134465179223554,0.0
783,23.95961878768828,1.907774151146782,0.0
784,24.883162456658997,1.662676056920168,0.0
785,24.16474273423829,1.4247700370355214,1.0
786,24.862339780397512,1.4722765917290492,0.0
787,25.58146454083702,1.5418016028677208,-1.0
788,25.886751871587062,1.6246606922936193,-1.0
789,25.416197847558763,1.6798913585131445,-1.0
790,25.673408489645126,1.7461127197983712,-1.0
791,25.39610680969853,1.7740106328868785,-1.0
792,26.446506740026308,1.8745252351528832,-1.0
793,25.49274281419621,1.9020155938134993,-1.0
794,25.06064742700693,1.825764663865452,-1.0
795,25.645474832033663,1.5700330284608515,-1.0
796,24.491064403100125,1.3834463205633125,-1.0
797,23.52975227881632,1.2570620384009399,-1.0
798,23.5023995800002,1.119426639014882,1.0
799,24.0081762851961,1.0430478892600765,-1.0
800,24.483820626013543,0.8047600417409776,-1.0
801,24.194995248195557,0.819509200242976,-1.0
802,24.68792781587618,0.8204185452369156,-1.0
803,24.68232594364357,0.7937691786168014,-1.0
804,25.017286199147662,0.7941459010928317,-1.0
805,25.316448100108488,0.7787769631890851,-1.0
806,23.05388301828478,0.8889791816168251,-1.0
807,24.255254040877556,0.8832172956494165,-1.0
808,23.662866877820008,0.8807824104361693,-1.0
809,22.825055904682515,0.9572721523065739,-1.0
810,22.492712640251064,1.0262634345554527,-1.0
811,21.56636561788619,1.1789608567455188,1.0
812,21.757303033902417,1.1793062834675831,-1.0
813,20.88079579041117,1.312611266596351,1.0
814,21.385220635997957,1.376055942096151,1.0
815,20.710789346004987,1.4261894716303085,1.0
816,22.33791842251897,1.414773377136909,-1.0
817,21.47232109420211,1.464794833314261,1.0
818,21.974369059337057,1.4832420669607889,1.0
819,21.48161809405885,1.5037412252291393,1.0
820,22.937493741837063,1.4577177108285784,-1.0
821,19.957224358008038,1.5543650026169582,1.0
822,20.12064431461223,1.570410812435477,1.0
823,20.073177900145943,1.5551073592640816,1.0
824,20.58864744047981,1.438349130195073,1.0
825,21.226530981419828,1.2052707862229568,1.0
826,21.12945443329832,1.171021169828592,1.0
827,21.31848526145644,0.9973019256986854,1.0
828,22.592711444945287,0.8986998186498163,1.0
829,22.84968594815588,0.9007102217084395,1.0
830,24.841856298923176,1.160540640298537,0.0
831,25.88147123375568,1.510196495165467,-1.0
832,25.88915819645255,1.7681126957034763,-1.0
833,26.50611385369821,2.0139720794139695,-1.0
834,25.58993639989938,2.133360987703065,0.0
835,25.852714047225103,2.2178508082858417,-1.0
836,24.4528178420368,2.2483275820956927,0.0
837,24.94139633586509,2.2712182039390654,0.0
838,25.407846914631698,2.3180756476894335,0.0
839,24.95656998849178,2.3141487878947387,0.0
840,25.141866556295227,2.3454654240939683,0.0
841,24.71970331880771,2.2082377261426984,0.0
842,24.24518496777216,2.0423346981039496,0.0
843,24.53409750761493,1.8342130918798627,0.0
844,24.14403102753473,1.63394651249035,1.0
845,24.43355182883749,1.4638115357454047,1.0
846,23.40225767494976,1.2654970926132516,1.0
847,23.33367196899531,1.054327818438806,1.0
848,23.882494044323067,0.9542579549905559,-1.0
849,23.83029246764392,0.8732129271730539,-1.0
850,23.257028203494805,0.9386128170958836,1.0
851,23.18958944722951,0.9561520864508499,1.0
852,22.814846426924568,0.9823047107559569,1.0
853,22.979435482672628,0.9037420416269256,1.0
854,22.436426520970628,0.9332769080538519,1.0
855,22.47434138244038,0.9042087116431146,1.0
856,22.804503313344163,0.9287262012806285,1.0
857,23.23566475043105,0.9007836647971968,1.0
858,23.314121993729195,0.8171174190984695,1.0
859,23.972887090757027,0.7625249704481571,1.0
860,24.694990980989104,0.7205858130766597,1.0
861,25.48449693905274,0.7999010851055101,1.0
862,26.30581002097969,0.9935114052387768,1.0
863,26.64432801602448,1.1786307549285318,1.0
864,27.41984707893738,1.4259749540376798,1.0
865,27.93477204370553,1.6756385971720098,1.0
866,28.0255957424552,1.8715248317755804,1.0
867,27.147406312543623,1.9496295634898653,1.0
868,27.105198193207272,2.019779396726521,1.0
869,27.23303301284376,2.080320934479447,1.0
870,26.154477902647947,2.058923245351534,1.0
871,26.495117067856285,2.0326564608672344,1.0
872,26.05332423219894,1.957410064258334,1.0
873,26.47300513916352,1.8849683586288932,1.0
874,27.36365349626816,1.772426741707132,1.0
875,27.47167322160007,1.622312463123992,1.0
876,27.81637712906499,1.4720126312573663,1.0
877,28.080321021033697,1.3299770781784082,1.0
878,29.289389422663437,1.2299402521648675,1.0
879,28.85393540470462,1.1052071318448868,1.0
880,33.67578900587969,1.7258160834670233,1.0
881,34.62805573934666,2.2736190468071453,-1.0
882,34.04341834233406,2.603077396178301,-1.0
883,33.55040131219582,2.8085098518309493,-1.0
884,34.58273591292096,3.075246160956988,-1.0
885,34.37572824306712,3.277525325786591,-1.0
886,34.06517444499381,3.4174434468607795,-1.0
887,35.6688204844794,3.6054736852382927,-1.0
888,36.35256184568603,3.7831584975938117,-1.0
889,34.45127550837962,3.788211164069257,-1.0
890,32.31572170986324,3.6227071146011234,-1.0
891,32.673776643161226,3.452617953445779,-1.0
892,31.175376779983665,3.201182502896842,-1.0
893,31.482622288525803,2.944382628730801,-1.0
894,31.031007043227103,2.741361506941463,-1.0
895,31.137089779488317,2.5163306015440177,-1.0
896,29.87501414108906,2.353086294879771,-1.0
897,29.81441088775032,2.2065083643994727,-1.0
898,30.059417877706917,2.1507576580450856,-1.0
899,29.625411763959995,2.084213984941046,-1.0
900,29.137501762729087,2.2184559276177973,-1.0
901,29.043192693705933,2.2872204668192966,-1.0
902,28.7561859232716,2.369806299616587,-1.0
903,28.74999350670558,2.4421029500376084,-1.0
904,28.20929596804357,2.464431423531258,-1.0
905,28.05232659582273,2.4681918033158765,-1.0
906,26.67036162181674,2.550575353577088,-1.0
907,27.221157730250667,2.3806894379256507,-1.0
908,26.45729094697854,2.0616612381125154,-1.0
909,27.222113538842837,1.8225499872431312,-1.0
910,27.224589999290416,1.7533152572398911,-1.0
911,24.163194191465,1.8885245438456861,-1.0
912,24.052691433958444,2.070929172153373,-1.0
913,22.378707203608,2.340510221662319,-1.0
914,20.906060006625665,2.7043824047800555,-1.0
915,16.651711257390758,3.4877504931638508,1.0
916,16.99544773452145,4.021492805887997,1.0
917,16.787340065327115,4.418418236069816,1.0
918,15.409714982057563,4.805830569033351,1.0
919,16.743987694586494,4.969369342669305,1.0
920,17.25447551371802,5.037937953799748,1.0
921,16.00937422904505,5.1183635564228425,1.0
922,15.735424387689406,5.148331270426794,1.0
923,16.013306744968403,5.075511418541129,1.0
924,15.21192736138262,5.003894453298415,1.0
925,15.098346396488369,4.859969608330239,1.0
926,15.872663034889117,4.701742630078444,1.0
927,14.943460547557066,4.45926643122531,1.0
928,16.575721539155083,4.13151033331293,1.0
929,18.40983052331769,3.5943668428357856,1.0
930,19.646625669718887,2.9205669414611077,1.0
931,20.417245956170817,2.5883911833236595,1.0
932,22.60812031870252,2.4116748115421047,1.0
933,24.17890222192974,2.627894357983911,1.0
934,24.8332848441362,3.0090935394936884,1.0
935,26.79185663509943,3.6058692429313686,1.0
936,27.30514675772733,4.114142263232689,1.0
937,28.531164697819293,4.619899907418651,1.0
938,28.41853304830156,4.936484639571795,1.0
939,26.803465585371512,5.094019409735071,1.0
940,27.87494640948785,5.284279411541369,1.0
941,30.42837034039603,5.535989088263144,0.0
942,31.65813714918452,5.760591160620014,0.0
943,30.547325489536107,5.8050256242730605,0.0
944,29.81126775599393,5.6492401942579376,0.0
945,29.36168097866142,5.35391830837676,0.0
946,31.27235650269003,5.111769417225858,0.0
947,30.792490800337177,4.587295292769633,0.0
948,30.88024557730838,4.075776931175241,0.0
949,31.40374781780549,3.6421879920090596,0.0
950,32.995782625254776,3.2999554410093768,0.0
951,33.82297647847919,2.947423585260998,0.0
952,34.42682306611099,2.7748024254858445,0.0
953,35.35603922066239,2.7494832015184705,0.0
954,34.15364023702293,2.5829148583340964,0.0
955,33.89029644451764,2.5142831749835315,0.0
956,35.568714444554274,2.5560774969841695,0.0
957,36.48090498473106,2.700527808240012,-1.0
958,36.26224155936558,2.753048440316592,-1.0
959,36.16379697793284,2.579369135951194,-1.0
960,36.10005707454498,2.4279517865246847,-1.0
961,35.215776672608264,2.3896189525325435,-1.0
962,35.01951469938233,2.38566047567817,-1.0
963,35.48951990779847,2.3214015624969835,-1.0
964,35.90192725264234,2.1761345687158573,-1.0
965,35.202160303631246,1.8900722270312384,-1.0
966,34.72561114944045,1.749519776780747,-1.0
967,33.46260628745856,1.5418563877708988,1.0
968,32.408091080471124,1.3753557515605135,1.0
969,33.709525233546806,1.1648088896577358,1.0
970,33.427515319148405,1.1328269138236675,1.0
971,32.07530542129751,1.2739697211053975,1.0
972,33.5733385941757,1.299474889628517,1.0
973,33.01673917961867,1.3427598330024078,1.0
974,37.16309992347284,1.4549450492669895,-1.0
975,36.00609966382252,1.4665680003996722,-1.0
976,32.94465138193952,1.5153239305970247,-1.0
977,32.84501585790242,1.5107159199988176,-1.0
978,33.29362986676664,1.477617773293467,-1.0
979,30.51655016898964,1.6497971902509903,1.0
980,31.56246881204416,1.6728171928666284,1.0
981,31.05795733783429,1.754187414353152,1.0
982,31.067724231293333,1.8156720901959196,1.0
983,32.99086155222586,1.7545124312331806,1.0
984,34.852693863248085,1.6885609130548476,1.0
985,37.0047401465641,1.8372701638725395,1.0
986,38.06926102854814,2.099126662185142,-1.0
987,37.56231425768878,2.282096711035654,-1.0
988,38.48878423339783,2.4885867573445446,-1.0
989,39.309685163018976,2.7484029243937487,-1.0
990,39.318379145926464,2.9533247954046375,-1.0
991,39.221657768214826,3.0576780217629658,-1.0
992,39.70000325869203,3.2109900103610274,-1.0
993,40.27344425277408,3.346586122756396,-1.0
994,39.633233850073296,3.448899332897552,-1.0
995,38.6037582263308,3.506065202685255,1.0
996,37.98413455661258,3.462106330886704,1.0
997,39.28970402937794,3.436383678515641,-1.0
998,39.96107358929352,3.4333817549895063,-1.0
999,40.2257385069549,3.1710849369335405,-1.0
1000,35.92264581247812,2.892910141144503,1.0
1001,34.0959419232772,2.6003289426229386,1.0
1002,37.71429762237965,2.084513556564707,1.0
1003,37.43646679000604,1.7274535671166826,1.0
1004,36.87241619084061,1.5714051407953769,1.0
1005,37.29686623224111,1.5597096838917344,1.0
1006,42.24190790263114,1.7833617187543334,1.0
1007,42.962019934121614,2.0180427826672407,1.0
1008,44.59696413487539,2.3916808995409786,-1.0
1009,42.47710320956907,2.5061260460385446,1.0
1010,40.39668355358312,2.518306662311178,1.0
1011,40.51519505117516,2.531539968419695,1.0
1012,40.954969349931446,2.5545555736762036,1.0
1013,40.52865108050018,2.559398570273199,1.0
1014,43.32309473964625,2.6997518259350195,1.0
1015,42.310624551676256,2.7494847207926636,1.0
1016,40.6074040106716,2.7179118409077994,1.0
1017,42.99623392278919,2.7932248115044884,1.0
1018,42.44295647817592,2.8381394675857616,1.0
1019,42.897104555504086,2.8969145240831002,1.0
1020,44.48811598105959,2.8278950184028613,1.0
1021,43.88231679103115,2.4124686720027735,1.0
1022,44.10938994762628,2.327960683007019,1.0
1023,43.33555840505723,2.1289656938612107,1.0
1024,46.28840202065896,1.9801969709895328,1.0
1025,47.85818319816265,1.946481366330865,-1.0
1026,47.87946240773558,2.225168202475039,-1.0
1027,48.43858842841797,2.5078496293915737,-1.0
1028,48.82792730868262,2.7686873088422415,-1.0
1029,50.16869637296382,3.1001555209987623,-1.0
1030,49.81505422548023,3.2190656089892586,-1.0
1031,49.41971479621407,3.242485024830092,-1.0
1032,49.983322859357074,3.2738141459912162,-1.0
1033,49.550706888819285,3.1757595232989146,-1.0
1034,50.61356878084276,3.277428138540425,-1.0
1035,49.94332314862966,3.2330619566206704,-1.0
1036,43.20785128724896,3.0214706727565166,1.0
1037,44.4154570383283,2.942898017484417,1.0
1038,44.42407478171695,2.81637218229676,1.0
1039,43.73711547815748,2.757979277928783,1.0
1040,45.83868499189622,2.7088372875908004,1.0
1041,45.44526720580688,2.633006561036792,1.0
1042,47.88683652101254,2.5359774970991467,1.0
1043,47.96460387049829,2.354693373301472,1.0
1044,49.38920405594671,2.3668561494041302,1.0
1045,49.58233205084343,2.4025033039362054,1.0
1046,50.181123843921895,2.4596167220884295,1.0
1047,49.487935280518045,2.4818660240439114,1.0
1048,50.26488977081279,2.527651087069843,1.0
1049,50.285846364523245,2.5329105658164246,1.0
1050,50.57702748847965,2.5660251104247624,1.0
1051,51.78815588885976,2.68169701219613,1.0
1052,51.28136933304124,2.741447821423358,1.0
1053,51.552900563383936,2.8250644807798753,1.0
1054,51.839997317960425,2.8883935383264987,1.0
1055,53.09069999731771,3.054717892290494,1.0
1056,54.52137554117154,3.0488071658713998,1.0
1057,55.29874719556364,3.1243884573956917,1.0
1058,55.601284146556935,3.1265228478336273,1.0
1059,56.84168695540768,3.0553446563366164,1.0
1060,59.00080117121024,3.306802100841669,1.0
1061,56.8504744341298,3.1712620430457785,1.0
1062,58.56586928339067,3.3091665741865888,1.0
1063,60.7567371084613,3.571887792713845,1.0
1064,60.84065737766005,3.8151437917559297,1.0
1065,61.57031420834187,4.034752699268301,1.0
1066,61.32824040240824,4.172869951234747,1.0
1067,63.67789047000589,4.375714378797796,1.0
1068,65.22494328647124,4.653738144515323,1.0
1069,66.76137663872632,4.940598283488641,1.0
1070,67.51393712277101,5.16526920677168,1.0
1071,68.76930148992882,5.444735185377597,1.0
1072,67.6895726115155,5.449623840310483,1.0
1073,70.80215907299224,5.602064936815508,0.0
1074,70.67448646199504,5.594818788426737,0.0
1075,71.20595812861076,5.582265630427308,0.0
1076,69.61658988880657,5.4405360879784235,1.0
1077,72.2162336857463,5.424966493284271,0.0
1078,72.0839130812973,5.288133977754754,0.0
1079,74.33295220813703,5.296914716278032,0.0
1080,75.1994425012383,5.411724077175628,-1.0
1081,77.18580250430225,5.357201473521397,-1.0
1082,77.75304762137723,5.334336230098611,-1.0
1083,78.07733874211159,5.372454014368355,-1.0
1084,77.59831088544601,5.235152246816454,-1.0
1085,78.40806059467505,5.081242487743449,-1.0
1086,76.05027434114447,4.603646546844034,-1.0
1087,76.32949505206608,4.249438268801834,-1.0
1088,76.98086778028909,3.968506609637109,-1.0
1089,76.30399539840153,3.711048224172033,-1.0
1090,75.5084586148281,3.4246803299401085,-1.0
1091,73.4603580683353,3.1901487109473785,-1.0
1092,72.81663626299465,2.8078346765017987,-1.0
1093,72.11687621575108,2.7277444008520346,-1.0
1094,71.97010931354649,2.6412247422359907,-1.0
1095,72.17946311221225,2.5805388356442096,-1.0
1096,69.27455498943526,2.6176307460953243,-1.0
1097,66.6423993740347,3.1490960381428983,1.0
1098,70.19285154882999,3.2525784242157387,-1.0
1099,68.49067388178675,3.5126677064109177,1.0
1100,71.75992211589988,3.541475499010771,-1.0
1101,69.23010660404925,3.6057001858552846,-1.0
1102,70.72408544337237,3.516662202802192,-1.0
1103,66.75203996218917,3.6017250369584097,1.0
1104,69.97780624805442,3.4493851046332926,-1.0
1105,67.2294464234474,3.3030450799740794,1.0
1106,63.61521446570414,3.5981534148536163,1.0
1107,72.18113719440713,3.393211452038917,-1.0
1108,63.35551858552561,3.4687746655664706,1.0
1109,73.99791204847774,3.288454112610004,1.0
1110,70.06696455004975,3.030098872956616,1.0
1111,72.2228361291969,2.9633555139691157,1.0
1112,69.33713537852623,2.874004231735479,1.0
1113,71.17443139769586,2.837470152446669,1.0
1114,77.4039441713314,3.3060113479025284,1.0
1115,75.08632486283038,3.476091922336033,1.0
1116,81.25853289430101,4.2930063527224345,-1.0
1117,80.35461079467225,4.713029696887709,-1.0
1118,85.09781508723857,5.630995132642295,-1.0
1119,83.56490377906479,6.128253865342282,-1.0
1120,79.5517557044888,6.309046019727185,-1.0
1121,81.56279591261574,6.5094674048972125,-1.0
1122,79.14942933662896,6.577261310799755,-1.0
1123,83.41519217312843,6.646237384672335,-1.0
1124,82.0147253639047,6.714060428710318,-1.0
1125,80.68887155808827,6.504046829637045,-1.0
1126,83.15591888583124,5.949419805054297,-1.0
1127,80.82385672399516,5.876675844729172,-1.0
1128,82.32587031835116,4.894525137400137,-1.0
1129,78.7676751456922,4.7725169903124405,-1.0
1130,80.93704428333817,4.316686825188814,-1.0
1131,84.93793687957175,4.13744449401357,-1.0
1132,80.36646679592725,3.2842075624649065,-1.0
1133,79.24028672632545,2.4600047517090173,-1.0
1134,69.77750133955838,3.440163675260703,1.0
1135,68.9630067802805,4.155221871546094,1.0
1136,68.40432402842896,4.922127362437617,1.0
1137,73.8200743129457,5.087349137736455,1.0
1138,76.37526470991531,4.938409043906369,1.0
1139,78.4029550110316,4.81468226359909,1.0
1140,74.61394046305827,4.89114190167181,1.0
1141,73.45854424734964,4.949559824756749,1.0
1142,75.8667815648868,4.96321632604231,1.0
1143,75.73706708934958,4.801797700418516,1.0
1144,73.77471345297036,4.741190444513453,1.0
1145,75.86464253358233,4.666948757168211,1.0
1146,79.01189363748406,4.456242882593446,1.0
1147,77.8238367260835,4.354983046710157,1.0
1148,77.00161807373713,4.132225339184137,1.0
1149,76.45936935622709,4.087471964534866,1.0
1150,76.50108705982066,3.92498956637135,1.0
1151,77.43019734506481,3.3193528049950904,1.0
1152,83.1191113126007,3.5809291933268836,1.0
1153,82.38817429720257,3.8119034766733106,1.0
1154,87.81591699211927,4.413492171402659,1.0
1155,91.33189666584386,5.1397514245765406,1.0
1156,92.6641921920182,5.652664222082186,1.0
1157,95.18597870891313,6.571789217126825,0.0
1158,98.24986828889467,7.659752994221821,0.0
1159,96.72068075144564,8.377393307112582,0.0
1160,95.67640832961456,8.710535678262147,0.0
1161,95.27639157435296,8.804670603159924,0.0
1162,96.37272256455957,8.976095871569417,0.0
1163,100.04714534667472,9.265643536064871,0.0
1164,99.79355922781436,9.220882643055056,0.0
1165,104.81554854430038,9.526418745927986,0.0
1166,103.34153414120571,9.71069477107469,0.0
1167,102.99571145376687,9.625696996311698,0.0
1168,102.67907112030744,9.273746449725852,0.0
1169,97.6110026728174,8.465863418271923,0.0
1170,98.06131446584078,7.429497578838532,0.0
1171,100.44781009108968,6.2391499063570155,0.0
1172,103.38151178524862,5.6117611151764155,0.0
1173,102.3038214852706,4.49249023838276,1.0
1174,102.93004337523584,3.8758513547085993,1.0
1175,102.86622478453128,3.5172458255002845,1.0
1176,103.82726753714822,3.238175644769675,1.0
1177,103.9457002709618,3.124805562538306,1.0
1178,100.75633035109531,3.07687109245248,1.0
1179,103.39652037678404,2.9840254390135903,1.0
1180,101.2214029560691,2.7053876509756707,1.0
1181,104.54212098088628,2.3944308163057744,1.0
1182,105.93943145051476,2.2084886218523843,-1.0
1183,104.22093629866212,2.1869525556786242,1.0
1184,104.5270602432031,2.1395189441584344,1.0
1185,105.5110177894189,2.1811219349253985,-1.0
1186,103.46583381002372,2.1831464540866565,1.0
1187,103.36329593048691,2.187031609379466,1.0
1188,102.00498390401572,2.1933653846950074,1.0
1189,105.6224883351325,1.92737557442961,1.0
1190,105.24576193518686,1.5723787059332508,1.0
1191,108.13840994003372,1.725754185597848,1.0
1192,110.3808347897997,2.2527412323806946,1.0
1193,112.90286299552844,2.9265331546103694,1.0
1194,110.65100355158872,3.1739408015213457,1.0
1195,111.07595090286938,3.3897808190053387,1.0
1196,112.59130821078764,3.7086102756480246,1.0
1197,112.1539569961486,3.9203384641498595,1.0
1198,123.90312368698436,5.333111105457294,-1.0
1199,116.5021750912786,5.5955209732229,-1.0
1200,115.14278237166778,5.547633859406596,-1.0
1201,111.89560712596224,5.487362359171586,-1.0
1202,112.90853987647156,5.486547921810233,-1.0
1203,109.69545942380574,5.338067785960388,-1.0
1204,107.43523390577772,5.2228266679932025,-1.0
1205,106.78202088003005,5.172442343972041,-1.0
1206,103.44196936341838,5.174054139213957,-1.0
1207,102.69082502095895,5.2220436623597895,-1.0
1208,100.43234118845048,5.35971558806184,-1.0
1209,100.65562302985772,5.6778583576843245,-1.0
1210,96.655007564175,6.3233176419217605,-1.0
1211,94.37726936020344,7.1510799192030285,-1.0
1212,90.93500505048158,8.150321943004341,-1.0
1213,89.22091100770952,9.019619091114226,-1.0
1214,88.08337947003491,9.841550536115225,-1.0
1215,86.05651859192305,10.63104920878452,-1.0
1216,85.48804544820189,11.200899949716527,-1.0
1217,83.96723516969519,11.713335585138195,-1.0
1218,82.89535946272909,11.125346933253393,-1.0
1219,82.54520142272247,10.945654784737133,-1.0
1220,81.8806829020326,10.657478816033617,-1.0
1221,79.84753214096452,10.53480176664535,-1.0
1222,78.21072785138423,10.159332417995708,-1.0
1223,78.88981098437193,9.752533205930083,-1.0
1224,76.99676158680042,9.426358711669266,-1.0
1225,74.21575506491902,9.09120579169832,-1.0
1226,73.58128412606654,8.848744380126877,-1.0
1227,73.68754169608751,8.400421473538215,-1.0
1228,72.64106631919526,7.989839666907032,-1.0
1229,70.97356099804308,7.376791469910404,-1.0
1230,67.7587654572664,7.194797295842314,-1.0
1231,66.63542579740627,7.074613566301813,0.0
1232,64.20018110207081,7.268767612069916,0.0
1233,64.01717320840297,7.384578171700277,0.0
1234,62.422524631601405,7.517644348292951,0.0
1235,59.58920540748972,7.8549232810664975,0.0
1236,59.509636905742624,8.00559393846886,0.0
1237,58.917209587646894,8.112714500880841,0.0
1238,58.2154219739291,8.160349103988915,0.0
1239,56.57171132112011,8.165202377130248,0.0
1240,56.57077153608962,8.013642298337997,0.0
1241,56.46510521911368,7.847872743309175,0.0
1242,57.61295902776563,7.577534025253621,0.0
1243,57.79991690514419,7.062177461920072,0.0
1244,58.605271392039526,6.514369967452052,0.0
1245,58.80303584016022,6.076898076106132,1.0
1246,57.78610153184199,5.5999406688795785,1.0
1247,58.34947971742199,4.914666328134021,1.0
1248,58.46191392334304,4.133840051613916,1.0
1249,58.66582990514994,3.32355678671077,1.0
1250,58.28239445291312,2.7649417882960203,1.0
1251,58.782776954881015,2.1739146227225157,1.0
1252,59.738368433056266,1.8083782241285185,1.0
1253,60.18192086973584,1.3720941544062684,1.0
1254,62.92500727845223,1.4488681995894892,-1.0
1255,60.25155097149211,1.4801015742900145,-1.0
1256,58.694563262420814,1.4656067061141256,1.0
1257,58.8458579698616,1.4648397269135913,1.0
1258,59.47092692126848,1.4752363200663112,1.0
1259,57.61008391380042,1.4155587042928925,1.0
1260,58.667740724547166,1.324665808306085,1.0
1261,63.63799871063442,1.6013390914899448,1.0
1262,68.27109262830038,2.5514533074587575,-1.0
1263,68.1364300188792,3.1295119251899997,-1.0
1264,64.81174036583809,3.2668796222421737,1.0
1265,63.88604334498273,3.323606018278919,1.0
1266,60.03423271404172,3.2545739631355186,1.0
1267,61.14065294476319,3.1994907758183406,1.0
1268,60.00867983038325,3.152629645662317,1.0
1269,62.15240771424596,3.106882540717126,1.0
1270,63.93994272319135,3.077338767309332,1.0
1271,62.23845646623581,3.009499465903673,1.0
1272,62.88736019925176,2.981945427703469,1.0
1273,62.08251717987712,2.95482011913108,1.0
1274,67.63460819430549,3.210319552054063,-1.0
1275,69.83617477366747,3.593504300129046,-1.0
1276,66.24304140964132,3.5468463412217535,-1.0
1277,64.14263968248673,3.409388085993885,1.0
1278,66.18335465298853,3.337937617705473,-1.0
1279,70.6701014496146,3.3658949587391502,-1.0
1280,69.34872553055578,3.2660326142400633,-1.0
1281,65.51703470567284,3.2559102774188666,-1.0
1282,63.97880753951593,3.166281067516351,-1.0
1283,61.23315758474977,3.153203791597704,-1.0
1284,60.87485222697504,3.2475207881618493,-1.0
1285,61.68236251391136,3.295816961669414,-1.0
1286,58.67838143507135,3.396082704029745,-1.0
1287,54.117912380296296,4.016285139778533,-1.0
1288,51.794182361416496,4.761566300680432,0.0
1289,55.16415575522061,5.092187418312267,-1.0
1290,54.9304469245161,5.386503861522161,-1.0
1291,53.72686374172041,5.730357095405714,0.0
1292,55.18780189649411,5.925488401102641,-1.0
1293,53.85215169343919,6.174529970120818,0.0
1294,53.13473181255803,6.235125125405269,-1.0
1295,54.21597870246747,5.979121092554132,-1.0
1296,53.12309786393661,5.9470173958440675,-1.0
1297,51.50994319945176,6.050727847206421,-1.0
1298,50.6851167170867,5.999894704905163,-1.0
1299,52.58118203633524,5.254349844838975,-1.0
1300,55.0483927210279,4.346686693648864,-1.0
1301,56.850776179831946,3.743576899524721,-1.0
1302,55.62346520219238,3.1862197861818857,-1.0
1303,47.71100721921063,3.272306031372944,-1.0
1304,48.425721661886186,3.1836285049086697,-1.0
1305,47.82645117409323,2.896080339637061,-1.0
1306,46.57501054848663,2.9570508227243026,-1.0
1307,46.90937834411277,3.192760257310165,-1.0
1308,48.031847486444704,3.328593971008572,-1.0
1309,46.73331775262204,3.445990185775178,-1.0
1310,47.809264341713366,3.455358217668717,-1.0
1311,45.70321469308374,3.618040048146612,-1.0
1312,44.64590516200927,3.7233173336016927,-1.0
1313,45.97940792405044,3.7496214991144052,-1.0
1314,43.66989260273343,3.920715942088935,-1.0
1315,41.12195812936602,4.173849599969654,-1.0
1316,36.02232577138747,4.930690333527267,-1.0
1317,36.48867037927165,5.4773492428559285,-1.0
1318,35.563333882752346,5.993536559991078,-1.0
1319,33.353742857001265,6.483092385110875,-1.0
1320,31.62934518588054,6.776887643766965,-1.0
1321,25.854353912268948,7.288665157513626,-1.0
1322,25.40493741549767,7.611912149639309,-1.0
1323,21.59203870449602,8.622683711965237,-1.0
1324,19.221491273291235,9.538964316741922,-1.0
1325,22.7958737771324,9.887513384182379,-1.0
1326,22.32774023227914,10.16721344330786,-1.0
1327,22.56833639389835,10.254476938567285,-1.0
1328,21.01690528407977,10.202501943149144,-1.0
1329,20.305102433558147,10.105954443100645,-1.0
1330,16.871016145312097,9.950087187861484,-1.0
1331,15.473368728447284,9.831490916255401,-1.0
1332,14.874605107322296,9.60426339118842,-1.0
1333,15.80713543619099,8.911116660618564,-1.0
1334,13.667021318209862,8.301894936838803,-1.0
1335,14.02398658481495,7.648733659253407,-1.0
1336,15.42630824682614,7.211620199294545,-1.0
1337,16.167063981420668,6.489922725954762,-1.0
1338,5.34943326085353,6.486357649400477,-1.0
1339,1.2473028273858375,6.8864953430320845,1.0
1340,-8.671026080683319,8.435430779023422,1.0
1341,-7.233551659878771,9.581506381891543,1.0
1342,-5.039867019362305,10.144926727572729,1.0
1343,-6.981394371482224,10.842820208622328,1.0
1344,4.197914187224342,10.797186083660518,1.0
1345,7.399967387361627,10.432820780711268,1.0
1346,13.118832694143832,10.053639001677066,1.0
1347,13.108029939858994,9.618539531778842,1.0
1348,8.823762356967237,9.194270019596628,1.0
1349,6.891539178538906,8.758809268023978,1.0
1350,9.871158282870752,8.510487502545594,1.0
1351,17.87355132647653,8.646515364643058,1.0
1352,21.564225860177142,9.066174145928363,0.0
1353,25.241380351464255,9.724562599364587,0.0
1354,32.37668520716133,11.074078613060992,-1.0
1355,27.291746096942177,11.752504248994864,0.0
1356,28.619183145580152,12.42967687737834,-1.0
1357,24.82853110784427,12.781210381176201,0.0
1358,27.0693874624488,13.192506253145941,0.0
1359,23.89797696781686,13.185863217148443,0.0
1360,26.235480955850235,12.42507177264646,-1.0
1361,28.764260796281363,11.622666526028452,-1.0
1362,28.87310221989648,10.7134723948119,-1.0
1363,25.59490889710925,8.978956858006578,-1.0
1364,18.807044400036887,8.177180318156124,-1.0
1365,21.526497455107062,7.543188052154155,-1.0
1366,24.283817052799577,7.297965196658069,-1.0
1367,26.207432627253965,7.033682063720591,-1.0
1368,20.638768418163597,6.2573823122578665,-1.0
1369,22.513697984193342,4.933273159986246,-1.0
1370,17.072572020176537,4.017602802214662,-1.0
1371,12.635358907791227,4.598583579239015,-1.0
1372,15.005555260780582,5.01187921961467,-1.0
1373,15.550168459681856,5.331058346368836,-1.0
1374,11.90532226091203,5.477950719090181,-1.0
1375,11.625711612160671,5.844348591018288,-1.0
1376,9.123178620829464,6.222608116860126,0.0
1377,9.739579048707869,6.587948328876296,0.0
1378,10.038492833939555,6.70578172207256,0.0
1379,7.429970502916973,7.073904633807423,0.0
1380,8.778313023965808,7.10439060941138,0.0
1381,8.118188350296677,6.847101503243652,0.0
1382,6.012024155706939,6.5340579111549255,0.0
1383,9.44341077750309,6.160034347866133,0.0
1384,10.06642368187218,6.135153349467414,-1.0
1385,9.205395613386727,5.943132289752657,-1.0
1386,5.56585428207849,5.580109442861115,-1.0
1387,3.150400566247498,4.903754051224781,-1.0
1388,3.118102126587914,4.68535622549626,-1.0
1389,3.204308816569693,3.972399362314017,1.0
1390,6.594595703913768,3.5693293315626384,-1.0
1391,0.9324862628718762,3.85776907683692,1.0
1392,4.768317586928106,3.5807082987393013,-1.0
1393,5.850899237719062,3.086961664178579,-1.0
1394,9.57204015166235,2.941787659602228,-1.0
1395,5.887276772562785,2.7526457250145686,-1.0
1396,7.610191508479048,2.706712641195013,-1.0
1397,4.352890110445856,2.6616553681040824,1.0
1398,8.991108654645245,2.597591510833009,-1.0
1399,4.319892557857216,2.6276602420450716,-1.0
1400,5.325708315369951,2.5674118198201246,-1.0
1401,6.753601321312772,2.5289241139995458,-1.0
1402,1.9695369478529017,2.687535951339802,-1.0
1403,1.9678790761721243,2.678971043687037,-1.0
1404,-2.2209531356613894,2.9611363519185985,-1.0
1405,-4.868532920013465,3.49482045267102,-1.0
1406,-6.881392459108568,4.253851060279383,-1.0
1407,-6.845776770869833,4.845641731996654,-1.0
1408,-8.534915202370527,5.490872679976703,-1.0
1409,-11.618799654418892,6.319760440836276,-1.0
1410,-13.702001914277986,7.076145938784055,-1.0
1411,-15.391156524649716,7.934960372927541,-1.0
1412,-16.310861389226346,8.619805712811168,-1.0
1413,-13.829603716588892,8.892905476934965,-1.0
1414,-14.85495757473673,8.872366133862073,-1.0
1415,-13.10995013899091,8.843284539117708,-1.0
1416,-16.666067696968312,8.781974351558002,-1.0
1417,-18.12037595748359,8.884303876082267,-1.0
1418,-24.26027887317392,8.908287796285954,0.0
1419,-22.135266243033485,8.893013066707606,0.0
1420,-21.44530170894481,8.524751295995316,-1.0
1421,-21.67750217825123,7.742091368084774,-1.0
1422,-23.797943321458888,7.354587221619568,1.0
1423,-23.56328217551344,6.6733699818119385,-1.0
1424,-26.635537230796277,6.443375220737537,1.0
1425,-29.99743655905158,6.56382287783522,1.0
1426,-33.93891703062597,7.038058964988148,1.0
1427,-30.81205743539141,6.931140180142478,1.0
1428,-32.151841834316244,6.883063144375743,1.0
1429,-34.619016503406186,7.115330710822562,1.0
1430,-28.16166044073249,6.92226059512947,1.0
1431,-27.81556193053487,6.751901879292855,1.0
1432,-31.56810404814341,6.73557434948837,1.0
1433,-28.54602145396956,6.303343990233148,1.0
1434,-27.977154136230013,5.836162859415395,1.0
1435,-23.742946594169723,5.045235810560884,1.0
1436,-21.881219505748987,4.634740139108384,1.0
1437,-25.609333837804456,4.191307074650528,1.0
1438,-22.84054133057849,4.252033843288183,1.0
1439,-19.637636818519425,4.433558104951681,1.0
1440,-16.369014666367065,4.880300051451635,1.0
1441,-16.243872707900223,5.3000212402026765,1.0
1442,-12.395299969179604,6.130982615546505,1.0
1443,-5.352178614709274,7.636471970190867,1.0
1444,1.254461346672457,9.584514032321248,1.0
1445,6.844266409606433,11.585409600303976,1.0
1446,5.811579130646862,12.708511005795044,1.0
1447,10.650656109859328,14.088588532274015,1.0
1448,11.133591982380835,15.01634161106992,1.0
1449,12.31936368157119,15.506811814042903,1.0
1450,16.629274910758113,16.410902675647588,1.0
1451,21.5359683044569,17.393382235304145,1.0
1452,26.1134875658978,18.099867648200412,1.0
1453,29.77065150841885,18.85883592793018,1.0
1454,36.554131991053794,19.76878540291555,1.0
1455,37.01816645644216,20.466834198128815,1.0
1456,42.230997305905575,21.244539373847946,0.0
1457,44.406385922125615,21.361681750664726,0.0
1458,46.34665997918938,21.285117549615084,0.0
1459,49.06840884491268,21.12595706116235,0.0
1460,51.415173791539424,20.8646304706654,0.0
1461,52.80513356169002,20.119573497564957,0.0
1462,54.04511457010613,19.222898997604002,0.0
1463,55.58896199369167,18.554678411237788,0.0
1464,55.892644648687245,18.024889894864316,0.0
1465,58.84090525855581,17.75468326858706,0.0
1466,61.04704296493334,17.110908443517935,0.0
1467,65.65632145041403,16.787694969288815,0.0
1468,65.79114022705852,16.02944730053605,0.0
1469,68.54597487082562,15.053231982399797,0.0
1470,71.87728428787118,14.240658188335129,0.0
1471,72.72294710055058,13.487129365175768,0.0
1472,73.82661068009634,12.817006066404218,0.0
1473,72.39243824833775,11.974309696803898,0.0
1474,71.27158920580628,11.386309611560158,0.0
1475,74.01940691681135,10.690178425628046,0.0
1476,72.53143164332985,10.112796450042204,1.0
1477,73.17391007109818,9.521546035741173,1.0
1478,73.75378508829468,8.898523685346909,1.0
1479,73.57638257188759,8.297906438361853,1.0
1480,72.6651451327326,7.67766253229227,1.0
1481,70.54474272413509,6.940639060683561,1.0
1482,72.13661979768575,6.178614509861527,1.0
1483,70.31520730876909,5.343291868906135,1.0
1484,69.78581374932685,4.273093447756154,1.0
1485,72.82044880314237,3.3586491128325218,1.0
1486,72.6968541938358,2.4404786700200742,1.0
1487,72.7160820330609,2.025204245710837,1.0
1488,73.06471421227873,1.4496632211877953,1.0
1489,76.1843707688942,1.4363863112495234,1.0
1490,77.97974215576119,1.859710899055024,1.0
1491,78.3068817542843,2.2154534382413837,1.0
1492,79.62451468902059,2.6417228804170914,1.0
1493,81.47235828131649,3.1722837098103667,1.0
1494,85.48960954577582,4.023596459494751,1.0
1495,87.97345040100804,5.000927676467536,1.0
1496,88.49398412662933,5.747109590593161,1.0
1497,91.8108304841584,6.676801582562115,1.0
1498,91.07111992212675,7.3162886086576435,1.0
1499,94.01110800575364,8.06401788051807,1.0
1500,94.11992916043572,8.59253124015288,1.0
1501,95.00618156075294,8.906393661139168,1.0
1502,95.03442825440293,9.141322092528508,1.0
1503,96.86181162350564,9.221361583779744,1.0
1504,98.14297036963396,9.144853310762036,1.0
1505,97.02240313772404,9.028827958685584,1.0
1506,97.82767878672988,8.773213725761906,1.0
1507,99.76520667346372,8.434626237357003,1.0
1508,102.62469223858504,8.084756506116745,1.0
1509,103.921867515154,7.887055576265141,1.0
1510,104.4667440270086,7.659843249161614,1.0
1511,108.84986273947835,7.588664379811652,1.0
1512,112.27228335617858,7.690478953862789,1.0
1513,114.97774911153816,7.933259385825042,1.0
1514,115.59757271538491,8.285709767632186,1.0
1515,115.92735059021538,8.592365904922952,1.0
1516,113.96586564523572,8.545875557963313,1.0
1517,112.5240541117891,8.480017899265187,1.0
1518,114.7878543772018,8.352022954032963,1.0
1519,117.18155094820304,8.443753308769361,1.0
1520,119.87562660590103,8.572802042708815,1.0
1521,121.77636215517823,8.717901522113273,1.0
1522,122.29626112359152,8.687169111400214,1.0
1523,121.016883521257,8.510069870706767,1.0
1524,124.0445139746233,8.46270752758228,1.0
1525,123.17763168642703,8.030362738100045,1.0
1526,122.82003580520708,7.409318073394939,1.0
1527,123.04898068447925,6.75734348426404,1.0
1528,126.5121298299713,6.416361187015388,1.0
1529,128.44604393134358,6.132219326522578,1.0
1530,130.082883403748,5.782836764088419,1.0
1531,133.92332281418146,6.072405181300388,1.0
1532,135.33614646515696,6.555886256462056,1.0
1533,137.93820470587198,7.258840692475786,0.0
1534,140.82755190009803,8.051211317351854,0.0
1535,146.52168619965727,9.205321357582076,0.0
1536,147.7049731508121,9.980338897414768,0.0
1537,148.06237896514628,10.332572409967025,0.0
1538,143.27667119241366,10.193926795640857,0.0
1539,139.66085617090744,9.85949139264233,0.0
1540,137.62174728543283,9.520941088219974,0.0
1541,136.67013372532887,9.198172175095277,0.0
1542,141.26034905759616,8.962364810758677,0.0
1543,137.8975919529654,8.413999090380127,0.0
1544,139.27746220285212,8.02765205822578,0.0
1545,139.43329568653752,7.463857673829256,0.0
1546,140.8378939489533,6.737664389630825,0.0
1547,140.28829468894816,5.799849601796598,0.0
1548,142.742003927096,5.117967725547214,0.0
1549,143.95036064848065,4.511220434678143,0.0
1550,144.0845824714197,3.9106024947739018,-1.0
1551,147.36201853658824,3.808142429797845,-1.0
1552,145.81613117545083,3.626590518784017,-1.0
1553,145.57302117892755,3.571101228180254,-1.0
1554,144.29104584561938,3.572594578852851,-1.0
1555,144.6814460064498,3.4894568022703147,-1.0
1556,144.77936370721466,3.3179708130886234,-1.0
1557,144.25257452760857,3.074926989820474,-1.0
1558,145.33789535159383,3.147038690798369,-1.0
1559,144.9308557952253,3.1358433204303178,-1.0
1560,144.92314779041382,2.9509238932874577,-1.0
1561,144.86948651482075,2.5837337318107734,-1.0
1562,143.7373240740205,2.538300058618153,-1.0
1563,142.54260503358165,2.1921047012047703,-1.0
1564,141.45149915988387,2.008201633223756,-1.0
1565,138.68419255386308,2.0987627616800215,-1.0
1566,141.30393604640733,2.066996024299191,-1.0
1567,141.7712789178348,1.9589162726631515,-1.0
1568,141.7829794502205,1.9989045439522466,-1.0
1569,140.90311523238066,2.1008786816340295,-1.0
1570,137.7426617150961,2.4773362486209036,-1.0
1571,137.64612237489064,2.596239798295888,-1.0
1572,137.03086575268128,2.8031211514870966,-1.0
1573,133.0306646760285,3.3984391906417586,-1.0
1574,129.95761058831545,4.247370389388682,-1.0
1575,127.48050852844678,5.127488482560924,-1.0
1576,124.63246120065078,6.073818445449741,-1.0
1577,126.19188642610108,6.602744689862476,-1.0
1578,120.7552662115816,7.456112735349585,-1.0
1579,116.63706152782666,8.497289012021554,-1.0
1580,115.5897452577265,9.306176950616859,-1.0
1581,113.33147518880337,10.04359643497543,-1.0
1582,114.65180998883328,10.445329175754669,-1.0
1583,113.7518259895544,10.772263826915669,-1.0
1584,111.96153552058873,11.09487412905867,-1.0
1585,109.79969398157895,11.53526242179255,-1.0
1586,107.37243506591336,11.782058003232262,-1.0
1587,105.41019981294542,11.879322112822074,-1.0
1588,105.75142930038407,11.656126495035041,-1.0
1589,102.5983587835122,11.441948102173855,-1.0
1590,99.18102584319658,11.466806682718547,0.0
1591,97.50295927005996,11.292276442810229,0.0
1592,96.24214028969884,10.900452527661045,0.0
1593,95.82464264891792,10.578387802801402,0.0
1594,93.69285900186568,10.396271683161844,0.0
1595,90.69744151357077,10.379389479094051,0.0
1596,90.04087681096672,10.357854268925937,0.0
1597,91.09561711036578,9.775835628287856,0.0
1598,89.12171244880184,9.580599701347422,0.0
1599,86.19291554596614,9.719519471916062,0.0
1600,87.14479300467751,9.628545643095372,0.0
1601,86.25116106451223,9.569146113904967,0.0
1602,82.36863271570131,9.461465327563545,0.0
1603,84.31504800207324,9.013788650141018,1.0
1604,83.69379001194616,8.520632941374588,1.0
1605,84.5976499150105,7.9381503823387485,1.0
1606,84.71955974155838,7.368364223061555,1.0
1607,84.39706773040788,6.805500116409915,1.0
1608,84.87904951295397,5.931721226675448,1.0
1609,84.40010773035246,5.204742723251463,1.0
1610,86.14929923062752,4.622227280424326,1.0
1611,91.30783049655334,4.1467334126556095,1.0
1612,90.59706465299392,3.7156297783516243,1.0
1613,91.38313938892958,3.306814665494479,1.0
1614,91.34164755603304,3.105183668918472,1.0
1615,90.8753822744346,3.115863866295373,1.0
1616,93.71651976297082,3.3862091316968472,1.0
1617,93.20886892477816,3.5363385051988594,1.0
1618,91.15591020786026,3.612860299752233,1.0
1619,91.4390120725069,3.6922368683567965,1.0
1620,94.0458813821972,3.9328593185660585,1.0
1621,94.53415340643406,4.142688235907004,1.0
1622,96.07539204492818,4.181351978570358,1.0
1623,98.4639720784407,4.4729108530933726,1.0
1624,98.00374822855318,4.546719008292524,1.0
1625,101.21855455619854,4.867847390124965,1.0
1626,99.2059227049757,4.868626410087819,1.0
1627,99.22070415941236,4.725234495157731,1.0
1628,99.37991065457832,4.511368192048664,1.0
1629,100.59865809598438,4.17945606410571,1.0
1630,100.73882145511068,3.890823936230837,1.0
1631,98.9219270065623,3.8492977471793246,1.0
1632,100.1208287756828,3.7722966266523654,1.0
1633,99.76004283359296,3.6751757239886813,1.0
1634,101.64675460298272,3.6209512296636213,1.0
1635,102.52450575721376,3.499046605848136,1.0
1636,104.03002350008376,3.6384381851028236,1.0
1637,107.39938616033396,3.9786176559087525,1.0
1638,113.8477137378041,4.797901736066237,1.0
1639,114.10983974001375,5.305459995762044,1.0
1640,113.08973128590796,5.652912429738009,1.0
1641,111.6132205061054,5.732210545041014,1.0
1642,113.77313791377291,5.9683816477099745,1.0
1643,115.5015576594615,6.357376355995715,1.0
1644,115.50079263981355,6.5822125988775575,1.0
1645,116.86477434332028,6.952192732279351,1.0
1646,116.28980922124704,7.0712410630810405,1.0
1647,120.78978277182252,7.418993367441627,1.0
1648,120.80892274764004,7.604218889513237,1.0
1649,121.24813999293076,7.747317261309611,1.0
1650,124.1081393002058,7.968065480898176,1.0
1651,120.60907545871122,7.620385079243463,1.0
1652,121.604103203147,7.262331307099056,1.0
1653,124.34630886826312,6.836945336903447,1.0
1654,124.83525856611853,6.408681671411651,1.0
1655,127.48045794844236,6.035866469256825,1.0
1656,129.4266078861913,5.740970944221013,1.0
1657,128.28945151716468,5.4783002039450235,1.0
1658,129.0468230563978,5.673479057184052,1.0
1659,129.09760644222118,5.778486617454307,1.0
1660,128.2941014296771,5.651856935641206,1.0
1661,129.5119494129615,5.332605330366616,1.0
1662,129.18408415810958,5.054937692319396,1.0
1663,135.26511711814507,5.305409829813663,0.0
1664,136.92629557440154,5.523638896233221,-1.0
1665,137.92764255551228,5.753335362977633,-1.0
1666,136.54987650095677,5.59526714242131,-1.0
1667,140.74839594348057,6.046885206116049,-1.0
1668,139.57213391325118,6.201052478755718,-1.0
1669,141.3557301233593,6.3853056038040314,-1.0
1670,142.56408596091063,6.7066839418397075,-1.0
1671,139.87602096029494,6.4175756492511375,-1.0
1672,136.70035935627834,5.925753277296576,-1.0
1673,134.88065511694666,5.538886919667727,0.0
1674,132.4932548455734,5.130615747023906,0.0
1675,132.45855505673296,4.899998584600505,0.0
1676,132.6858238474238,4.774689525990001,0.0
1677,128.67638992822214,4.748179351990814,1.0
1678,128.78348137239138,4.764989519331766,1.0
1679,128.0395416750231,4.83555279504925,1.0
1680,127.63317347353218,4.883117727528902,1.0
1681,128.2291828730762,4.961150311789524,1.0
1682,133.04199430607068,4.815314241813561,0.0
1683,133.16979888361442,4.825621542731679,0.0
1684,135.0874346568413,4.7967102639228445,0.0
1685,133.1695017337862,4.7366153116075305,0.0
1686,135.1062747884102,4.711228562478975,0.0
1687,136.747669474527,4.49932972649093,-1.0
1688,135.76112901188918,4.329005020546617,-1.0
1689,135.39141674806467,3.973628167349352,-1.0
1690,137.17138919899904,3.480316233393607,-1.0
1691,136.3411597529509,3.205276891408307,-1.0
1692,135.67958659103425,3.1522565126460935,-1.0
1693,134.0496373503554,3.131953633634859,-1.0
1694,133.72065803636042,3.1338187468506864,-1.0
1695,129.5166643793033,3.2304550965297776,1.0
1696,130.96423897962995,3.2592733897740795,1.0
1697,129.8238239458124,3.192011953855226,1.0
1698,133.05704041912793,3.0435452667034153,-1.0
1699,134.2811887526655,2.809997905555359,-1.0
1700,135.90847494637924,2.509822844917899,-1.0
1701,131.29613014021203,2.228796175052806,-1.0
1702,132.0353981089827,2.261838900395139,-1.0
1703,132.33489153409852,2.2838928929997153,-1.0
1704,130.8587885903606,2.359937840593608,-1.0
1705,128.9775197406807,2.5816104415023773,-1.0
1706,129.7800357092906,2.6749203703491586,-1.0
1707,129.62997162732765,2.649320313943897,-1.0
1708,129.06513877455455,2.682162790319742,-1.0
1709,126.24124380583642,2.9308206660807303,1.0
1710,124.17402024074724,3.1640520352997985,1.0
1711,125.182165016798,3.2276641650679285,1.0
1712,126.06114883991972,3.1831277752655907,1.0
1713,126.93597307499049,3.1449378580584795,1.0
1714,129.59161438541935,3.020359689530823,1.0
1715,132.0831615934593,3.062550597687793,1.0
1716,135.08708075625947,3.268769018394435,1.0
1717,135.17558118750725,3.4568673712785385,1.0
1718,135.42851781243752,3.5913006755871675,1.0
1719,135.662831734559,3.679929028056056,1.0
1720,138.2114022385669,3.8858512230813447,-1.0
1721,137.3122464565601,4.158481739394627,0.0
1722,134.28916785146643,4.2183661042901495,1.0
1723,133.69465255143464,4.250085066063337,1.0
1724,134.4114863411733,4.310119805349013,1.0
1725,136.60001585739738,4.424799998449926,-1.0
1726,134.98716959629826,4.45704785987869,1.0
1727,133.299346433777,4.430175549401656,1.0
1728,132.04707728679108,4.369782493807991,1.0
1729,131.22312426536374,4.140798745006393,1.0
1730,133.83839105417064,3.6430796915198096,1.0
1731,131.93861009146997,3.1550787206375728,1.0
1732,132.49388351531962,2.6567423035095894,1.0
1733,135.2133479560324,2.1393804542510435,1.0
1734,137.19916920816013,1.9587822031968538,1.0
1735,139.7776970184225,2.1981019919010527,-1.0
1736,141.81784408672098,2.6894658468163115,-1.0
1737,138.22403996135304,2.7712944901192196,-1.0
1738,138.86876775073415,2.878913183491716,-1.0
1739,137.59502161838327,2.914899016712974,-1.0
1740,135.4122112498972,2.8520718555147884,-1.0
1741,135.51749725080947,2.8205135506749777,-1.0
1742,131.59943737754247,2.939028418324078,-1.0
1743,128.44179797388983,3.3012863482729786,-1.0
1744,123.6784805415978,4.165553887769915,-1.0
1745,122.08607003303877,4.965768271872926,-1.0
1746,120.41218642551232,5.779459457617097,-1.0
1747,118.007828215186,6.6833292303183,1.0
1748,118.77725332884424,7.33363209407077,1.0
1749,117.496725865062,7.984751935671116,1.0
1750,115.23528864731608,8.680138982439603,1.0
1751,115.20291904417384,9.269067136767262,1.0
1752,117.93160693306308,9.5601915372337,1.0
1753,115.97389199760327,9.805957690516765,1.0
1754,113.2822379279622,10.012279719989424,1.0
1755,109.81938723723351,10.124944675062839,1.0
1756,111.36865139282598,9.707093669518912,1.0
1757,112.41513480947546,9.318955863008531,1.0
1758,111.09274847497709,8.716033747917084,1.0
1759,114.30934637454608,7.832200955811942,1.0
1760,113.63994191082952,6.95376459561713,1.0
1761,116.18205859844208,5.659878180024871,1.0
1762,117.18110801477128,4.560529003270289,1.0
1763,116.00525663261756,3.614496908825032,1.0
1764,115.75635304747412,3.13106001222253,1.0
1765,124.79662162741832,3.466842073286769,1.0
1766,126.31354112138315,4.081659605621353,1.0
1767,128.53919122498053,4.938376317028697,1.0
1768,129.99789922619783,5.770139142474014,1.0
1769,133.2765193934122,6.808724804585158,1.0
1770,136.42668128341947,7.926710062849229,0.0
1771,138.3659379682042,8.969978647915097,0.0
1772,142.01080017846974,10.191630894560301,0.0
1773,137.08557283670424,10.688062289855132,0.0
1774,137.20655384272698,10.950279125327153,0.0
1775,137.15235019397994,10.846405908044314,0.0
1776,139.7510141993716,10.83181945358937,0.0
1777,141.47168720572614,10.809456024700223,0.0
1778,139.94516387016574,10.375002752379016,0.0
1779,143.04967421596402,10.18226481694494,0.0
1780,138.87913682935536,9.496551091898265,0.0
1781,139.20222286960598,8.855775874231698,0.0
1782,140.4955834954548,8.153824743765366,0.0
1783,141.34099733446774,7.0587200973229836,0.0
1784,142.0941577806055,5.4428676268691625,0.0
1785,142.50238764940016,4.774668113265707,0.0
1786,142.974330727297,4.07557040883959,-1.0
1787,145.74333259545938,3.634648938920831,-1.0
1788,145.1775647103834,3.1033679411980355,-1.0
1789,146.95663259649314,3.0012251823386835,-1.0
1790,144.84792637998368,2.931777199456684,-1.0
1791,140.39734148112876,2.858591626826956,1.0
1792,143.55989500635695,2.896344333570749,-1.0
1793,143.00206731115594,2.7193719041997046,-1.0
1794,144.79482101033847,2.571959054129395,
1795,141.79239171490855,2.2895921056530746,
1796,140.35847055548925,2.2564059819756768,
1797,139.43607956233552,2.3460056631467405,
1798,140.54920976868954,2.31743557525877,
1799,138.98786471179196,2.4289025333708163,
1800,140.54844318664317,2.3373789327767436,
1801,141.30007147531413,2.2389708984946437,
1802,140.53879523878334,2.2371144311178517,
1803,137.1193323687067,2.5183387446775023,
1804,138.2841204495044,2.661550415685436,
1805,136.52326049087688,2.9188403374155034,
1806,140.7399764434255,2.908006022742728,
1807,143.81619929570948,2.7907122726026294,
1808,142.5865770823022,2.665224353381423,
1809,144.83309432504424,2.4629294383947213,
1810,144.74598139736202,2.455077091595557,
1811,143.45511407893846,2.497585635839878,
1812,146.06745671951077,2.6713311762855776,
1813,143.72369218271055,2.6977996048743624,
