index,GNRC VRTX,Standard_dev,label
0,116.58343379064942,5.4614873602930265,1.0
1,110.8648263785488,5.4614873602930265,1.0
2,110.06468900105553,5.4614873602930265,1.0
3,109.76036073008407,5.4614873602930265,1.0
4,114.48930370241844,5.4614873602930265,1.0
5,114.80672597275472,5.4614873602930265,1.0
6,120.9623072442691,5.4614873602930265,1.0
7,119.9994161547894,5.4614873602930265,1.0
8,126.02412825785515,5.4614873602930265,-1.0
9,124.59625093496068,5.4614873602930265,1.0
10,126.7719982858998,5.4614873602930265,-1.0
11,128.208523295267,5.4614873602930265,-1.0
12,124.77965191388893,5.4614873602930265,0.0
13,121.80666428406478,5.4614873602930265,1.0
14,117.8701893278156,5.4614873602930265,1.0
15,118.737583344085,5.4614873602930265,1.0
16,118.76698913576188,5.4614873602930265,1.0
17,118.04232901792712,5.4614873602930265,1.0
18,117.10025018867688,5.4614873602930265,1.0
19,122.755058626349,5.4614873602930265,1.0
20,124.9217945303376,5.57242623263421,-1.0
21,127.84690213887492,5.4696038963668725,-1.0
22,132.79567266210069,5.566378099577464,-1.0
23,129.59504913176443,5.102526270497024,-1.0
24,130.0312709117697,4.993617823367499,-1.0
25,131.71885145485103,4.907139335670163,-1.0
26,132.47852741690954,5.179468985930196,-1.0
27,131.2284106386574,5.2464524977504885,-1.0
28,132.2152933355788,5.469115652390938,-1.0
29,128.39812958406603,5.497899063126731,-1.0
30,129.29363964440958,5.549947165066578,-1.0
31,129.2665009889193,5.577784587381063,-1.0
32,120.84559391795332,5.690659792575724,0.0
33,123.81597605185094,5.634170412141097,-1.0
34,120.3584873767629,5.473011505365084,0.0
35,121.8077200382356,5.298556359220352,-1.0
36,119.05505184083287,5.277740969391491,-1.0
37,120.15639104521912,5.125177236730201,-1.0
38,115.85462065060509,5.248734560583955,1.0
39,113.83293053415738,5.897917886601423,1.0
40,115.32939682965392,6.344169981947046,1.0
41,116.49218640618174,6.606535561981508,-1.0
42,115.8559363757553,6.603726222146857,-1.0
43,114.43391098937558,6.781142719072597,1.0
44,118.39167275576204,6.655395699171561,-1.0
45,120.5055468307838,6.304656157758982,-1.0
46,121.45672944280052,5.800287556362698,-1.0
47,122.40787639744904,5.332499646725859,-1.0
48,121.5077844498617,4.63837297178796,-1.0
49,125.34870904802447,4.407859977725074,-1.0
50,123.92234376951426,3.973316200075148,-1.0
51,123.44252604168054,3.4383323760868727,-1.0
52,120.60437069878904,3.434675089188243,-1.0
53,121.25188204845658,3.320034693438572,-1.0
54,120.07473670285545,3.317231559359406,-1.0
55,112.81946608562689,3.5974995783759507,-1.0
56,108.47278627738255,4.316564719493452,-1.0
57,101.4219925624626,5.755718984702395,-1.0
58,100.74022169043047,6.887741510041948,-1.0
59,93.40658185419544,8.656272538516134,-1.0
60,98.73516672178155,9.470284376466896,-1.0
61,94.5172881854437,10.513273785715292,-1.0
62,91.23181860760276,11.659640891518082,-1.0
63,92.63109618502943,12.482609874965133,-1.0
64,90.25611258764329,13.24437398534117,-1.0
65,89.31560882130246,13.796496969518932,0.0
66,87.08140069166076,14.254407966992622,0.0
67,86.69597715087947,14.45276334428129,0.0
68,86.68694458396581,14.47886252487966,0.0
69,86.69856851006296,13.970177801737709,0.0
70,84.23885866552108,13.425477311944393,0.0
71,85.33559923884529,12.524999375952623,0.0
72,83.94868040764905,11.633448975825088,0.0
73,86.43161905778439,10.128703203535322,-1.0
74,83.71315445871379,8.308947845211609,-1.0
75,78.46748381672256,7.317794096872196,0.0
76,73.52748079363155,6.96431866209362,0.0
77,71.71771534694625,7.280751927380082,0.0
78,72.9118394253555,7.229703453745621,0.0
79,70.33125685182621,7.784858383578268,0.0
80,73.43601801672774,7.435914855395493,0.0
81,73.22489246448359,7.292155169955851,0.0
82,76.02898436236647,7.112584558532535,0.0
83,73.89577484825945,6.815541010863732,0.0
84,75.41547188615516,6.52159147900016,0.0
85,76.35818648041193,6.17728264780394,0.0
86,72.50891384467522,6.0705544963685725,1.0
87,74.17050837453046,5.830400710344897,0.0
88,73.28879888055273,5.53628795574473,1.0
89,74.5868498335257,5.0971016745097595,0.0
90,73.25896023031433,4.823733783341484,1.0
91,77.43512325958619,4.328036658318595,-1.0
92,80.61212811929437,4.050063153470606,-1.0
93,77.41511741739902,3.186740276844863,-1.0
94,76.73031868393602,2.5047030072167757,-1.0
95,79.25486094391366,2.5712474382997907,-1.0
96,75.79605566293922,2.561924458544156,-1.0
97,73.80505598901665,2.4653487467999273,1.0
98,71.69608014533992,2.5341775326261176,1.0
99,75.82009420098697,2.291863190935331,-1.0
100,75.42759418676914,2.252424796813429,-1.0
101,73.28740257927433,2.249381806998316,1.0
102,70.4353861799431,2.4936387880814124,1.0
103,70.89038254530722,2.6529499755839274,1.0
104,75.24676916524069,2.651524916660105,1.0
105,78.04759105601144,2.7262396200310737,1.0
106,81.8245169218785,3.0565821913217466,-1.0
107,76.31962185298966,3.046940207184582,1.0
108,77.84035765266681,3.0384256768283873,1.0
109,76.97104841825711,3.0356503855133563,1.0
110,78.45369723180386,3.0194618219711042,1.0
111,78.76578277289802,3.0632537301609575,1.0
112,81.159123664024,3.1065551873412804,1.0
113,82.06798266009199,3.3614301563662927,1.0
114,87.02055139460153,4.105096197208647,1.0
115,89.39068802455198,4.93836091988307,1.0
116,97.70645717981184,6.665593604666357,1.0
117,93.72212577775768,7.361616076591284,1.0
118,93.94657917741948,7.773318364945926,1.0
119,94.6409288354616,8.272474789963333,1.0
120,95.0986121158111,8.653318713383822,1.0
121,98.79944662128906,9.072054114369037,1.0
122,102.36425228342318,9.378843237864363,1.0
123,98.46726146022895,9.139888002202303,1.0
124,101.58462385762344,9.27008740285946,1.0
125,103.42764652304922,9.539041517138504,1.0
126,105.72000319784144,10.014523892844576,1.0
127,109.58936010864608,10.264824801922666,0.0
128,111.30419282775648,10.50209979679982,0.0
129,110.0951065825252,10.283178184336672,0.0
130,109.58047778991389,9.888917387518694,1.0
131,111.29868904281253,9.354391958240955,1.0
132,114.2782276408133,8.982029745423217,1.0
133,112.6051457981166,8.248491090155511,1.0
134,112.01244037220776,7.731512532578265,1.0
135,111.90630320508193,7.225063325719834,1.0
136,109.264052035405,7.122369999388004,1.0
137,113.4184487147206,6.839119726889651,1.0
138,115.86459675971828,6.561506946952588,1.0
139,119.22319822907434,6.412221983986722,1.0
140,121.41248634106026,6.259781960502481,1.0
141,116.14558725105448,5.872712351509277,1.0
142,115.6282684133834,5.653034247958915,1.0
143,115.37572463299216,4.867633296590427,1.0
144,118.2895743604006,4.399476793653933,1.0
145,116.50244560684794,3.869566981781535,1.0
146,118.36696919750514,3.5561170571371337,1.0
147,117.98078864813375,3.4893212817740222,1.0
148,123.45690641214556,3.928899369011761,1.0
149,124.6391968288514,4.277441135962071,1.0
150,129.48987258428647,4.995033177099995,-1.0
151,129.86435953154003,5.59644632318346,-1.0
152,129.27230911597135,6.08478186959246,-1.0
153,130.23527461783866,6.446647836408427,-1.0
154,132.82737314305126,6.8554830470450625,-1.0
155,132.97611787997397,7.0871356403880705,-1.0
156,134.2635711575901,7.017571944305292,-1.0
157,131.95255825995707,6.942173172396559,-1.0
158,134.43717184343552,7.081333116219453,-1.0
159,132.64017510840506,7.178323008912021,-1.0
160,132.4689647769405,7.289054811505226,-1.0
161,129.41486392281524,6.956454334791096,-1.0
162,127.46568495434092,6.468901384747469,-1.0
163,126.1152419759316,5.862087341520213,-1.0
164,126.79056589604198,5.442109376236019,-1.0
165,125.8835327467526,4.754562238445102,-1.0
166,124.62262111541555,4.227552057344622,-1.0
167,120.8411456552395,3.8744959885504664,-1.0
168,121.65282648309976,4.027884469577852,-1.0
169,118.68121663118612,4.546022545105699,-1.0
170,117.8739606356126,5.130139158684815,1.0
171,121.37959190913745,5.316507609338234,-1.0
172,113.44600028432065,6.1632633652565945,1.0
173,110.69585767034494,7.071520752625691,1.0
174,114.30946239089154,7.314078119062538,1.0
175,116.09184590150868,7.306719885320352,1.0
176,117.64680141018113,7.023635474249744,1.0
177,119.70786033102236,6.750793031487271,1.0
178,117.5438404209244,6.229586478712592,1.0
179,120.84560969036112,5.6797632859135145,1.0
180,121.63542550672464,5.024677000408022,1.0
181,121.71502177826513,4.5927465979130835,1.0
182,123.4258830796562,4.340474457887711,1.0
183,122.86128537983242,4.158126278665607,1.0
184,120.25109045307714,3.830533482693135,1.0
185,120.9353554420226,3.5498181074431407,1.0
186,123.7001144153775,3.4824834839699235,1.0
187,123.2786834016748,3.581891961811091,1.0
188,121.1783771145852,3.567616803361791,1.0
189,125.594415299265,3.8240596005265415,1.0
190,127.39925942119976,4.162121559787097,1.0
191,128.04680346010778,4.515114940845195,0.0
192,129.53491923958885,4.621289678599942,0.0
193,128.08525811754478,4.1266172815594695,0.0
194,129.2802335241268,3.9771172257326737,0.0
195,129.30360778255806,3.8760934158638864,0.0
196,130.04907230234062,3.8658725838984056,0.0
197,129.22826972228057,3.8673562565787614,0.0
198,127.84779389965468,3.5368183643921514,1.0
199,129.73529056856066,3.51803443469506,-1.0
200,130.62413085481933,3.5515944602714535,-1.0
201,133.4266999195893,3.749872199070355,-1.0
202,133.30448275403884,3.9430162657930983,-1.0
203,133.88193731772378,4.075086732333524,-1.0
204,130.57070244065596,3.7151365441355066,-1.0
205,132.14633597988427,3.38440381395859,-1.0
206,131.99918643819117,3.230058202478916,-1.0
207,133.9245891538437,3.071742839768131,-1.0
208,130.7695807522664,2.3179956780300777,-1.0
209,130.11499972109908,2.0458275972226865,-1.0
210,129.02921202648375,1.9474282771828757,-1.0
211,127.73388954924042,1.969686302162526,-1.0
212,130.20336408608168,1.9575553824373884,-1.0
213,130.19346216231085,1.872007829501067,-1.0
214,125.99739651621334,2.126720837654948,-1.0
215,125.17464628886307,2.4284085699717934,-1.0
216,125.13165530774867,2.6897843840907183,-1.0
217,124.60619183991844,2.950226377062809,-1.0
218,123.05177955337776,3.2939294875821523,-1.0
219,121.56726844791868,3.748749512186054,-1.0
220,121.84833364137248,4.069760830878646,-1.0
221,121.5291310325954,4.21464931925017,-1.0
222,121.0517512978686,4.313627406304216,-1.0
223,119.8574927210646,4.365665387304755,-1.0
224,120.55444255625788,4.486212518809621,-1.0
225,115.43708452625164,4.883210759354461,-1.0
226,119.51716799015196,4.804349674726357,-1.0
227,115.95866923334675,4.699662984389396,-1.0
228,110.33239658523948,5.323076299843002,-1.0
229,113.46054979460236,5.44362955920184,-1.0
230,112.55078964024662,5.586704957087685,-1.0
231,110.65959306973154,5.848287211760997,-1.0
232,110.54582993068152,5.771379144132258,-1.0
233,110.64157542088712,5.505835151135704,-1.0
234,110.74957457928456,5.4647247046557235,-1.0
235,108.71958176489848,5.520354591357285,-1.0
236,105.7517521853014,5.69539128680061,-1.0
237,106.32961313215398,5.694501280017691,-1.0
238,106.14673116291011,5.691975370976339,-1.0
239,101.80967282821324,6.042552381162345,-1.0
240,104.03784809910384,6.008986862852834,-1.0
241,103.30910109649068,5.913667577547884,-1.0
242,103.36689158733896,5.7085857134714795,-1.0
243,103.46056115682993,5.464174396820522,-1.0
244,100.47497578570255,5.196574466393005,-1.0
245,99.75858412162697,5.302397205339981,-1.0
246,99.2476519981606,4.881255307869266,-1.0
247,94.17987043463962,5.166869729015956,-1.0
248,92.07763922466488,5.882538109775565,-1.0
249,91.76956954207417,6.20490403823747,-1.0
250,89.74923669021861,6.591170972976935,-1.0
251,90.36923594604092,6.8482472050034495,-1.0
252,92.02374504506692,6.8307064957623504,-1.0
253,89.89031675593891,6.816932836749398,-1.0
254,89.82460668884198,6.628688968005008,-1.0
255,86.46538972944677,6.710528142893033,0.0
256,83.43163701334714,7.110431841383888,1.0
257,82.44217980719885,7.354331553040477,1.0
258,82.0115695464149,7.4417703601452905,1.0
259,78.80873476252725,7.930158925249457,1.0
260,80.4901737949963,7.9273866702052675,1.0
261,78.235763565159,7.970272088396024,1.0
262,79.84987985956921,7.686885577935575,1.0
263,79.63916190504428,7.195342797922617,1.0
264,78.88166465795496,6.842165719617125,1.0
265,79.85177912947162,6.3091083983951535,1.0
266,83.93098452418432,5.48768137020758,1.0
267,83.44049884979987,5.0720431442280045,1.0
268,93.05153204069754,5.151072485975575,-1.0
269,94.784305200729,5.406379484110408,-1.0
270,90.40604041838552,5.439543401036952,-1.0
271,92.14722852444368,5.54724256129661,-1.0
272,89.80440189764975,5.419661729416153,-1.0
273,86.27172219966283,5.302353342266193,-1.0
274,85.6953087989182,5.170591319873614,-1.0
275,82.94754233828867,5.159392176206242,0.0
276,82.33352151021468,5.175007370357179,1.0
277,79.92417791501056,5.2514001746509935,1.0
278,82.28036837001692,5.246047012906109,1.0
279,83.80245177326347,5.095697123394813,1.0
280,84.68825248524747,5.012451821896162,-1.0
281,84.7100629207546,4.783762041684718,-1.0
282,81.24045080839771,4.715784248005024,1.0
283,78.16419238693233,4.8143964184341215,1.0
284,77.1615203064451,4.941590029207468,1.0
285,78.69233604311563,5.009423553406797,1.0
286,82.79105834187037,5.025975788460378,1.0
287,81.55667443975582,5.0686259553426805,1.0
288,85.25187128604102,4.670380690000847,1.0
289,86.16479233917708,3.994193331697465,1.0
290,86.76332348665697,3.7529528722275516,1.0
291,88.30301830943392,3.372358428140117,1.0
292,90.6245049889134,3.4578807217507723,1.0
293,89.95527030859336,3.704368687307734,1.0
294,90.3690948511182,3.977381035235778,1.0
295,90.5853357979238,4.240480454924528,1.0
296,91.7611535613631,4.528336501818277,1.0
297,88.71531907302636,4.46251332808755,1.0
298,89.42086863136976,4.503844993187927,1.0
299,93.16306247023816,4.791396690521274,1.0
300,94.9575848717394,5.177646654681282,1.0
301,94.63577800265308,5.46310402685658,1.0
302,95.1686843500175,5.575008681657729,1.0
303,94.93104004416894,5.318731565801745,1.0
304,97.31406132189952,4.943630134497688,1.0
305,100.03667585091536,4.775960163409081,1.0
306,101.9242633785961,5.033800654904601,1.0
307,102.2473520544511,4.991355950492656,1.0
308,105.7246332119698,5.4775301199955235,0.0
309,106.20139694648816,5.857826823896488,0.0
310,105.40232502714736,6.019175680551579,0.0
311,106.22428947737822,6.210988011842306,0.0
312,105.31384685479992,6.350552592455159,0.0
313,103.61952442809314,6.2642609362889825,0.0
314,104.66173750185943,6.176255093999955,0.0
315,103.430488541954,5.963105064424675,1.0
316,104.16946335330516,5.786621886977228,0.0
317,104.26408335094872,5.227567014543051,1.0
318,106.0230410307707,4.636978196582917,0.0
319,109.31767617235006,4.519201516933989,0.0
320,109.55485091663444,4.452905254006605,0.0
321,111.29796343919524,4.361785162493049,0.0
322,107.88585921643327,3.9372333298095916,0.0
323,109.5888701328134,3.393421526471436,0.0
324,109.8242589513138,2.990407154865038,0.0
325,110.15957527025652,2.8083816569835727,0.0
326,110.2414122931255,2.734642837276555,0.0
327,110.73247420501426,2.6551244498585356,0.0
328,110.40487839906297,2.725250998138709,1.0
329,110.81075349218604,2.810699145874638,1.0
330,112.71398571897252,2.974209816757678,-1.0
331,111.38492939440502,3.034210114691808,1.0
332,110.7494625723877,2.9987187143488874,1.0
333,109.99100930146278,2.778640692420542,1.0
334,110.69424273327826,2.6218859656198688,1.0
335,108.64515725225708,2.255625422752261,1.0
336,109.35363419902652,1.8881011866948256,1.0
337,107.84731095450964,1.4708493277841992,1.0
338,107.57733748353084,1.2869535952274975,1.0
339,107.3437051694351,1.4071727013051343,1.0
340,107.37605350350144,1.5109302422500697,1.0
341,110.5621468707117,1.4794000311659605,1.0
342,112.0670289094602,1.5055808112506783,1.0
343,112.45226712551248,1.6068353259619976,1.0
344,112.21796206461282,1.6770188544535025,1.0
345,112.45158482180264,1.7531238720376916,1.0
346,113.55246734244317,1.8994331830971802,1.0
347,114.0240254893941,2.0612311504224423,1.0
348,115.01155530242916,2.282498133461655,-1.0
349,116.37962993994674,2.596630994819647,-1.0
350,117.03217484046786,2.898184420754974,-1.0
351,116.25554461747328,3.1001395722762464,-1.0
352,115.24029858271376,3.1979689711431014,1.0
353,117.52134960036548,3.4096042182299184,-1.0
354,115.10697915843164,3.450906219699728,1.0
355,114.58629190144596,3.365237728789775,1.0
356,113.6949547753372,3.2770232043696907,1.0
357,111.07640203565003,3.0883153597156117,1.0
358,111.70212050238182,2.828554415245464,1.0
359,110.92935364796968,2.5302092973967336,1.0
360,111.8860986350415,2.128315760198968,1.0
361,112.91781008212004,2.0080352904162027,1.0
362,111.84925499740858,2.0185203156135616,1.0
363,130.11878104101626,4.145337580058315,1.0
364,129.6383499882098,5.277004618684188,1.0
365,131.7001641209827,6.332202910639444,1.0
366,129.8599961432883,6.9508772888998624,1.0
367,134.8766898185113,7.925103297673567,1.0
368,135.76219983507673,8.775119137861662,1.0
369,137.3604757216449,9.60870160656318,1.0
370,139.80243915823817,10.490257113731111,1.0
371,139.04833140809245,11.10009662010541,1.0
372,140.11079810594913,11.598333238529523,1.0
373,141.06578561733855,12.092883243934061,0.0
374,141.25126970809805,12.359712215073216,0.0
375,144.33347398484656,12.642049444459808,0.0
376,145.39502193868657,12.74761686062059,0.0
377,146.25659773502088,12.491251836241688,0.0
378,150.22266850457396,12.279454231710886,0.0
379,150.88974714280522,11.699028361075564,0.0
380,153.5325952084049,11.014014440335366,0.0
381,154.25454561750968,10.03263653906377,0.0
382,153.9042277165367,8.201865207683985,0.0
383,154.2033695574284,8.21572489870078,0.0
384,154.5492583875201,8.021545104658799,1.0
385,158.08738480285234,8.075917244942673,0.0
386,157.02724259511848,7.625338444439843,1.0
387,157.69978230037586,7.485581867887922,1.0
388,156.1813105518512,7.151272128664249,1.0
389,155.70851502149458,6.7792903898679455,1.0
390,156.30898575940927,6.5135307458095735,1.0
391,158.33589432614437,6.146012716323487,1.0
392,157.42323958458513,5.662715903456693,1.0
393,157.96053107218802,5.1286459588925934,1.0
394,156.57169068394325,4.336772157190013,1.0
395,159.3876487284645,3.861653684933732,1.0
396,161.55960144285655,3.48608571139372,1.0
397,157.62083220996942,2.747530458012996,1.0
398,161.45371588098303,2.634619602318067,1.0
399,163.04774829123906,2.642329883078596,1.0
400,164.62355245656715,2.966990948138492,1.0
401,163.00200269922794,3.0608039018873843,1.0
402,164.26417559529733,3.1645725100321593,1.0
403,165.25147696506895,3.2907523959902325,1.0
404,167.11275798362664,3.5262056079853212,1.0
405,167.71557627869376,3.8987596738724664,1.0
406,171.61317445733937,4.543096106917019,1.0
407,177.57764372791007,5.761374919288432,1.0
408,180.89088128394584,6.945025851049223,1.0
409,181.2984848367917,7.767504259540155,1.0
410,179.1745527207454,8.148464118900131,1.0
411,176.97948653882372,8.315030193050621,1.0
412,178.50883976409355,8.409581473432121,1.0
413,177.21227335795066,8.32778106072496,1.0
414,176.89422303561574,7.997781869787222,1.0
415,177.5155068681949,7.7848625516884615,1.0
416,180.055528491965,7.744661524733139,1.0
417,179.87314779404946,7.212207503576422,1.0
418,178.80249058461263,6.820645742125316,1.0
419,182.49886727729464,6.625176230517418,1.0
420,183.022680749982,6.450380851194171,1.0
421,191.5938324091641,6.7065668193553805,1.0
422,193.27092068346,6.963343908834962,1.0
423,192.5683250240403,6.939323449206272,1.0
424,192.63555292410592,6.847173257248319,1.0
425,188.9775748862148,6.307838232801597,1.0
426,192.71560893612505,6.234985692362405,1.0
427,190.46293932497747,6.299353404981971,1.0
428,193.2808645067289,6.605429462282518,1.0
429,195.102464674921,6.978564341460594,1.0
430,197.1512497388649,7.329846132874982,1.0
431,196.4004064300953,7.364391031836374,1.0
432,199.97293148747144,7.632131927323375,1.0
433,199.99940731904053,7.637754339722984,1.0
434,204.41634517125703,7.793114089997386,1.0
435,205.0646950563189,7.809012933208055,1.0
436,206.04394616957853,7.897272912659172,1.0
437,208.244581087812,7.926877991323072,1.0
438,208.46469815202312,7.580721019899725,1.0
439,212.4586877988613,7.7117527492737485,1.0
440,242.3750939919705,12.024165797352163,0.0
441,243.57841060204748,15.186735411052581,0.0
442,247.41877448671005,17.912991855317152,0.0
443,251.43585449988075,20.29139112312936,0.0
444,248.36471861017225,21.72888698802764,0.0
445,249.6694582972944,22.62335744981323,0.0
446,243.9527486190501,22.910262322348995,0.0
447,243.0351412345838,22.69692726296989,0.0
448,242.1947652678676,22.318727657379867,0.0
449,247.5228537048654,22.036948440695166,0.0
450,254.78296818926052,21.987075650035642,0.0
451,253.82937070487648,21.417348723582457,0.0
452,256.5717592934773,20.884425495779105,0.0
453,259.33265653291505,20.0780791596867,0.0
454,257.28517396812225,19.09661267242359,0.0
455,255.9519957685622,17.661949850384897,0.0
456,249.80348795470903,15.613787116374949,1.0
457,255.8860016705908,13.375376888089292,1.0
458,258.4999048989248,10.264140936655277,1.0
459,255.5739525317962,5.816436470098487,1.0
460,254.86079256775545,5.521128089764089,1.0
461,249.82081328098587,5.219267832895422,1.0
462,250.0825299298897,5.13516900188468,1.0
463,252.77980303202952,5.1372537919328245,1.0
464,261.97484735890583,5.518999078699777,1.0
465,257.70071766751715,5.580976262749403,1.0
466,265.8619647488364,5.840941638966499,1.0
467,265.7392733058315,5.769313669639035,1.0
468,264.12119745131696,5.20283610854557,1.0
469,262.8889622953388,4.951582247544674,1.0
470,271.3799336413616,5.84169457789372,-1.0
471,277.4345320093282,7.185360556426205,-1.0
472,278.46128747447585,8.341636423571236,-1.0
473,277.42265407389823,9.173691060183971,-1.0
474,276.16074317119194,9.707692674828065,-1.0
475,271.26713211207965,9.79913116896327,-1.0
476,263.7375816078174,9.302803321242335,-1.0
477,259.9576235317081,9.169094823118899,-1.0
478,259.3994559941285,9.143970239277298,-1.0
479,253.70843448812636,9.241628406173042,-1.0
480,246.68160881833464,9.81812813430504,-1.0
481,247.12357196685457,10.02968879863854,-1.0
482,241.4480761177212,10.781437965124347,-1.0
483,233.94068485154065,12.400858904067618,-1.0
484,226.10632316762585,14.748767648592537,-1.0
485,217.54107045638,17.549938693001504,-1.0
486,211.9445425350273,20.21985359890727,-1.0
487,204.5079636206994,23.00370831868765,-1.0
488,198.16854041917796,25.77449966215216,-1.0
489,194.43816567239543,28.253610132338025,-1.0
490,190.18184821954787,30.1177273903586,-1.0
491,188.04269802031752,31.117797461339865,-1.0
492,185.475573602956,31.542512483145945,-1.0
493,180.1573534856428,31.72716454757966,-1.0
494,174.77178762000602,31.642697056679157,-1.0
495,169.63822745407384,31.547315921275548,-1.0
496,168.06806258217583,31.395962108363307,-1.0
497,163.76624665409804,31.120357462395194,-1.0
498,158.388766596469,30.488027772808362,0.0
499,153.91488829555496,29.86113427390176,0.0
500,150.22345806093182,29.32093411752659,0.0
501,145.6009508106717,28.2048370872339,0.0
502,144.43458155363135,26.80314353086637,0.0
503,142.16759071002613,25.437914472469693,0.0
504,139.71774265479684,24.211731774529717,0.0
505,137.36163382955834,23.251802668818346,0.0
506,134.75821133733385,22.318890548866218,0.0
507,129.33316210273222,21.851176248366496,0.0
508,127.71412612355752,21.462118926305394,0.0
509,122.32786000184436,21.2349167226922,0.0
510,118.27163107415532,21.10579468918077,0.0
511,124.03078429165708,20.136920346895952,0.0
512,122.58725381922746,18.934398171551877,0.0
513,119.08632086495646,17.92512745709514,0.0
514,116.50478894570615,17.086573490291865,0.0
515,118.4309509710586,16.12578705773773,0.0
516,124.11095205109125,14.56476764190886,0.0
517,122.7271786508015,13.05777447997467,0.0
518,125.59695594322088,11.627584618578362,-1.0
519,121.24164311770376,10.467944591999013,0.0
520,121.846724650214,9.347456840681101,0.0
521,121.49431963173718,8.455510668032387,-1.0
522,120.53495412318058,7.443610844494839,-1.0
523,120.22511962660892,6.400415720048209,-1.0
524,120.9017159570682,5.321554521484824,-1.0
525,119.49295550379576,4.257341978565408,-1.0
526,118.7209960237134,3.2239602262423417,-1.0
527,116.64547461757688,2.885684358192169,-1.0
528,117.06707322530237,2.5709996415556144,-1.0
529,118.67191293765296,2.571074295789186,-1.0
530,117.92752731550311,2.587233963255258,-1.0
531,119.93708454599825,2.4420912468482565,-1.0
532,117.90562350703348,2.424279958304491,-1.0
533,114.22016782037002,2.7395811380485195,-1.0
534,114.27693849355764,2.916363296478306,-1.0
535,111.02768414079976,3.4865022385498374,1.0
536,109.09448513429057,3.9639691195253643,1.0
537,108.91610388183614,4.367223830335214,1.0
538,107.92021711122597,4.490484240099486,1.0
539,109.42090675514046,4.664006858864721,1.0
540,114.29663117815338,4.494971502312057,1.0
541,112.30804216380142,4.364438072702556,1.0
542,111.62731274001078,4.274543233711838,1.0
543,115.6338867420826,4.100615753009075,1.0
544,114.2170862178718,3.8413888300089885,1.0
545,117.4598456457124,3.72655405177292,1.0
546,116.65008699663235,3.626571162341275,1.0
547,116.8214779500598,3.6328693660234315,1.0
548,116.87741621996685,3.6254238285882465,1.0
549,120.59474133132731,3.7711324723981594,1.0
550,121.88162275500798,4.060720469203495,1.0
551,122.85687634391051,4.309300295148369,1.0
552,124.13926468838648,4.755648355307345,1.0
553,124.05826332912775,5.160963438793791,1.0
554,123.10364792839088,5.42135027539465,1.0
555,127.20373094457727,5.839594807032976,1.0
556,125.59395457138552,5.865953375420327,1.0
557,126.76915871788042,5.836606121385295,1.0
558,129.65517062133895,5.791867678394999,1.0
559,131.69376923193812,5.8806586935120535,1.0
560,131.75027466019364,6.172556743003446,1.0
561,133.92937045050377,6.360218784153288,1.0
562,134.44480257326427,6.329892733170006,1.0
563,134.1740955475658,6.4329199855566435,1.0
564,132.23071270872103,6.143409543374621,1.0
565,132.9421028035418,6.038998020166989,1.0
566,133.38549420025112,5.775203363543495,1.0
567,133.80010475528704,5.404484463012138,1.0
568,137.8870422084922,5.153708211080292,1.0
569,142.7332092336216,5.588824817242188,-1.0
570,143.72649575071293,5.9950277490448105,-1.0
571,142.9578005308271,6.1862604548667735,-1.0
572,145.7570083123939,6.560920497717839,-1.0
573,143.59008292325566,6.552464645341459,-1.0
574,143.50401494150412,6.289501197791619,-1.0
575,144.65223065875975,6.304864573114514,-1.0
576,150.73211865309267,6.567120805048553,-1.0
577,144.02613366988896,6.204497719878329,-1.0
578,133.4769682018534,5.976345923396706,1.0
579,137.6358300017135,5.76032659015713,1.0
580,134.29778533517833,5.621164821020399,1.0
581,131.21614884898452,5.780319267595949,1.0
582,132.78414552880403,5.858457333534347,1.0
583,131.3655461427852,6.006351403801477,1.0
584,134.97743329277955,5.882329888498873,1.0
585,137.64147358410926,5.7290435555284756,1.0
586,141.81727504950422,5.60240772767554,1.0
587,141.79418968288007,5.463119345514441,1.0
588,142.46975125777115,5.47349273421911,1.0
589,139.61603172199972,5.437562944158746,1.0
590,139.35426626445667,5.363087671591017,1.0
591,148.0346023022245,5.639263481177263,1.0
592,151.5844053316447,6.088446420883012,1.0
593,148.18988654390265,6.305134680772944,1.0
594,149.21217912836718,6.573720361064149,1.0
595,149.7643353422377,6.8281480410386886,1.0
596,154.17503243178754,7.123446976876659,0.0
597,157.28751660150138,7.970028556763442,0.0
598,152.9517527062181,8.084025847539078,0.0
599,154.6385341770241,8.399302297052829,0.0
600,156.1280055388081,8.536145944732008,0.0
601,160.57360418518113,8.610186453101958,-1.0
602,162.03503442381918,8.692102914388368,-1.0
603,160.2269025554559,8.22410942784226,-1.0
604,160.02348784252712,7.855307593917208,-1.0
605,159.94143189727097,7.528472526724961,-1.0
606,161.65232708740717,7.493448869273238,-1.0
607,157.2228752932487,7.120051931579844,-1.0
608,158.05004189153468,6.7190589758573065,-1.0
609,157.07940202626247,5.821685900667366,-1.0
610,153.40495188436927,4.556465858285055,-1.0
611,148.73211850693565,4.4977314212678685,1.0
612,153.94934289641174,4.415734655559648,-1.0
613,148.66842209348417,4.373641702678951,1.0
614,148.0746105836472,4.469966964321821,1.0
615,151.94697417018017,4.341475899934341,1.0
616,146.01790161469177,4.85832823242645,1.0
617,148.35506492251065,5.083944250173323,1.0
618,152.4850596271661,5.09482059382707,0.0
619,148.4385222039374,5.299924743908078,1.0
620,145.6641703360328,5.651209692877719,1.0
621,148.72963409198724,5.5599544721550345,1.0
622,153.27284712915227,5.187670671295933,0.0
623,151.26810483916054,4.91945361225825,1.0
624,154.62497483642252,4.633301647683494,0.0
625,154.43056994933485,4.3126595081462975,0.0
626,152.1049228030177,3.6824039329816025,1.0
627,158.76019690251078,3.8188961041500966,-1.0
628,157.68227618579616,3.7874817512188916,-1.0
629,154.49802527002055,3.6348687156888735,1.0
630,153.82244920824803,3.647227259178389,1.0
631,154.87964087874053,3.6539527427124074,1.0
632,152.61056282035668,3.6262771681237282,1.0
633,152.7299108845995,3.5536858091745827,1.0
634,157.15462624662402,3.6028072382218586,-1.0
635,155.08042350464908,3.646556118941475,1.0
636,152.9284630177756,3.2977238612717077,1.0
637,153.04676126844527,3.113432924959475,1.0
638,150.87977880007136,3.1535554044399117,1.0
639,151.9665994431881,2.9706642169432023,1.0
640,152.6580156008946,2.3757353853022805,1.0
641,152.78404377238047,2.088867827882344,1.0
642,151.55668306315448,2.1486150057126,1.0
643,152.26318295566813,2.0984859411709795,1.0
644,153.95122558915423,2.0903279131869277,1.0
645,158.8002474439505,2.37046050971443,-1.0
646,159.98312337807505,2.6728776079226058,-1.0
647,158.0704484777626,2.6175601956087706,-1.0
648,158.84277730967028,2.70627187200372,-1.0
649,159.30297065605166,2.9180542664548503,-1.0
650,160.39770683392675,3.1769752362228814,-1.0
651,159.36950296092934,3.323687215098305,-1.0
652,159.52342131723427,3.3968080342378713,-1.0
653,160.33659342521017,3.4873663520134954,-1.0
654,160.22982747891177,3.6091806346171413,-1.0
655,160.8805824645685,3.753217644700061,-1.0
656,158.8400315848017,3.698761345045559,-1.0
657,160.85427155862777,3.706657747401233,-1.0
658,158.39349529542903,3.415048165899019,-1.0
659,156.70757745579246,3.1701397878952724,-1.0
660,154.7468053696437,3.026902628060428,1.0
661,151.42678400958067,3.1574819097905182,1.0
662,152.89895385300446,3.0312382717840674,1.0
663,154.0219959668986,2.884383957563297,1.0
664,160.22742698177044,2.7738719667765084,1.0
665,159.05068187005037,2.77732186009555,1.0
666,162.73831348369018,2.934056835299868,1.0
667,164.54805658176485,3.2435804145141147,1.0
668,168.82495533867268,3.9607857332682457,1.0
669,170.13480290205024,4.659445103764447,1.0
670,168.35299577986328,5.045063267679485,1.0
671,171.8532468885258,5.681363471283382,1.0
672,174.9018871925747,6.492326396960313,-1.0
673,173.3048884372186,6.9980772273662994,1.0
674,176.15276941322776,7.644404515992603,1.0
675,171.57347364668087,7.863357867971828,1.0
676,168.63640689289053,7.864383258531898,1.0
677,165.038733539198,7.8327984812008005,1.0
678,165.97278146749446,7.72081905857812,1.0
679,188.99511360407848,9.2229092532264,0.0
680,188.0488753189278,10.023445907217937,0.0
681,186.06929208551577,10.031958637807163,0.0
682,187.76536879784803,10.012406788394431,0.0
683,190.69403091581236,10.03755295926546,-1.0
684,190.13093156864795,10.237422735921928,-1.0
685,189.52784404043783,10.061671999687999,-1.0
686,187.95106748549568,9.868737941877933,-1.0
687,190.16582775160413,9.771615382934272,-1.0
688,191.46015564850137,9.877344170372899,-1.0
689,190.9973003040456,9.900435787822694,-1.0
690,191.12705567658145,9.691323669650695,-1.0
691,189.54417732836427,9.520541642037035,-1.0
692,188.05400605346003,9.392164570136208,-1.0
693,184.3896350215593,9.076889555732611,-1.0
694,182.99166718257231,8.88801178135283,-1.0
695,180.65272881262248,8.41461629052489,-1.0
696,181.90030711544475,7.541897718762151,-1.0
697,180.232499062754,5.964901073021827,-1.0
698,175.26520256064023,4.470082583687533,-1.0
699,176.77193863739092,4.96238057377268,-1.0
700,176.4963746150957,5.3883291172976,-1.0
701,178.15743163282826,5.63745795456271,-1.0
702,176.63964502887455,5.914539421705682,-1.0
703,171.63109235171183,6.406128781684624,-1.0
704,170.7072288157196,6.838325482126447,-1.0
705,172.09384267830373,7.0349552362555405,-1.0
706,168.56915460668102,7.473251997260866,-1.0
707,167.22094425368635,7.731438199267655,-1.0
708,165.97079554489628,7.7992312165903295,-1.0
709,165.28697795749457,7.744517316681742,-1.0
710,164.89505295278497,7.47570274844589,-1.0
711,160.7695464013989,7.475157266834451,0.0
712,161.68736237071644,7.269026332766213,-1.0
713,161.78302585918294,7.180917558665401,-1.0
714,160.27204567594836,7.145242516585704,-1.0
715,160.2462572946234,7.1287649657734375,-1.0
716,159.89790738039713,6.8606742578549635,-1.0
717,157.97039016505244,6.700263884936896,-1.0
718,158.07960603149203,6.769371639209113,-1.0
719,159.8726360841117,6.502998468112364,-1.0
720,160.67523066967786,6.097375221003695,-1.0
721,163.91408446820537,5.270348780447755,-1.0
722,164.30987528944337,4.416347746843129,-1.0
723,161.56087922842238,4.033071448783861,-1.0
724,159.90636781455248,3.6965835165487864,-1.0
725,159.16410773762215,3.0504433964496935,-1.0
726,155.012365608267,3.0441055911717227,-1.0
727,153.72948217204657,3.183724389588595,-1.0
728,151.74581884150362,3.526536083352998,1.0
729,150.6037869666241,3.8865043602821054,1.0
730,150.85057197016351,4.086910026725664,1.0
731,152.448209854059,4.273984486974303,1.0
732,151.469799056402,4.440898678953524,1.0
733,147.75811954269844,4.8469265388219345,1.0
734,149.04930666566287,5.088665786374134,1.0
735,149.0494210556305,5.257882424364395,1.0
736,152.66168272714108,5.213706994426983,1.0
737,152.1535936388589,5.2303670568646,1.0
738,154.1286519110509,5.190371197642634,1.0
739,154.62985977092856,5.0623104025983,1.0
740,158.9208404929771,4.968400343277364,-1.0
741,162.11324008766607,4.805378626339959,-1.0
742,164.63759930244618,4.840791682530959,-1.0
743,162.9217821623999,4.952367466421069,-1.0
744,163.4435636487347,5.206679690096303,-1.0
745,163.33915641027966,5.467009326561723,-1.0
746,159.06834604260283,5.540919040658083,-1.0
747,158.08635123785578,5.564163763212565,-1.0
748,154.6105533470334,5.500186572916827,-1.0
749,154.7207566730266,5.37917682095671,-1.0
750,145.23345062111403,5.782857333087255,1.0
751,145.8989388520842,6.140463800821763,-1.0
752,151.43667936069522,6.141525606329423,-1.0
753,147.1652465730706,6.18060767624545,-1.0
754,154.03006541691815,6.019528384516647,-1.0
755,154.3933292100861,5.838086849209214,-1.0
756,147.59201676769004,6.081026838694379,-1.0
757,144.69318362215645,6.506287158535385,-1.0
758,146.9013212767248,6.756244754877799,-1.0
759,144.67513743523685,7.118046626185707,-1.0
760,135.21801429781104,8.183174894425632,1.0
761,137.51909197989164,8.581270961118765,1.0
762,142.06381245968203,8.280283695613571,0.0
763,143.28115311846977,7.904481146593452,-1.0
764,143.8822404401334,7.297195221601856,-1.0
765,141.71285557386997,6.579270272804217,1.0
766,145.81268700365183,6.006912796734444,-1.0
767,144.6836967088471,5.4173954061590885,1.0
768,145.70302764558997,5.0498325788088945,-1.0
769,145.47315380094483,4.59597476979585,1.0
770,152.97348380227535,4.899836340719038,-1.0
771,149.9513265003385,4.9890573446517426,-1.0
772,150.27871089926555,4.928482832229293,-1.0
773,142.99790083686875,4.9601750338299855,-1.0
774,139.71591345905222,4.720634950080169,-1.0
775,133.7130521748264,4.813314632374115,1.0
776,135.60091749114298,5.074475878335068,1.0
777,133.97391497595515,5.474618159822668,1.0
778,130.59285288469002,6.019997578188961,1.0
779,130.09573872875163,6.538292232459679,1.0
780,130.43311686993096,6.851154039062654,1.0
781,132.13530571131693,7.097411218417857,1.0
782,139.188991156032,7.098593674075444,1.0
783,147.04910992424018,7.22214357508182,-1.0
784,149.666008614526,7.46387655910596,-1.0
785,151.03611192367467,7.789046361920528,-1.0
786,152.3168541675117,8.10557399181224,-1.0
787,156.39415883128544,8.718624896638666,-1.0
788,151.3646632456596,8.918922280345415,-1.0
789,152.69345376687514,9.177436750258666,-1.0
790,145.3897947684643,8.90089749163208,-1.0
791,146.8944561997165,8.795985218855096,-1.0
792,146.68088054404623,8.66600375499555,-1.0
793,147.78085058604563,8.749066084415693,-1.0
794,145.36170501664097,8.740974231593285,-1.0
795,142.35317180303127,8.47144332698846,-1.0
796,138.2479306673676,8.364000686108524,-1.0
797,134.8531264362979,8.313552575551856,1.0
798,130.07222196054238,8.356884019153672,1.0
799,133.0299250091297,8.131900251767634,1.0
800,128.68842690488927,8.288954468501919,1.0
801,124.7235328351512,8.964751383050759,1.0
802,132.47041294426265,9.24406854977279,1.0
803,132.04954559064834,9.490913659644688,1.0
804,130.64526481991342,9.644950456018119,1.0
805,134.04170979129103,9.475473646893146,1.0
806,131.084802899989,9.245178197906585,1.0
807,131.51978150010262,8.455589211251544,1.0
808,138.79547029131953,7.85558401332207,1.0
809,141.60981535958496,7.069181313643811,1.0
810,142.98645942263695,6.934894395784625,1.0
811,146.02501449081666,6.87001110389468,0.0
812,148.8758440139646,7.053746306839194,-1.0
813,150.19040239682633,7.269163597966492,-1.0
814,145.8788171828022,7.301761860473621,0.0
815,147.9709840723542,7.623270547127603,0.0
816,146.84289739417278,7.922556672781587,0.0
817,150.36067272115224,8.383212427681013,0.0
818,153.55948358187564,8.79140239236428,-1.0
819,152.500318160956,9.101910983118598,-1.0
820,149.0745039290411,8.842508519333249,0.0
821,145.0830123803425,7.9266940004045,0.0
822,147.3984378316289,7.621784237497956,0.0
823,145.84373012841596,7.15778481289292,0.0
824,143.97033649197485,6.431152979214644,0.0
825,144.0230137196757,5.929850732652076,0.0
826,147.36057845606132,4.92547008935713,-1.0
827,147.72164997871678,3.563842510953334,-1.0
828,143.994243305434,3.1096603898819457,-1.0
829,142.75640343175746,3.012888226956797,-1.0
830,139.6483194542283,3.329775688290806,1.0
831,138.1040876934184,3.8728511006792563,1.0
832,139.2478710891599,4.157485630194803,1.0
833,139.36016373907262,4.296443257704601,1.0
834,140.98539566265526,4.4135690699292,1.0
835,142.02598907750925,4.423708961586784,1.0
836,141.382537589035,4.471770906025447,1.0
837,143.14021605400816,4.2797582624995725,1.0
838,141.60242876701662,3.726236019632411,1.0
839,141.76765041012496,3.125898519440232,1.0
840,137.4866842813667,3.0576939550397513,1.0
841,140.63476016517353,3.032711047325469,1.0
842,141.84154701854007,2.7983593505088202,1.0
843,145.85457339963776,2.799114643841276,1.0
844,147.7516293046056,3.0457057601481066,-1.0
845,147.84641847166313,3.269069494583816,-1.0
846,151.24540844987797,3.663134217767789,-1.0
847,149.43024286204815,3.803168564818173,-1.0
848,148.1064749090458,3.9779712087841794,-1.0
849,142.8435883018076,3.9777253581378447,1.0
850,140.94949969703913,3.9301131803452725,1.0
851,140.04373058918918,3.823333695455202,1.0
852,142.98891869269036,3.710828617337714,1.0
853,145.63765658994,3.618652429275742,1.0
854,149.06608832246127,3.7508626181670155,1.0
855,150.11300890498538,3.9482270724246527,1.0
856,152.60601499656295,4.268437558734415,1.0
857,152.61252789678346,4.56111199530043,1.0
858,147.77001319325856,4.490144502585996,1.0
859,147.40944327479576,4.397780728819635,1.0
860,150.71905756842472,4.010154856682919,1.0
861,152.05963232608707,3.9019394102163685,1.0
862,156.17486683730522,4.146592316911578,1.0
863,163.36773064782477,5.3349250369734715,-1.0
864,160.84662695106184,5.949899088852505,1.0
865,158.55663137405168,6.258510328604277,1.0
866,160.95696755781643,6.710262227859704,0.0
867,163.4361636938808,7.286443347925465,-1.0
868,165.46638508147572,7.893078245490871,-1.0
869,166.70095613440134,8.204252130730122,-1.0
870,163.107495668877,7.929641072663171,0.0
871,167.7498820556518,7.691063523708874,-1.0
872,167.8172187536831,7.5044624095083705,-1.0
873,167.95406584101514,7.366915234638714,-1.0
874,170.59452527457188,7.529321733058613,-1.0
875,165.72531109775963,7.333375937757977,-1.0
876,164.21748762968488,7.168168276944341,-1.0
877,165.0798906084938,6.970684349873805,-1.0
878,163.62036061614464,6.2130563855794305,-1.0
879,151.70330555156534,5.735324012572767,1.0
880,153.1129693861635,5.501274823600048,1.0
881,154.1372787077905,5.311845619815334,1.0
882,161.0735909197685,5.113275165339392,0.0
883,158.30874199244565,5.205985101867263,1.0
884,161.06173404719095,5.202592582644765,0.0
885,159.24576307957696,5.177188453758168,1.0
886,159.18531782294852,5.220915125614405,1.0
887,155.82379837783958,5.420064820436839,1.0
888,159.69769551407876,5.383984478225413,0.0
889,156.11368355471495,5.3967891652608095,1.0
890,160.4929830310396,5.381491882183299,0.0
891,162.01768034654978,5.158728629037206,0.0
892,158.09544466205097,4.920102681934246,1.0
893,157.65002548553483,4.613308910138622,1.0
894,159.2120414736899,3.8580442823942946,1.0
895,158.80047915492466,3.5472643878446948,1.0
896,155.46601994746786,3.397637154925106,1.0
897,158.27477756784398,3.0236458318431336,1.0
898,159.01225017106427,2.7482656556167706,1.0
899,162.827791258403,2.5408507691379696,1.0
900,161.84593352414876,2.3097618548652337,1.0
901,159.21684431655103,2.0172614175620245,1.0
902,162.97434914246423,2.151890280726304,1.0
903,166.59807435800326,2.6890278338993276,-1.0
904,167.4944680877881,3.199227712647194,-1.0
905,166.34132380631905,3.4910414500567075,1.0
906,167.53575998169146,3.826737510907855,-1.0
907,161.51680408034045,3.6465897704234056,1.0
908,165.41556955106617,3.756706519392102,1.0
909,161.55546838009812,3.549201201100768,1.0
910,162.1383149382513,3.540830119370643,1.0
911,166.85499771568388,3.7241763285654867,1.0
912,169.19342197078996,3.941439046509606,1.0
913,163.87207209610054,3.781084305404715,1.0
914,170.19261569297,4.0211473177892305,1.0
915,169.77953018067842,4.114779696528073,1.0
916,169.55920253134963,3.7871705745306388,1.0
917,168.81746145529243,3.587414343195706,1.0
918,167.8127730003012,3.3268765922098553,1.0
919,170.25491787687653,3.41712901950253,1.0
920,174.5962678231365,3.7814161469893848,1.0
921,179.12802456071583,4.32165752344994,0.0
922,182.9210066803573,5.375559178628441,-1.0
923,182.9445853699711,6.23287040307189,-1.0
924,184.27164601423885,7.040157137499304,-1.0
925,180.6447129264911,7.343747706256781,0.0
926,179.46037293147228,7.533557995549515,0.0
927,176.78283451062143,7.231173732899079,0.0
928,177.73595246198323,7.137119328728035,0.0
929,182.5358733360275,6.916383284079504,-1.0
930,180.557776354912,6.469194581815184,-1.0
931,177.956220595287,6.214197907696553,-1.0
932,181.63528540760927,6.177464820934359,-1.0
933,176.3651238529187,5.469919285567689,-1.0
934,174.79151720595587,5.275270381844276,0.0
935,176.64620980527854,5.001938658502496,-1.0
936,176.96773723733207,4.663666398962562,-1.0
937,174.2661827649476,4.263014745513173,-1.0
938,174.18635912356493,3.664374455689954,-1.0
939,174.96850837141736,3.2527457843152336,-1.0
940,174.94051858262452,3.232023658379168,-1.0
941,176.1525034361947,3.269152905074605,-1.0
942,177.15246256301376,3.0931233272410403,-1.0
943,173.2339984915565,3.045846418387321,-1.0
944,173.422665490851,2.7386987568500993,-1.0
945,174.73357212291938,2.6442861970321903,-1.0
946,172.9416516055182,2.6906669774969743,-1.0
947,169.3768431654655,3.1116909467563096,1.0
948,167.0427509173809,3.671208079491897,1.0
949,166.97581454215967,3.7482180300797703,1.0
950,170.8019752174068,3.5788997227737034,1.0
951,168.16241915633964,3.7095580663945906,1.0
952,181.1969731783879,3.6614301042948885,1.0
953,180.13995246506204,3.8950035123773725,1.0
954,177.18462023369435,3.959887668535699,1.0
955,178.63866497585929,4.053272998151353,1.0
956,177.303090666219,4.066327476722774,1.0
957,184.6093178183824,4.692574029512646,-1.0
958,184.36202526665255,5.1664325347770195,-1.0
959,180.94909572966705,5.3249815522861565,-1.0
960,184.92202203043144,5.725800010965474,-1.0
961,180.49563687628927,5.814945587256852,-1.0
962,182.16019764175695,5.964803123973921,-1.0
963,186.00084458233545,6.27932128758235,-1.0
964,188.00706122388556,6.668146220375258,-1.0
965,184.3723379374436,6.782183688975963,-1.0
966,186.95044766997253,6.923522170573649,-1.0
967,184.4953549967474,6.639036554026315,-1.0
968,180.2253232340904,5.928630210663759,-1.0
969,180.6190744686133,5.017971191138765,-1.0
970,178.13777500967697,4.464783097820569,-1.0
971,178.1709496397676,3.3087056557585104,-1.0
972,178.75477451241008,3.3820957595806838,-1.0
973,179.71216321385998,3.394642415220701,-1.0
974,178.3647052150474,3.3195583321301343,-1.0
975,176.4994640186696,3.4603795127740336,-1.0
976,179.60628361892523,3.3406575592147756,-1.0
977,181.04139567571727,3.28145815846281,-1.0
978,174.43421273760583,3.59251147841015,-1.0
979,170.82074202872118,4.277675114279406,1.0
980,173.26873510239605,4.460564222204952,0.0
981,172.85100918843338,4.744029216525297,0.0
982,175.67192833418295,4.790330904854073,-1.0
983,178.42716522565894,4.533552291986845,-1.0
984,176.878178558688,4.02734567882982,-1.0
985,175.42374466837492,3.828709315924086,-1.0
986,177.09931319039006,3.2012985194889967,-1.0
987,179.0944593395054,2.7828236358747125,-1.0
988,176.78976145688551,2.6944581807793986,-1.0
989,173.45020085853076,2.676112120693078,-1.0
990,172.54947862511713,2.80925013703607,-1.0
991,170.8123223787439,3.043482267924058,1.0
992,168.20162206542267,3.443423519301168,1.0
993,171.1634880060669,3.430109520361399,1.0
994,169.46634078754474,3.5619848138754047,1.0
995,168.8050465170459,3.7646053533538923,1.0
996,172.90249790087617,3.5594590604807292,1.0
997,175.1229048147001,3.1635370211046463,1.0
998,175.03359683007753,3.174062447175757,1.0
999,172.88697756790407,3.108653376842892,1.0
1000,172.85698949945643,3.1136809505792096,1.0
1001,175.19578649135858,3.1212193175772125,1.0
1002,178.0587657281814,3.236381093981796,1.0
1003,179.74045081315137,3.3422898157137375,1.0
1004,182.7693370348321,3.8266841073796307,1.0
1005,183.16376670265737,4.300755162114101,1.0
1006,184.9960101250224,4.853908700975577,1.0
1007,183.82031117786175,5.161184861221601,1.0
1008,191.335644702232,6.273858615596141,1.0
1009,198.78830381624573,8.021882579113676,0.0
1010,198.10042694789468,9.164700785985346,0.0
1011,201.6664963028024,10.300468478449323,0.0
1012,201.10670920288277,10.893357546914112,0.0
1013,200.1596808408322,11.317666378216977,0.0
1014,203.22401866587737,11.658292948719527,0.0
1015,204.0056343309664,11.743578221179186,0.0
1016,199.62486943904244,11.604901848978393,0.0
1017,204.2064165344249,11.717101323584329,0.0
1018,201.97693200813143,11.508862317693046,0.0
1019,198.9484831049352,10.818595342642215,0.0
1020,197.0795353818708,9.853497685931602,1.0
1021,196.3432008625596,8.884385660412004,1.0
1022,201.30425992652425,8.11346256884686,1.0
1023,201.19683025789735,7.279184972039009,1.0
1024,202.4826466254768,6.597647351471629,1.0
1025,205.0836757711684,5.836691463192482,1.0
1026,202.25932317992064,4.892192451768251,1.0
1027,206.358742166233,3.4367401621509748,1.0
1028,205.72167937403975,2.8077880668499446,1.0
1029,209.9421660893698,3.307807059601265,1.0
1030,209.17807041508732,3.533266209421621,1.0
1031,208.9124428305904,3.795013374641421,1.0
1032,210.7221873223868,4.141674113473249,-1.0
1033,214.93269751132036,4.79268940256218,-1.0
1034,209.6727528413556,4.93999103203745,-1.0
1035,209.7523426194522,5.075148220548518,-1.0
1036,210.59142652476007,5.080720268218594,-1.0
1037,208.8552733913159,5.132530794924192,-1.0
1038,208.32207476648625,5.094989567643337,-1.0
1039,210.1631127879928,4.905223382194686,-1.0
1040,208.38633073098435,4.394114892218818,-1.0
1041,207.3142147160197,3.606799423578737,-1.0
1042,203.00449686486115,3.4690582893164943,-1.0
1043,202.9073804283496,3.3196458065723666,-1.0
1044,201.97270035933136,3.3637214031315055,-1.0
1045,201.68769355274443,3.5815454101034705,-1.0
1046,199.40131148590535,3.8499852078429493,-1.0
1047,198.67599047351445,4.3136495576518845,-1.0
1048,196.08615646016472,4.95501709748241,0.0
1049,196.99852247060517,5.3171357828036925,0.0
1050,194.7333074146129,5.803877605146592,0.0
1051,196.98194724449544,6.006879563450117,0.0
1052,195.87475281563,6.121367026166793,0.0
1053,195.70624276891652,5.784031189845809,-1.0
1054,194.68478902168388,5.824928372865087,-1.0
1055,194.79088216704812,5.75137661375477,-1.0
1056,192.2479924689322,5.663182461096961,-1.0
1057,191.67829663832836,5.622094462777093,1.0
1058,191.11174968450536,5.530108592315193,1.0
1059,189.1419609678109,5.230356860405375,1.0
1060,194.7423454910588,4.612234324649372,-1.0
1061,193.30253097886853,3.982149763563198,1.0
1062,200.6760098262508,3.805524270736622,-1.0
1063,199.0846483195515,3.535768210568344,-1.0
1064,196.94624708120008,3.254788020311614,-1.0
1065,192.8199064174452,2.993682487236822,1.0
1066,194.81543805894185,2.833065199920272,-1.0
1067,198.23580641135328,2.805025255186324,-1.0
1068,198.02464273262763,2.8759269334573934,-1.0
1069,197.4269641267212,2.8921284599111674,-1.0
1070,194.9193487737247,2.89101218820609,-1.0
1071,194.53923345209736,2.8614649235556255,-1.0
1072,192.6563006222199,2.9021699130304093,-1.0
1073,185.32137182122867,3.592910382144809,1.0
1074,183.3592552759086,4.351228658940938,1.0
1075,186.08952079691403,4.669476315631281,-1.0
1076,184.49992121195447,5.070514120704274,1.0
1077,182.5365486615567,5.579540705894846,1.0
1078,180.2062867497987,6.2197828293781035,1.0
1079,182.8365340791853,6.522945799091696,1.0
1080,191.27399966180397,6.482439432151141,-1.0
1081,191.86547710329916,6.469108288546981,-1.0
1082,190.10092022773935,6.092837206549713,-1.0
1083,191.035100842744,5.780025367771572,-1.0
1084,191.1629461947504,5.580483745116962,-1.0
1085,192.843301484726,5.581067270304283,-1.0
1086,184.5863294162569,5.603290326573346,-1.0
1087,180.63364336132588,5.570326328480728,-1.0
1088,185.03733340210087,5.1812685603607775,-1.0
1089,187.4287356587108,4.698575449401941,-1.0
1090,185.8910915980524,4.386397488939369,-1.0
1091,182.2203849500697,4.15992945865701,-1.0
1092,183.23633235799477,3.96433452203693,-1.0
1093,175.27600002809513,4.646878059664459,-1.0
1094,170.86334029274428,5.688244461945371,-1.0
1095,170.53260228091355,6.530087045367591,-1.0
1096,164.36182294703394,7.892432910135735,1.0
1097,166.32591451092026,8.749614358211202,-1.0
1098,170.88540281438117,9.112530832265417,-1.0
1099,165.0764207352693,9.853709539999132,-1.0
1100,177.78945247942028,9.573362820853879,-1.0
1101,170.01382619074857,9.43684027967524,-1.0
1102,168.38509491513656,9.373544538579454,-1.0
1103,160.40440343589324,9.660456373739807,-1.0
1104,166.54171096379577,9.274450597998426,-1.0
1105,159.1580977842945,8.997693912845833,-1.0
1106,146.85221855219874,10.442207893309101,1.0
1107,159.86335999720853,10.554451152027877,1.0
1108,145.63090884409667,11.402299349664332,1.0
1109,150.94820699397394,11.18749421414497,1.0
1110,156.74930359517333,10.474353417005759,1.0
1111,158.7271095669152,9.802933568501631,1.0
1112,150.8210752901153,9.181411819281777,1.0
1113,150.1184854111535,9.099440478934584,1.0
1114,166.21265075766658,8.90497994701743,-1.0
1115,151.19876075989683,8.895933847988358,1.0
1116,159.35212868552503,8.846029497700375,1.0
1117,156.57961953375496,8.750195765403719,1.0
1118,167.72427069409218,8.561473487333194,1.0
1119,173.69691640351255,9.06414377254117,1.0
1120,167.84231791686082,8.264986674367508,1.0
1121,181.86877761798848,9.41570381659659,1.0
1122,178.89662531051638,10.175032510988101,1.0
1123,190.30071930284552,12.16749210447081,-1.0
1124,183.73605070219813,13.081791646342106,0.0
1125,180.41214629051467,13.62134485382426,0.0
1126,173.09661797865184,13.150988220631087,1.0
1127,179.75678074278412,13.47531773260854,0.0
1128,186.9561014907327,13.325490302684356,-1.0
1129,182.92418507823837,13.055909553546456,0.0
1130,191.9267258017988,13.558184564901296,-1.0
1131,194.78149185790576,14.13990898753065,-1.0
1132,196.774089783152,14.009074962043732,-1.0
1133,189.49600079104607,12.950520385078269,-1.0
1134,193.63096899027252,13.123166449198932,-1.0
1135,191.36178939130733,11.624754109155305,-1.0
1136,192.18218305734445,10.678126148692401,-1.0
1137,189.0083245441904,8.800553789031008,-1.0
1138,176.40338911909586,8.127460584914681,1.0
1139,166.20880054236775,8.807585282307262,1.0
1140,170.98410167558256,8.520472305533385,1.0
1141,177.68265873947837,8.640000714410899,1.0
1142,185.91937228739445,8.549969486743683,-1.0
1143,188.8228056346474,8.505076594199364,-1.0
1144,185.8396751565652,8.5067953263075,-1.0
1145,185.44825432495404,8.447257829111388,-1.0
1146,182.5703383140258,8.00080957464296,1.0
1147,195.6237908010456,8.192622338971043,-1.0
1148,189.78096336156668,8.230114162851441,-1.0
1149,191.7289405891248,8.271561029684598,-1.0
1150,189.1257845903436,8.203780678480987,-1.0
1151,196.94035885775497,8.329386593000764,-1.0
1152,185.9121523799308,7.990434953798075,-1.0
1153,183.85929264917445,7.968684292200437,-1.0
1154,182.3018467888847,7.794841077574878,-1.0
1155,179.64871979000716,7.762121757200157,-1.0
1156,178.90552546847695,7.664627988305049,-1.0
1157,156.07122949728648,9.802837810289356,1.0
1158,163.69301870957963,10.597892018023732,1.0
1159,165.61818780017165,10.64449981336531,1.0
1160,181.68246784947357,10.335425089574514,-1.0
1161,179.5839240448573,10.298830388492616,-1.0
1162,175.84671293633346,10.366503187837681,-1.0
1163,165.32261087647976,10.866303317866958,-1.0
1164,161.54551344490395,11.60325619294653,0.0
1165,148.76189162427644,13.38630162294185,1.0
1166,148.22410873328454,14.854718166752782,0.0
1167,154.0364885786363,14.875189751292114,0.0
1168,156.47177471865913,14.871699440450692,0.0
1169,152.03177884916107,14.78592725639991,0.0
1170,157.0898675221743,14.366073032582323,0.0
1171,150.09130131448435,13.2946389407535,0.0
1172,151.02448334507108,12.87282957581549,0.0
1173,159.3436980601863,12.08452414257144,0.0
1174,159.71634087373857,11.248090107960921,0.0
1175,169.37338503550433,10.628464212483573,-1.0
1176,164.3199201879794,9.859943221403356,-1.0
1177,166.78196009849017,9.869451730454076,-1.0
1178,165.2443235311527,9.893429469492506,-1.0
1179,167.235993328108,9.934492793092037,-1.0
1180,154.86233413141386,8.843521037699382,0.0
1181,153.0451425661048,7.725242694077141,1.0
1182,155.35618689328945,6.661507906193496,0.0
1183,152.82177402081828,6.522700368163376,1.0
1184,156.2776150514375,6.451136936264698,-1.0
1185,154.6326861132834,6.179344487952518,1.0
1186,163.50140168473263,5.924484359562057,-1.0
1187,158.2843390923182,5.8443668536521,-1.0
1188,158.0988523382337,5.827775825433616,-1.0
1189,156.8217755800232,5.645412240948925,-1.0
1190,148.6845821836065,6.068304773875796,1.0
1191,154.2567703268574,5.839792196533186,1.0
1192,154.25011592420535,5.664851397141839,1.0
1193,153.16291087881388,5.791922623291841,1.0
1194,156.5315601836269,5.7957660811484715,-1.0
1195,165.02738570365463,5.423405043370762,-1.0
1196,155.48861453098226,5.234554187036134,-1.0
1197,157.80986229010102,4.761996304284569,-1.0
1198,151.59507790610095,4.499636231385308,-1.0
1199,149.47591423359054,3.966889764419646,-1.0
1200,154.75478904949713,3.967871327671125,-1.0
1201,155.0735914791515,3.927706583661513,-1.0
1202,154.2391017749422,3.939211676397749,-1.0
1203,151.1926371730522,4.01449120535573,-1.0
1204,140.1487119695851,5.266085317149593,1.0
1205,150.23240979462463,5.358031938773181,1.0
1206,151.47070063130627,4.945643659766162,1.0
1207,151.23929562878195,4.861866677961963,1.0
1208,156.77440283611293,4.80428966205525,1.0
1209,159.3140251333581,4.928125455785553,1.0
1210,168.77809397360352,5.8491329112464605,1.0
1211,166.95577398142342,6.472705723020555,1.0
1212,176.37992936113565,8.0141208110701,1.0
1213,174.6016921342278,8.953645493922652,1.0
1214,178.56169188638708,10.125536174217858,1.0
1215,185.46719932334688,11.728392287513008,1.0
1216,186.68767688558768,13.157649375854357,1.0
1217,188.9126368405708,14.52326530586423,1.0
1218,192.76690523294172,15.748605456687262,1.0
1219,193.6565819883217,16.58433816071314,1.0
1220,192.17845541586536,17.24467472031508,1.0
1221,200.85552244506837,18.34007042671236,0.0
1222,200.62571894349685,19.02637677999452,0.0
1223,207.63125376184,19.740654602831253,0.0
1224,204.26082591064815,18.766225061978936,0.0
1225,215.1827098436204,19.07629614101599,0.0
1226,211.9788841287688,18.670830191476938,0.0
1227,220.686841764202,18.392015225133424,0.0
1228,211.60993064635772,17.376717561659582,0.0
1229,211.81119138086493,16.122284380912756,0.0
1230,206.1944878648864,15.122855086523748,1.0
1231,209.21510452493763,13.683426470571659,1.0
1232,204.3129265491884,12.701055523994988,1.0
1233,208.477904404444,11.341427692597287,1.0
1234,214.88637228621013,10.329017936805982,1.0
1235,217.185249983888,9.859901519271954,1.0
1236,219.03347892090005,9.345068663650446,1.0
1237,224.4634918010237,9.18881860437043,1.0
1238,219.4599118904445,8.733444162250759,1.0
1239,219.2703841085041,8.115405824123751,1.0
1240,223.2280734940637,7.256637942187458,1.0
1241,221.87058253802604,6.9957554759294815,1.0
1242,221.2589497382355,6.489589250023872,1.0
1243,226.45436183802155,6.7838534202584775,1.0
1244,224.45351141863927,6.513759677396162,1.0
1245,228.28625082421047,7.008987425070415,1.0
1246,229.5454215725746,7.408637155644551,-1.0
1247,231.10006982085935,7.94741358462131,-1.0
1248,218.70855375939988,7.7751762328300105,1.0
1249,225.88221788872988,7.730673642014423,1.0
1250,218.9375604462674,7.057934457980795,1.0
1251,225.04655853656465,6.623520324943394,1.0
1252,229.19365468951705,5.556608490637663,1.0
1253,231.2307274874448,4.854599261445198,1.0
1254,236.91160178629832,5.283080837515508,-1.0
1255,239.422386122263,5.9443650511529444,-1.0
1256,235.02349046275015,6.076106566572598,-1.0
1257,178.30837582512137,12.380095807760275,1.0
1258,183.93197136185617,15.29801395450042,1.0
1259,188.3544111535905,17.088428188345326,1.0
1260,184.34488395963,18.918418532750398,1.0
1261,184.35525928631247,20.410737110855504,1.0
1262,184.6803621939432,21.615820804344782,1.0
1263,188.01818871255333,22.26232761726637,1.0
1264,185.866881170322,22.906355584136293,1.0
1265,193.3160769991385,22.8807917391079,0.0
1266,190.5726230215072,22.75273901943438,1.0
1267,191.41869361020403,22.32733907847336,1.0
1268,195.2025678098966,22.223648640281233,1.0
1269,195.85770259888383,21.71149662513559,1.0
1270,200.9220810712299,21.386746778149604,1.0
1271,206.62091243233675,20.733071822888633,1.0
1272,212.45333685051003,19.86212676374325,0.0
1273,214.79758588013271,18.83009971014487,0.0
1274,219.15079276631656,17.333125677814554,0.0
1275,212.97307942500424,14.894512750835053,1.0
1276,215.6592461037256,12.795276615678475,1.0
1277,218.59626055871195,12.977082384000417,1.0
1278,227.01789027051464,13.993300836806274,0.0
1279,226.8029762671609,14.85042250634406,0.0
1280,226.44308608670212,15.132736421736949,1.0
1281,220.7315726301904,14.76098450389531,1.0
1282,217.4756202251401,14.029934434676717,1.0
1283,222.0872318429612,13.536373600778552,1.0
1284,225.78128643784592,12.757870363960855,1.0
1285,225.07988673961125,12.319190889437678,1.0
1286,227.61150926816256,11.48109539902902,1.0
1287,237.271951512418,11.066847928880053,1.0
1288,238.66357817912987,10.735249639632297,1.0
1289,241.634426153439,10.277008027605723,1.0
1290,238.38403014462355,9.649234351680976,1.0
1291,238.8526711272002,9.32180793945741,1.0
1292,240.63134780751972,9.395415551535388,1.0
1293,240.01545696444492,9.39453586914579,1.0
1294,243.8577665946197,9.780197253211227,1.0
1295,238.58815087051337,9.192064464417676,1.0
1296,239.0467980486118,8.669560171425035,1.0
1297,240.49246044921827,8.298495902348606,1.0
1298,245.45452094424263,8.636758426705946,1.0
1299,247.31746377046667,8.980221581931245,1.0
1300,250.9690482023887,9.445655328927145,1.0
1301,255.97974238909296,9.73144345706033,1.0
1302,255.96981844029352,9.305882553526361,1.0
1303,255.46523789739751,8.970875919056832,1.0
1304,256.4429267399909,8.787714413878257,1.0
1305,257.9460065332289,8.34443623938487,1.0
1306,258.04036013520533,7.857202338190265,1.0
1307,257.5033751475005,7.968982663882916,1.0
1308,258.23040970226657,8.083824444715047,1.0
1309,260.2024729486708,8.370471300317478,1.0
1310,265.0285536096888,8.710475642446353,1.0
1311,259.24540102117084,8.490522539509708,1.0
1312,260.4518569160773,8.332363147347865,1.0
1313,263.3553357351838,8.15195089458749,1.0
1314,273.77682894494905,8.994983752634004,1.0
1315,279.25639677636445,9.667143183227196,1.0
1316,280.315060288072,10.028953710116987,1.0
1317,275.9954429462142,9.704006898732619,1.0
1318,274.4865847438212,9.448296701343061,1.0
1319,275.00047094504765,9.161429546532498,1.0
1320,275.69346566013024,9.022610839945918,1.0
1321,287.31461469774456,10.050619596394348,1.0
1322,293.78657157632,11.430585885602335,-1.0
1323,298.0306223670533,12.782701887379925,-1.0
1324,298.76889217138324,13.795635352880081,-1.0
1325,301.560186693758,14.766685040516357,-1.0
1326,297.56920675404234,15.047818387034738,0.0
1327,282.20541402969445,14.381470215364299,1.0
1328,288.93174351833886,13.78482036834026,1.0
1329,286.99310541100687,13.090086533721822,1.0
1330,293.54851777212343,12.82213912632055,1.0
1331,281.7234397907863,11.622687251026667,1.0
1332,275.5129429141281,10.487452654869402,1.0
1333,278.6015763368232,9.389898196309051,1.0
1334,283.5317330592677,9.025047177277921,1.0
1335,285.77743483576535,8.906862593391674,1.0
1336,285.3902273170405,8.815174425343006,1.0
1337,285.63420942348034,8.495909573943772,1.0
1338,294.9711456850371,8.20064675760105,1.0
1339,302.8495945486755,8.325090331399426,1.0
1340,306.947270052325,8.639119806892364,1.0
1341,314.570769860858,10.133638628374843,0.0
1342,309.9829588451397,10.91405238793592,0.0
1343,312.022344462359,11.697100777128528,0.0
1344,313.04965783908176,12.456247378796308,0.0
1345,314.2223535825455,13.159018105085613,0.0
1346,312.52452666622423,13.742520274320691,0.0
1347,306.9599982986414,13.600937082497671,0.0
1348,311.0583254224374,13.83478402270597,0.0
1349,314.6884518486902,14.080701778880016,0.0
1350,314.9189477727873,14.437328645295189,0.0
1351,305.7587544123318,13.800591278521793,0.0
1352,301.7098343976056,12.379445926516158,1.0
1353,306.7922665944918,11.013726329255032,1.0
1354,305.0292383257861,9.884912843748939,1.0
1355,310.2480244352686,8.804078679107683,1.0
1356,312.33108379710325,7.350691968648275,1.0
1357,318.6859287563445,5.611499239338785,-1.0
1358,317.4951173105906,4.742227353586698,1.0
1359,325.56570697645327,5.456716197080459,-1.0
1360,320.9073992833215,5.700410124282562,-1.0
1361,315.9304195600063,5.735334124241607,-1.0
1362,309.31653652143723,5.752600888038094,1.0
1363,312.02912561102926,5.7525738885411375,1.0
1364,317.79312378153674,5.87460734576071,-1.0
1365,309.92998716291,5.894370440554228,1.0
1366,306.66197118882747,6.036294311620178,1.0
1367,309.92586018160205,5.936642185454278,1.0
1368,318.04571399061234,6.061607778375789,1.0
1369,316.5407484367836,6.107753287933917,1.0
1370,319.15675376264124,6.257507509656338,1.0
1371,325.8057352943988,6.632147583956941,0.0
1372,323.845795308779,6.313451855749472,1.0
1373,327.35790915113114,6.558840128876858,0.0
1374,330.9055677533218,6.80152818088101,-1.0
1375,326.3487733193604,6.86007739668813,0.0
1376,326.09725294061144,6.927451937805512,0.0
1377,328.6890532950398,7.262858996757893,-1.0
1378,328.061898622959,7.4962518901735695,-1.0
1379,330.66216958841727,7.778651358424398,-1.0
1380,330.72588938792626,8.127610957840856,-1.0
1381,335.3760537431667,8.67289844428225,-1.0
1382,335.4830126379088,8.685880532323383,-1.0
1383,330.20922893224986,8.427857042591528,-1.0
1384,329.53941602053726,8.390472176133478,-1.0
1385,332.17295435203914,7.816500479282552,-1.0
1386,327.54871014095653,6.427746470083431,-1.0
1387,331.9920169216104,5.1840023256763965,-1.0
1388,330.4536766451452,4.6824573053617415,-1.0
1389,328.6845891971572,3.768958116012837,-1.0
1390,320.75126535417843,3.5619461392918566,1.0
1391,326.4184851803712,3.535238395335277,-1.0
1392,327.66777039343214,3.335873694942234,-1.0
1393,326.9855614958641,3.348048760488493,-1.0
1394,319.15727922372866,4.006139326167167,-1.0
1395,319.6183606286014,4.466016128390695,-1.0
1396,317.35528897212976,5.080052769272414,-1.0
1397,321.599309041302,5.264466417150034,-1.0
1398,311.5317168186824,6.359207005669473,0.0
1399,311.2254678111749,7.156495570506457,0.0
1400,306.0586516549048,8.285739631072076,0.0
1401,308.892117105792,8.566182890747381,-1.0
1402,314.21055886793897,8.272110660615004,-1.0
1403,311.0976190038539,8.389520431139815,-1.0
1404,309.65422557506776,8.520003015438048,-1.0
1405,310.6910764557444,8.275605498673597,-1.0
1406,314.7916686455466,8.077756763777991,-1.0
1407,310.96496964499465,7.573993566725349,-1.0
1408,308.79301785494465,7.144200294930527,-1.0
1409,306.4698579154607,6.838983788240653,1.0
1410,306.23378473600025,6.9872269403106095,1.0
1411,308.38230994415886,6.511787832033418,-1.0
1412,310.55643320316443,5.625719231440674,-1.0
1413,308.87041839329754,4.565280431160328,1.0
1414,308.8027135743591,4.265200903576648,1.0
1415,307.76179697372083,3.8505231510791043,1.0
1416,309.03572842473454,3.5293714717037847,1.0
1417,308.2184347913389,2.3381849443176925,1.0
1418,315.6196941744476,2.669964685202346,-1.0
1419,314.72641671330064,2.8741551248081953,-1.0
1420,316.9282888769907,3.109385246000069,-1.0
1421,293.1805889243778,4.972730617117158,1.0
1422,296.3816173108824,5.67885237283626,1.0
1423,292.2081129544097,6.75550981145166,1.0
1424,292.63548407024047,7.549866071849006,1.0
1425,296.1718163001533,7.873715632201091,1.0
1426,297.25555416644863,7.859007651363166,1.0
1427,297.5186915024666,7.938021802400215,1.0
1428,300.07596486396835,7.945827488885084,1.0
1429,301.1282806581221,7.960641259626294,1.0
1430,301.6332183270489,7.961738941902463,1.0
1431,305.06411348538336,7.896730009856105,-1.0
1432,311.6212807829602,7.948889372816109,-1.0
1433,310.35942911995727,8.00621832014361,-1.0
1434,315.89687038750407,8.386862350926469,-1.0
1435,314.3640208230965,8.661084201667157,-1.0
1436,311.37546768718414,8.740989925452366,-1.0
1437,312.87885635976585,8.902643823667614,-1.0
1438,310.5218417643064,8.647422681792593,-1.0
1439,305.95351555388106,8.322939027045006,-1.0
1440,307.3734174179618,7.809717780937156,-1.0
1441,308.5479293782249,7.470983677041754,-1.0
1442,305.99929375861683,7.230076323707812,-1.0
1443,301.773063749591,6.63629414490578,-1.0
1444,301.0889635570947,6.020672708866193,-1.0
1445,300.6034326713961,5.720578391288517,-1.0
1446,295.9825308815071,5.829643756417585,-1.0
1447,291.4409696250848,6.422617364511818,-1.0
1448,291.2996684620216,7.090988309506716,-1.0
1449,288.9217258957402,7.9386450320761455,-1.0
1450,292.59007853975675,8.364712163252689,-1.0
1451,288.0759473044072,9.100678635688213,-1.0
1452,288.87785650696765,9.425709450197473,-1.0
1453,284.3092156519186,10.019490173601262,-1.0
1454,277.9029386379969,10.60962586170675,0.0
1455,276.71539512640345,11.069040670678223,1.0
1456,267.4419887608992,12.372019415592867,1.0
1457,267.4626190362053,13.050641353037848,1.0
1458,267.561252028702,13.481609770903038,1.0
1459,272.33472277922067,13.548576037103087,1.0
1460,272.3735910137882,13.283112654693648,1.0
1461,273.4430430748856,12.596606754866658,1.0
1462,270.9647626879106,11.989419909978995,1.0
1463,270.92266662038423,11.497059065765798,1.0
1464,273.0434595142255,10.733242527136229,1.0
1465,272.6825151696398,9.768816328193415,1.0
1466,270.1438789905682,9.122096741007931,1.0
1467,275.44190462580286,8.558588870681074,1.0
1468,273.26766209331026,7.912203223124195,1.0
1469,275.70637489767853,7.3260745080611684,1.0
1470,280.1178922322183,6.2526044697826,1.0
1471,287.1403153825646,6.1518334409143325,1.0
1472,290.2012924552659,6.3151316111438485,1.0
1473,293.7219718411237,7.319518968027018,1.0
1474,291.1778508768989,8.11435688210259,1.0
1475,295.417028564364,9.195383468812976,0.0
1476,297.0965148974424,9.929780977752552,0.0
1477,297.23168934654126,10.406208014288136,0.0
1478,295.10564091219146,10.495723140202038,0.0
1479,300.84032264635727,11.120129817686422,0.0
1480,300.1949134785411,11.481215392695844,0.0
1481,293.14550572807616,11.354852693522066,0.0
1482,293.4506809672517,10.980489546158655,0.0
1483,294.95737524109705,10.513990421948623,0.0
1484,296.27234493642,10.107637437615793,0.0
1485,297.01795756218627,9.530589169089804,0.0
1486,295.28165026418395,8.378402602577353,1.0
1487,299.54936644446514,7.708557584080114,1.0
1488,298.54971393922244,6.372738687137588,1.0
1489,299.5713039839106,4.910788850126219,1.0
1490,294.2648906833641,3.50081042306871,1.0
1491,296.9910714613536,2.903349941218603,1.0
1492,301.67058545142544,2.829058274414057,1.0
1493,307.491622697582,3.65347003754065,-1.0
1494,305.2422456265224,3.7720064861735816,-1.0
1495,306.2074481737958,4.141643350563246,-1.0
1496,301.4832048520697,4.179022152071256,1.0
1497,299.0577711813414,4.164579721449756,1.0
1498,300.83953101806514,4.092355590080632,1.0
1499,300.39772231745144,4.083659322212391,1.0
1500,298.0596525426864,4.080938914408535,1.0
1501,299.3952296923786,3.8434277119390585,1.0
1502,305.06933379413647,3.792490469413121,1.0
1503,309.0593005882435,4.1274760896992655,1.0
1504,305.56102744386567,4.140587447729392,1.0
1505,308.0735303869094,4.310151967910356,1.0
1506,313.36360224497207,4.787132294217153,1.0
1507,314.5771777620106,5.4358912336181255,1.0
1508,320.9135890433712,6.595442880444416,1.0
1509,328.0959400303413,8.354077786131983,1.0
1510,334.2168781169501,10.056197483560943,1.0
1511,337.3031397014718,11.686036770756594,1.0
1512,337.36154177435185,13.026863636878588,0.0
1513,345.0056688117944,14.962837913425624,0.0
1514,341.5328908155095,16.072608050169556,0.0
1515,342.91042478270543,17.048096636472955,0.0
1516,342.253557866215,17.511936529915022,0.0
1517,344.0106229798492,17.681081028983026,0.0
1518,350.2242202090871,18.10197797274059,0.0
1519,351.8933111926955,18.249435279150667,-1.0
1520,354.97356479052434,18.02643883899719,-1.0
1521,343.59665545378874,16.83889033173943,0.0
1522,340.90099097541923,15.74974330475557,0.0
1523,344.4070549722387,14.844678500725228,0.0
1524,338.19444570929375,13.125695565751158,0.0
1525,337.84458272856943,11.265883586447485,0.0
1526,331.9459275456938,9.779852740012723,0.0
1527,327.5675559482477,8.398762900574388,1.0
1528,329.3499922959969,7.573873290493269,1.0
1529,329.81120689453417,7.438342084612523,1.0
1530,325.6691677020304,8.026465170745809,1.0
1531,328.2043778962342,8.42562454128848,1.0
1532,325.32221582075715,8.988885605132102,1.0
1533,323.1310289865317,9.507470467250252,1.0
1534,326.74167715845533,9.764392155059944,1.0
1535,329.0400957869814,9.811053321561834,1.0
1536,333.609042780531,9.72285762595074,0.0
1537,336.011772180422,9.530910446559423,0.0
1538,333.71680941020054,8.873681396196618,1.0
1539,337.98774370077774,7.943076686557129,0.0
1540,333.588913929094,6.2067397984679955,1.0
1541,345.62344723842307,6.40512305569893,-1.0
1542,345.5654197842634,6.78420757395367,-1.0
1543,337.3005049153235,6.335781864808732,-1.0
1544,331.9253442469295,6.209254715270088,1.0
1545,328.9768893674214,6.123379263272289,1.0
1546,333.3332171841573,6.12993912421084,1.0
1547,332.33707324673435,6.035401825286228,1.0
1548,327.85045782282714,6.083911967288664,1.0
1549,326.9269987494633,6.179131638877848,1.0
1550,326.49463397549096,6.1362210699529225,1.0
1551,333.1792099150183,6.066832875177895,1.0
1552,333.2281418859324,5.832145961109021,1.0
1553,338.6166912598676,5.49516042652003,1.0
1554,336.1220145366556,5.27462979337892,1.0
1555,340.882361386536,5.344294916229657,1.0
1556,346.8859024578003,5.991752610784996,-1.0
1557,347.9503582145472,6.624748186053578,-1.0
1558,347.4482024444654,7.079807518125844,-1.0
1559,346.0056195339705,7.382397714885697,-1.0
1560,347.0026960952717,7.659168074494669,-1.0
1561,348.4746191934016,7.839164538987782,-1.0
1562,345.59499206952324,7.840703944357488,-1.0
1563,347.85604976760806,8.15247489712691,-1.0
1564,342.1671484079974,8.04837381286153,-1.0
1565,334.80796746504814,7.772134444821892,1.0
1566,337.7637228197378,7.659696015602067,1.0
1567,338.9423065920797,7.480355378319054,1.0
1568,344.82474212041143,7.012259882381638,-1.0
1569,347.5841309457452,6.3926798074217,-1.0
1570,346.96294413174496,5.411717874011403,-1.0
1571,345.0346655407184,4.953682223890973,-1.0
1572,351.5367591514994,4.69747647285854,-1.0
1573,345.38428260775163,4.520352611416742,-1.0
1574,344.44917421034216,4.073166262481214,-1.0
1575,339.8555574498138,4.132222101605152,-1.0
1576,334.55514155355263,4.690917783810607,1.0
1577,341.9528023051758,4.630540831071203,-1.0
1578,335.85027106638427,4.883458116252643,1.0
1579,330.813675991174,5.577602137873892,1.0
1580,328.6193754418721,6.279382159610867,1.0
1581,346.43495039814565,6.1784884143442484,1.0
1582,353.2835448026061,6.663594195144248,1.0
1583,359.1013624311616,7.598448443308827,-1.0
1584,366.05188446584015,9.243002092793812,-1.0
1585,355.21563243749745,9.336785841557946,1.0
1586,356.12061115943175,9.5184233223966,1.0
1587,358.3968234295357,9.789362745970916,1.0
1588,358.78728025136434,10.147314693123292,1.0
1589,367.0607926386729,11.068806036883755,-1.0
1590,357.4252322705816,11.249367538777925,1.0
1591,350.52537470361824,11.219690033162255,1.0
1592,345.99067150363635,11.22407712456448,1.0
1593,350.586343296154,11.201161547980785,1.0
1594,369.8632595748454,12.059916966521413,-1.0
1595,362.05362360245385,12.067191099180949,1.0
1596,356.1422322030554,11.426372319603292,1.0
1597,351.89810571412863,11.155779507815433,1.0
1598,347.4749570323765,10.49806042883,1.0
1599,360.3551614735151,9.111047619174455,1.0
1600,367.8595861137892,7.123759378619679,1.0
1601,368.620414833833,7.114192822221266,1.0
1602,373.11360539068073,7.754657745106118,1.0
1603,375.344890084273,8.560063562329804,1.0
1604,379.823887893193,9.571422471551708,1.0
1605,383.20342476491714,10.715323630684072,1.0
1606,379.2061645209095,11.27384216719121,1.0
1607,380.4837970077093,11.847163871704776,1.0
1608,384.63375297173536,12.600936249740958,1.0
1609,384.9424682199861,13.324880326126197,1.0
1610,370.7058685857085,13.180162744758064,1.0
1611,373.83315917705175,12.65356777184153,1.0
1612,385.12701469602905,12.031696260693058,1.0
1613,396.7300205761198,12.475848093740428,1.0
1614,401.8400397095848,14.059128442207616,1.0
1615,407.1744278452602,15.553387512405815,1.0
1616,406.3152938268791,16.144669106068434,1.0
1617,415.3637877020585,16.775786665945873,1.0
1618,409.81182789328295,15.762922999175302,1.0
1619,417.41396250483217,16.182878010688388,1.0
1620,415.1971574443129,16.52829647532271,1.0
1621,417.93224805740266,16.777545588628488,1.0
1622,426.43125888066334,17.678251134013898,0.0
1623,421.1472484920914,17.885033803235917,0.0
1624,419.6199135406383,17.985601994192095,0.0
1625,428.157980339857,18.593768243256836,-1.0
1626,439.897135204298,19.586183575804146,-1.0
1627,442.89672806718033,20.406250971020782,-1.0
1628,437.87877806345193,20.63385079275282,-1.0
1629,440.9787804489381,20.724970240359745,-1.0
1630,441.4958295831801,18.961610998598466,-1.0
1631,438.2526556338611,16.508919879603972,-1.0
1632,432.6794103216304,14.44404731933342,-1.0
1633,445.6336221125267,13.917411758260977,-1.0
1634,434.58001685947016,12.900346200181039,-1.0
1635,429.7988997487103,12.038819828199927,-1.0
1636,440.92265148291307,11.204991351722743,-1.0
1637,440.5359378820442,10.907343720392447,-1.0
1638,426.99822462457,9.761823477596064,-1.0
1639,414.4951164616956,10.008839126734024,-1.0
1640,420.0442186293134,9.638076015312956,-1.0
1641,406.99929573483394,10.72755077621933,1.0
1642,406.43862955035627,12.069555594282253,1.0
1643,409.2859372679624,12.819980570230298,1.0
1644,405.2329741244756,13.792692027001019,1.0
1645,397.8459037575726,15.471816055284588,1.0
1646,408.7720426590117,15.737603436927957,-1.0
1647,429.7172166899494,15.26559845182872,-1.0
1648,422.347030262007,14.991542824539833,-1.0
1649,399.1337090561526,15.504345592733378,-1.0
1650,371.2205398598077,18.63446034529945,1.0
1651,372.3272013515939,20.767071476616742,1.0
1652,354.64561576918874,24.42701052561871,1.0
1653,363.48640621987886,25.336666486302928,1.0
1654,374.7052205158293,25.535127874324548,1.0
1655,377.3869996202237,25.518312176331325,1.0
1656,387.5620262787692,23.992513733876542,1.0
1657,368.6217409252919,22.875192834125052,1.0
1658,378.0274081347531,21.970127089622842,1.0
1659,378.8892852583653,21.6117201956847,1.0
1660,393.3922838758024,20.56404931720599,1.0
1661,385.3866432002386,20.20516166145758,1.0
1662,395.8719452160841,19.866572359236166,1.0
1663,400.1537198907742,19.46932905946182,1.0
1664,412.46755076974233,19.864925976890987,-1.0
1665,402.90314878091726,20.02041710643461,1.0
1666,402.06436924562615,19.723108198960738,1.0
1667,416.3844123832779,18.44083806242786,-1.0
1668,416.07988285076,17.86812619232196,-1.0
1669,423.3402220078544,19.445321959160786,-1.0
1670,432.0829034359227,21.238055485703807,-1.0
1671,433.67640363235967,22.661883118817183,-1.0
1672,412.59320912213707,20.884958002369103,-1.0
1673,399.09742724748367,19.264902010219092,0.0
1674,380.4477808058434,18.91498327838261,1.0
1675,381.377084529714,18.685554688293138,1.0
1676,390.2280964476236,18.6013140604624,1.0
1677,374.29350313270027,18.13260972412732,1.0
1678,383.9035745038924,17.794835003530565,1.0
1679,390.5846506757725,17.22223165503487,1.0
1680,388.81641178632015,17.362863471374016,1.0
1681,405.1530761088216,16.980456461644447,0.0
1682,415.9255728770436,17.18566777944592,0.0
1683,410.6416602455768,17.25160622029873,0.0
1684,396.1962698383182,17.19513948928795,1.0
1685,398.9576409327135,17.2163865654364,0.0
1686,398.1218004469035,17.245295461165043,1.0
1687,407.28215736738485,16.974661661921104,0.0
1688,408.62717101249206,16.72792804170574,0.0
1689,411.1748311124428,16.104091322123686,0.0
1690,421.5890445453158,15.181169072621826,0.0
1691,422.0529593242235,14.0196578834407,0.0
1692,417.7529370555767,14.310884688950843,0.0
1693,411.9137277503157,14.548080878641183,0.0
1694,410.3471220672727,13.872337403683506,1.0
1695,402.2132107169209,12.975959945713196,1.0
1696,412.2316997737244,12.740986546906202,1.0
1697,410.0640947955702,10.629691619024612,1.0
1698,417.1235145913188,9.501598418644482,1.0
1699,423.11995130129566,9.171548339567307,-1.0
1700,420.86444252171583,8.112506283677103,-1.0
1701,412.1762773310799,7.994152762865846,1.0
1702,414.3004542065876,7.954091903255632,1.0
1703,415.0067684542525,7.993781101142933,1.0
1704,420.5458722995021,7.360531598194805,-1.0
1705,420.3847673885876,6.780303076928397,-1.0
1706,425.6979498461272,6.193157281666794,-1.0
1707,416.87633821327006,5.910803157230645,-1.0
1708,417.30336504557965,5.677942368196285,-1.0
1709,408.5877807294484,5.824514154009936,1.0
1710,405.2262025601647,6.139919723221356,1.0
1711,420.6079282611661,6.062922144296437,1.0
1712,428.7820950340784,6.775036054390939,1.0
1713,429.6224648196932,7.387933615079539,1.0
1714,435.3424955478512,8.335995967377285,1.0
1715,435.5008961381284,8.382310363592948,1.0
1716,445.6487992268486,10.032097399023083,-1.0
1717,452.11541826872815,11.83366189241895,-1.0
1718,447.1779354359113,12.878018688043051,-1.0
1719,437.436318771712,13.177376347811094,-1.0
1720,440.7947574487381,13.559590424826704,-1.0
1721,438.85842602130367,13.39218247929639,-1.0
1722,425.893506121019,13.023358837964281,-1.0
1723,419.4989245971076,12.81786613023481,-1.0
1724,425.08314805594415,12.707582562636455,-1.0
1725,428.8699230210352,12.551758852828995,-1.0
1726,411.33618470973227,13.161452639642473,-1.0
1727,409.2714839594647,13.617743040556652,-1.0
1728,403.39527812675897,14.525535168649423,-1.0
1729,402.3552187433058,15.010322584974931,-1.0
1730,417.09553517214886,14.316898264102782,-1.0
1731,402.23207998994553,15.350627895042082,-1.0
1732,400.8672216822219,16.395891469964223,-1.0
1733,407.5833995880164,16.83334517839727,-1.0
1734,412.84564455425215,16.80950835254683,-1.0
1735,417.3871167890809,16.59811427605852,-1.0
1736,414.8228055505566,15.722760031507548,-1.0
1737,391.06352331121786,15.23075627441689,-1.0
1738,393.4500046785225,14.476141852889823,-1.0
1739,392.6004485198888,14.290378926422207,-1.0
1740,389.1022988644352,13.612606798079657,-1.0
1741,381.2931492681904,13.31231771010292,-1.0
1742,375.5160787061788,14.33615125486276,-1.0
1743,363.98373685441527,16.54174403293449,-1.0
1744,365.4559218207488,17.5090114654645,-1.0
1745,362.8350369422181,17.808759678825126,-1.0
1746,356.2752924301729,19.448756727166423,-1.0
1747,361.6027813980233,20.25044051017137,-1.0
1748,370.5880399264293,20.48579893685786,-1.0
1749,364.3437111191333,20.93479507484391,-1.0
1750,361.1700151944079,20.439112843439386,-1.0
1751,367.2912621171327,20.31418205881693,-1.0
1752,372.5208568571923,19.95115899719732,-1.0
1753,370.618997378775,19.059594751479615,-1.0
1754,362.72681527634165,17.65112069960967,-1.0
1755,352.8799743585063,15.606598009950451,-1.0
1756,350.6920849527292,13.049791357513364,-1.0
1757,349.32032719670946,12.891416877096777,-1.0
1758,342.3609500455163,12.687615953255786,-1.0
1759,346.1235607659871,11.712145595288252,-1.0
1760,338.4204281979204,11.319909915048616,-1.0
1761,342.9442746610505,10.906458113706544,-1.0
1762,346.16599244261766,10.518372693086373,-1.0
1763,325.6466466351311,12.554632966168512,0.0
1764,321.6158394923252,14.414176175534783,0.0
1765,329.46622996221765,15.164945069914225,0.0
1766,339.64398894775246,15.352148564380622,0.0
1767,339.58666227619614,15.32661696906052,0.0
1768,340.51273343447366,14.629546429249844,-1.0
1769,316.7579452166174,15.696892836036751,1.0
1770,340.9708776339836,15.302355665968655,0.0
1771,338.5175011555657,14.404061588051839,0.0
1772,340.04563641974335,12.671789550244984,0.0
1773,333.59407259373705,10.79847288555733,0.0
1774,333.4850263478799,9.439128492741267,0.0
1775,330.53523870575304,8.949400969997802,0.0
1776,323.800020782115,8.85431201581887,1.0
1777,327.63007029723616,8.453043612438526,1.0
1778,328.7919869310669,8.366040262500864,0.0
1779,332.6426529739032,7.885138090935425,0.0
1780,325.48643924711035,7.993338196235068,1.0
1781,326.65162405801226,7.741198502259781,1.0
1782,325.806838205234,7.1033795617845295,1.0
1783,325.0045565496532,7.130529769286623,1.0
1784,328.7872419280043,6.805243735928785,1.0
1785,333.6564913627597,6.80753574850383,-1.0
1786,335.06979660458995,6.596464849337826,-1.0
1787,340.96041048291977,6.693008308520835,-1.0
1788,335.74664673478327,6.432579621856312,-1.0
1789,332.1625747510599,5.461649921493486,-1.0
1790,333.7929224496466,5.059929788799518,-1.0
1791,334.4236432670759,4.843914952157654,-1.0
1792,335.22233147191344,4.4987854746584555,-1.0
1793,339.02938210275374,4.8070134348284075,-1.0
1794,339.13009769991976,5.09110021392171,
1795,334.53352524141474,5.120687032973109,
1796,328.16752440701976,4.841875631574743,
1797,333.0805463032807,4.7270079691523055,
1798,336.9652270027853,4.7512358071444165,
1799,327.7311719706232,4.88569404140231,
1800,330.00769186384633,4.639036636624401,
1801,323.1406021204678,4.940451412348004,
1802,328.24003375635414,4.791535158935693,
1803,323.0219594540536,4.9769704318755075,
1804,319.45163375615,5.737371585380515,
1805,305.5316392111787,8.251478133955066,
1806,306.69736888167984,9.772224549638743,
1807,303.82971966887067,10.91140610703522,
1808,306.5353730030725,11.676982486467532,
1809,302.32154619037465,12.713291500811218,
1810,299.497766058486,13.67633730918936,
1811,298.25390970986666,14.432806071646988,
1812,301.8229011481755,14.633813846035647,
1813,301.27681809608214,14.39459232672792,
