index,HHH PLNT,Standard_dev,label
0,13.11885750212592,7.076090537648769,-1.0
1,13.496017005048486,7.076090537648769,-1.0
2,12.945518138224427,7.076090537648769,-1.0
3,15.36341423705072,7.076090537648769,-1.0
4,20.48847236071248,7.076090537648769,-1.0
5,21.67654715593764,7.076090537648769,-1.0
6,16.953029369167936,7.076090537648769,-1.0
7,17.94948574938313,7.076090537648769,-1.0
8,13.817491354477449,7.076090537648769,-1.0
9,12.468525287409264,7.076090537648769,-1.0
10,12.601346780756508,7.076090537648769,-1.0
11,9.166434897792918,7.076090537648769,-1.0
12,10.169529182665848,7.076090537648769,-1.0
13,11.47405992160072,7.076090537648769,-1.0
14,11.325024850325448,7.076090537648769,-1.0
15,9.8255940731664,7.076090537648769,-1.0
16,9.280721777783654,7.076090537648769,-1.0
17,9.866906689384336,7.076090537648769,-1.0
18,7.407040324752089,7.076090537648769,-1.0
19,11.67100744328551,7.076090537648769,-1.0
20,10.178403306167631,7.076090537648769,-1.0
21,9.224444221678011,7.076090537648769,-1.0
22,6.290729175113668,7.076090537648769,-1.0
23,3.334430941506397,7.076090537648769,-1.0
24,4.579778740726333,7.076090537648769,-1.0
25,6.310946572900349,7.076090537648769,-1.0
26,4.233276902170232,7.076090537648769,-1.0
27,4.975209147824387,7.076090537648769,-1.0
28,0.3907145815957022,7.076090537648769,0.0
29,1.913018024143291,7.076090537648769,-1.0
30,1.0197927358617775,7.076090537648769,0.0
31,1.5238778053928002,7.076090537648769,-1.0
32,-1.3188364615747403,7.076090537648769,0.0
33,-1.1074083060210853,7.076090537648769,0.0
34,3.62588515825788,7.076090537648769,-1.0
35,1.909990422038618,7.076090537648769,-1.0
36,1.9509682797976355,7.076090537648769,-1.0
37,0.662615521061781,7.076090537648769,0.0
38,1.280447597798485,7.076090537648769,-1.0
39,0.6415959659035053,7.076090537648769,0.0
40,-0.8199468287172493,7.076090537648769,0.0
41,-2.368520280227252,7.076090537648769,0.0
42,-2.370024010789791,7.076090537648769,0.0
43,-3.2775837742806644,7.076090537648769,0.0
44,-2.410084271240024,7.076090537648769,0.0
45,-3.853725828629088,7.076090537648769,0.0
46,-4.659961704501939,7.076090537648769,0.0
47,-6.11812782786992,7.076090537648769,0.0
48,-4.744738443170164,7.076090537648769,0.0
49,-9.386526021341965,7.076090537648769,0.0
50,-8.279826123689531,7.076090537648769,0.0
51,-8.908478223626524,7.076090537648769,0.0
52,-8.335752244649768,7.076090537648769,0.0
53,-7.632722079437514,7.076090537648769,0.0
54,-6.390548437944602,7.076090537648769,0.0
55,-5.647561258354386,7.076090537648769,0.0
56,-7.095684167203601,7.076090537648769,0.0
57,-5.348343184117688,7.076090537648769,0.0
58,-6.547291345662551,7.076090537648769,0.0
59,-7.816179252416575,7.076090537648769,0.0
60,-6.297854186646347,7.076090537648769,0.0
61,-3.593680648703128,7.076090537648769,0.0
62,-4.030310902104972,7.076090537648769,0.0
63,-3.779892808722636,7.076090537648769,0.0
64,-3.695919913868991,7.076090537648769,0.0
65,-1.699445058371758,7.076090537648769,0.0
66,-0.0815313339713625,7.076090537648769,0.0
67,-1.808182176612057,7.076090537648769,0.0
68,-2.2992375311407827,7.076090537648769,0.0
69,-1.6651736234003351,7.076090537648769,0.0
70,-2.0355620130291,7.076090537648769,0.0
71,-1.3799279134506008,7.076090537648769,0.0
72,-2.444623487219204,7.076090537648769,0.0
73,-1.7144289046508874,7.076090537648769,0.0
74,-5.392487061492531,7.076090537648769,0.0
75,-6.480235327167435,7.076090537648769,1.0
76,-5.847249615955548,7.076090537648769,0.0
77,-2.676943137216135,7.076090537648769,0.0
78,-1.9806667280366737,7.076090537648769,0.0
79,-3.4770177091458763,7.076090537648769,0.0
80,-5.390567329861412,7.076090537648769,0.0
81,-4.582331141430963,7.076090537648769,0.0
82,-2.187289792965984,7.076090537648769,0.0
83,0.0551933628157925,7.076090537648769,0.0
84,-1.2139199360871231,7.076090537648769,0.0
85,-1.4676214156849312,7.076090537648769,0.0
86,-0.2326089092558803,7.076090537648769,1.0
87,-1.95741136813119,7.076090537648769,1.0
88,0.4177146190084002,7.076090537648769,1.0
89,1.2684071805870758,7.076090537648769,1.0
90,-0.7772954845624724,7.076090537648769,1.0
91,-0.1667982703464829,7.076090537648769,1.0
92,-0.1636527381516046,7.076090537648769,1.0
93,2.938913281884318,7.076090537648769,0.0
94,2.8818563181504477,7.076090537648769,0.0
95,4.240816297572529,7.076090537648769,0.0
96,4.66334180473369,7.076090537648769,0.0
97,1.9613411716996008,7.076090537648769,0.0
98,0.6313408482693319,7.076090537648769,1.0
99,0.7283036178559712,7.076090537648769,1.0
100,0.7602194589230038,6.978351855116133,1.0
101,-0.7207103230875518,6.872957678833135,1.0
102,0.0832555025316565,6.771164666694093,1.0
103,0.3585730369462681,6.616495037621753,1.0
104,0.6752688688393391,6.315459630440195,1.0
105,2.2929950402642447,5.954021460251282,1.0
106,0.4665938408064534,5.719226351787553,1.0
107,0.1311649056611088,5.437516904211805,1.0
108,-4.1221190758549895,5.2779655846956075,1.0
109,-2.908251746421953,5.134270074106964,1.0
110,-3.976283989317004,4.985056274763644,1.0
111,-4.620972611647822,4.911298156211928,1.0
112,-0.3367221113563943,4.793509227476493,1.0
113,2.1165061039605177,4.6460340908122975,1.0
114,1.0503425612105133,4.490305095230321,1.0
115,2.9306450995208166,4.3783071428286116,1.0
116,12.033103114402875,4.450296821653537,-1.0
117,5.247766080085924,4.361980991371475,-1.0
118,7.685303057086827,4.3673585815173634,-1.0
119,4.441487713872704,4.215996998615299,-1.0
120,0.5906985055247986,4.068520193762941,0.0
121,0.4201660104651097,3.9388529510749812,0.0
122,-3.5013074780069218,3.8754910780553464,0.0
123,-4.893817573371536,3.8665022966263063,1.0
124,-4.401098753783984,3.8341363754615405,1.0
125,-4.705450293986459,3.770125960493611,1.0
126,-3.2143924808250404,3.7302840972930134,1.0
127,1.7343625496836808,3.6871663095773943,-1.0
128,-0.6952360925581758,3.6830004546681683,0.0
129,0.0147488416821914,3.6698021162695573,0.0
130,1.217163533213096,3.6712651821692495,-1.0
131,1.3737666171621044,3.670016112199334,-1.0
132,-0.3418805365754878,3.672006606709507,0.0
133,-1.8395912203461224,3.67181303865282,1.0
134,-1.9461077571766623,3.634203774503283,1.0
135,-1.653579911469507,3.6165801427742528,1.0
136,-0.5226321164524705,3.600022461143631,1.0
137,0.8387786008613318,3.6012278975526226,-1.0
138,0.2221521441028358,3.593965274148504,-1.0
139,-0.6074693869517347,3.5879168081603834,1.0
140,-1.281652195007723,3.587055985414531,1.0
141,-5.435600811171327,3.605761460489038,1.0
142,-3.348079563067202,3.6087965314898756,1.0
143,-4.716608134846851,3.6177841612129877,1.0
144,-4.20347456773753,3.625425554086546,1.0
145,-3.490043019709063,3.6235143708780466,1.0
146,-1.561832356078,3.611905998172258,1.0
147,0.4316044227980455,3.5912851779335004,-1.0
148,0.4631731985704164,3.5842637234543333,-1.0
149,-1.4015491943850122,3.497751480660927,1.0
150,-0.8146882266997295,3.4318398419197087,1.0
151,1.117541117276275,3.358333580075209,-1.0
152,1.2874309957868206,3.2943017024177683,-1.0
153,-1.3326372017461523,3.2313179141730086,1.0
154,-1.0513562184756182,3.188883663730418,1.0
155,1.075731201922096,3.164275358090332,-1.0
156,2.427254453150965,3.1251042891233705,-1.0
157,3.563515638768962,3.1270924992495788,-1.0
158,3.954980377831717,3.1124107462014554,-1.0
159,4.91785802955161,3.083306327998558,-1.0
160,4.256257776646734,3.069825825705604,-1.0
161,1.311875276526294,3.060345341745937,-1.0
162,0.1515973977673752,3.040538657900367,-1.0
163,-2.4842763813967395,3.029109188313301,-1.0
164,-4.457991286764553,3.0382387598185017,-1.0
165,-2.96309477316251,3.0459681711938384,-1.0
166,-4.658685237789683,3.073947620541939,-1.0
167,-6.988320576995875,3.138483993506547,1.0
168,-9.812771257806672,3.2670478778854988,1.0
169,-7.532672989365309,3.3370739047503517,1.0
170,-6.883122863687817,3.3910496869102076,1.0
171,-8.523313436648777,3.4780389178341795,1.0
172,-8.506911381656948,3.5580844190703567,1.0
173,-7.8109321209619935,3.6236778304019506,1.0
174,-9.659824481866169,3.7006143452927245,1.0
175,-9.695609442684288,3.762073873810652,1.0
176,-4.676573313271433,3.7487714109276777,1.0
177,-4.845670507761156,3.7646268780672494,1.0
178,-3.8840408955071695,3.7741635209689828,-1.0
179,-7.527034652974081,3.82166192976637,1.0
180,-9.667461182098648,3.8932812410464455,1.0
181,-8.876886599184175,3.954666340199354,1.0
182,-7.492537000487886,4.003352691218408,1.0
183,-4.910196178306705,4.017750249841036,1.0
184,-2.4860386548102014,4.019485087268362,1.0
185,-4.368029745611452,4.0310541935024675,1.0
186,-1.1620721796159472,4.029539802807154,1.0
187,1.821106245121456,4.041504193466325,1.0
188,6.477250874043563,4.112536956058334,-1.0
189,8.01540865428079,4.208556994432733,-1.0
190,5.244552554543759,4.257267587484019,-1.0
191,2.9760108658894358,4.275979601834563,-1.0
192,2.7160196739111484,4.291979030516032,-1.0
193,5.469300645048477,4.32317346505161,-1.0
194,0.7806148828686474,4.30899990233054,-1.0
195,3.3847423349559733,4.299198564198166,-1.0
196,3.998449386160374,4.29074784693498,-1.0
197,0.299706141116971,4.282072507930004,-1.0
198,-0.4017439486828777,4.279114760562484,0.0
199,-1.6955514768991549,4.275496312746595,1.0
200,-2.5171677662963674,4.273437685575676,1.0
201,0.750274927592784,4.277497143259486,-1.0
202,-0.6538646915605426,4.275992359038485,0.0
203,-0.2709979298417551,4.274206938626077,0.0
204,-1.5949482930148946,4.270389923605081,1.0
205,-4.275627698817004,4.266910442800835,1.0
206,-4.197494809114872,4.27346518964901,1.0
207,-5.138809456632757,4.288173546660625,1.0
208,-6.330507174324026,4.3082473482470425,1.0
209,-4.1908661671584895,4.314779139300175,1.0
210,-2.765018492365016,4.309119977693242,1.0
211,-4.594562627270648,4.308919531659274,1.0
212,-4.576618156381159,4.319497592767349,1.0
213,-2.791579848088361,4.306862110314933,1.0
214,-2.147500721256236,4.299890638269035,1.0
215,-1.0548012766635964,4.276880147726396,-1.0
216,1.177285404563662,4.061400373465562,-1.0
217,0.2145754715387369,4.005967039810974,-1.0
218,4.96761890424915,3.950542452072285,-1.0
219,4.204924832470127,3.946885194678381,-1.0
220,3.839385828794917,3.9793467890876046,-1.0
221,4.796671798216835,4.026565804474714,-1.0
222,2.6318206257063395,4.044679540872494,-1.0
223,2.9487639717094822,4.05587316436757,-1.0
224,4.19376168204748,4.084858854480747,-1.0
225,3.016137694009714,4.095088223040258,-1.0
226,1.070955060075022,4.097722703021194,-1.0
227,3.406643127796201,4.113610882443929,-1.0
228,1.559576331800926,4.123033428592234,-1.0
229,0.0687459018728304,4.123205638236751,-1.0
230,0.920365907505527,4.121511130336513,-1.0
231,1.1908301865042858,4.120369506466432,-1.0
232,0.2896984905928974,4.1222817507547145,-1.0
233,-0.2895310934948298,4.122988020337293,-1.0
234,-0.2956629241058408,4.123447488655438,-1.0
235,-1.8169693868103425,4.123650883693981,0.0
236,-2.783634272462322,4.125942713127491,0.0
237,-2.459161973794181,4.122252785995917,0.0
238,-3.6713410548783534,4.126273390345055,0.0
239,-7.493833549419421,4.1714371599237,1.0
240,-5.845522287987691,4.195124337302081,0.0
241,-5.325476323028141,4.194078384251428,0.0
242,-7.827330596904019,4.238392336845306,1.0
243,-4.930500656629889,4.240095516351117,0.0
244,-3.2000744256978493,4.234775949438709,0.0
245,-3.0203845422010858,4.232776010145335,0.0
246,-3.4985626470271,4.237637551274783,0.0
247,-4.9971679966438245,4.247567117484717,0.0
248,-4.163678013250774,4.25070654902046,0.0
249,-4.381460597186816,4.259821966148244,0.0
250,-3.4162137649316406,4.262810870810484,0.0
251,-2.585995501192315,4.254658628522939,0.0
252,-1.20010034749005,4.2443886393278945,0.0
253,-1.775891099401079,4.244226572520238,0.0
254,-2.933658906558506,4.245449297263742,0.0
255,-4.374626991427462,4.2440648888362915,0.0
256,-5.549762882582215,4.2390864134027835,0.0
257,-6.383567320918317,4.227149319576743,0.0
258,-6.068082318328536,4.204184228481316,0.0
259,-6.518644340522798,4.167764482997391,0.0
260,-4.700988002957516,4.124124950935953,0.0
261,-5.148356896929215,4.1180935219882535,0.0
262,-5.099915532106365,4.119593258148502,0.0
263,-5.680627925379653,4.132758466939773,0.0
264,-4.715183976710151,4.134121937536813,0.0
265,-5.8240432194298535,4.147805476024888,1.0
266,-7.323265151421012,4.170652099166034,1.0
267,-5.768280856439233,4.159080697313894,1.0
268,-5.208039647952745,4.101968053076311,0.0
269,-4.07150318990108,4.072853221829761,0.0
270,-2.6506954853444995,4.04750681108675,0.0
271,-1.75375451473289,3.9993453508655197,0.0
272,-2.8391177676995483,3.9499330031933306,0.0
273,-1.6670607188893172,3.90957588805924,0.0
274,-4.708179343144607,3.8443485377334965,0.0
275,-5.237673988190167,3.7807386164752526,1.0
276,-4.678965208979221,3.780755353574555,0.0
277,-4.486131569353901,3.7782483679437813,0.0
278,-5.351354879629824,3.788258937315082,1.0
279,-5.696633488214218,3.765980841490802,1.0
280,-6.673855314692958,3.7164010276608272,1.0
281,-6.9282978262245365,3.6850702025589603,1.0
282,-5.428131363144573,3.6596964442797635,1.0
283,-5.212968643136748,3.662268301860551,1.0
284,-5.250966766961625,3.6765032450734427,1.0
285,-5.442362020919376,3.6850170863131226,1.0
286,-4.578050391156424,3.69278218604203,1.0
287,-4.156242924470533,3.677720923083677,1.0
288,-7.391114553529334,3.611256571302214,1.0
289,-5.080814232355337,3.469715556402316,1.0
290,-3.6272802042110186,3.385015994250656,1.0
291,-2.3380445749528462,3.3399882372688223,1.0
292,-0.6164725689392299,3.3035610712959493,1.0
293,0.4255175507465907,3.2170809402202587,1.0
294,-0.1096627271660963,3.208818760382023,1.0
295,0.7821440300342175,3.169935141315739,1.0
296,0.4708437015151787,3.1143773449665786,1.0
297,-0.3882151848490736,3.1084783323881418,1.0
298,-0.6190530789845354,3.1069386995174653,1.0
299,-0.842440358046403,3.1108691608184214,1.0
300,-0.3859250679437451,3.1193040640462293,1.0
301,0.7114771467519461,3.118877814706357,1.0
302,-0.0007553974730996,3.1238049799519785,1.0
303,-0.8641666645788888,3.1197923965292986,1.0
304,0.1934740203016787,3.131072223885292,1.0
305,0.487037105159402,3.142195306821025,1.0
306,0.936241260771908,3.1576604766007677,1.0
307,0.8165693946230732,3.1643872246225433,1.0
308,1.6010885213012358,3.166423454058533,-1.0
309,-0.7916678864515632,3.165308963781728,1.0
310,-1.4487001031094593,3.1663928200515454,1.0
311,-3.43254786065323,3.160229581957038,1.0
312,-2.756402722980852,3.152488735376545,1.0
313,0.1927043930431153,3.1621713774173115,1.0
314,3.702625134329267,3.2186075864445387,0.0
315,5.155398150778396,3.30057821737162,0.0
316,5.994452296515078,3.3841394522520627,0.0
317,7.143671091618188,3.5015294088380404,-1.0
318,7.058197554926309,3.549822988253988,-1.0
319,6.883064872109614,3.6070523034393207,-1.0
320,5.0002926760476925,3.6278858490363675,0.0
321,3.1700508583290627,3.6006423999254635,0.0
322,1.2691827864320118,3.585415523124244,1.0
323,2.6487637428424904,3.5813297498482863,0.0
324,2.0041518888846213,3.5494189824884543,0.0
325,4.2427560010603145,3.5691892844965833,0.0
326,3.2726677475542374,3.5952928592795,0.0
327,3.6943157058434792,3.599792522827513,0.0
328,4.224099767229532,3.6362247723443284,0.0
329,3.6290984349385695,3.6738447652877206,0.0
330,4.119456217452296,3.7128717175559287,0.0
331,3.7793732229932,3.7437074281419918,0.0
332,2.5973325449013487,3.7643888574441084,0.0
333,1.4140043013950958,3.775477875772567,1.0
334,3.4884759800038267,3.8101077463173207,0.0
335,4.111560275475654,3.8560164517248317,1.0
336,6.20394912841121,3.935868220538136,1.0
337,4.923817465329563,3.9898236855684583,1.0
338,4.120440346572849,4.024851372703263,1.0
339,2.810669777418667,4.002207497799725,1.0
340,2.768060717272107,3.9986214379605283,1.0
341,7.19390555091006,4.067677095846217,-1.0
342,5.799903702032054,4.071862168175281,1.0
343,5.282125474619235,4.102001412762784,1.0
344,3.8000901226132697,4.1231868157572515,1.0
345,3.3666704503891367,4.1394027341052455,1.0
346,2.907902737927984,4.147304826012025,1.0
347,3.138454036890977,4.143324427201306,1.0
348,3.71702466045204,4.151484814959432,1.0
349,2.7195582660290825,4.147035741378351,1.0
350,5.5225017645628895,4.180571456378722,1.0
351,4.380142338075871,4.202578428576269,1.0
352,4.120408367740509,4.225694114142535,1.0
353,4.432211252448909,4.249709897618704,1.0
354,0.5534987037271577,4.241880204787103,1.0
355,2.880726738071388,4.232291846948761,1.0
356,2.383211466569165,4.2044322182815925,1.0
357,2.287792840116325,4.162258402242588,1.0
358,3.2144110093972955,4.128716539614294,1.0
359,2.6152397909252727,4.081521355845201,1.0
360,2.018267322794202,4.055349246187561,1.0
361,2.137288063378122,4.022496353315737,1.0
362,5.462916734830657,4.017048441137663,1.0
363,5.052103147477084,3.9951965398117193,1.0
364,5.308997845171319,3.9875833523548203,1.0
365,14.814499257625243,4.178782179053687,-1.0
366,19.298483363074556,4.489077055607913,-1.0
367,18.91138258928862,4.7758191514791575,-1.0
368,17.02939085516489,4.9799511162754095,-1.0
369,13.567214231118228,5.088628316693413,-1.0
370,12.324075980281975,5.176934157231407,-1.0
371,13.978664918696197,5.301857737973942,-1.0
372,13.711168524286748,5.404318985569042,-1.0
373,13.233359624149614,5.500130166619622,-1.0
374,12.768282035703535,5.549839644431311,-1.0
375,12.145882769600178,5.5752680937835315,-1.0
376,10.9095254119446,5.5837869243555325,-1.0
377,9.3979714145009,5.571092305911141,-1.0
378,9.485059938088298,5.543112384651488,-1.0
379,9.843649157278335,5.509516624261393,-1.0
380,7.390161270371252,5.430405203341117,-1.0
381,8.515396028847064,5.350582677213534,-1.0
382,10.033599897034437,5.30945409258572,-1.0
383,4.788843328896704,5.231905440412312,-1.0
384,2.633393988837597,5.151650137704872,-1.0
385,1.8472452353412765,5.068123340310851,0.0
386,1.085509018945018,5.002111554670981,0.0
387,2.3754789223896324,4.935520035749276,-1.0
388,5.499619587177875,4.797251719073428,-1.0
389,3.9981077334628594,4.703174391612665,-1.0
390,3.527257746723336,4.634091686036672,-1.0
391,1.9813958287246864,4.590116316672768,-1.0
392,3.677060233163914,4.561844983276845,-1.0
393,1.193708079001155,4.555497745810564,-1.0
394,-0.8604279194402835,4.563853012468363,0.0
395,0.7337812957459846,4.5642572521848574,0.0
396,1.0538940820777327,4.559383677722094,0.0
397,2.211287988612767,4.5383624159710525,-1.0
398,0.975181239040822,4.522736682940593,0.0
399,0.5155446863994655,4.50829994873335,0.0
400,-0.0154774096348404,4.504315561312302,1.0
401,-1.0005250787197042,4.522459348799445,1.0
402,-1.739642631420509,4.543553295867392,1.0
403,-1.2697174689094624,4.548626381978724,1.0
404,-3.489600512132199,4.598979758188362,1.0
405,-2.235351628647635,4.631064436363396,1.0
406,-0.0655532171178663,4.639919685632645,1.0
407,-2.034413399445796,4.671351821081258,1.0
408,-2.027628816125912,4.707723606812238,1.0
409,-2.1975340976243274,4.7255161446197755,1.0
410,-3.6029493087158215,4.757288640227903,1.0
411,0.8025132567477158,4.705548217303519,0.0
412,-0.3253571266929782,4.674227612361969,1.0
413,-4.042230481258798,4.7320446541087495,1.0
414,-5.660499845659899,4.837651821497009,1.0
415,-5.326412449261852,4.93194210926691,1.0
416,-5.337240323396131,5.019975422265685,1.0
417,-3.548886158560805,5.068113796484881,1.0
418,-1.6483839025717515,5.089648389815781,1.0
419,0.3875372686619442,5.092705614969322,-1.0
420,0.04035908024521,5.105428773101022,-1.0
421,-1.6049554416028542,5.1335423147002075,1.0
422,-1.2001752657748457,5.151468531816761,1.0
423,0.5986224007053096,5.159839507592035,-1.0
424,0.8390861080566907,5.165014375088689,-1.0
425,0.935198770567709,5.171997795356841,-1.0
426,-0.3899316297878243,5.187661596992236,-1.0
427,-2.0212959588454567,5.218188387119028,1.0
428,-0.8182240960471887,5.236028051992801,-1.0
429,0.9578952899591542,5.242217009134046,-1.0
430,6.981291700785519,5.253532384705981,-1.0
431,5.363731931937664,5.256739570242961,-1.0
432,6.271819738722073,5.263018943317081,-1.0
433,4.641983126668805,5.259602896212281,-1.0
434,5.285799130751954,5.262304226542546,-1.0
435,6.888952385300485,5.272280377134631,-1.0
436,6.447664954778531,5.273533225735013,-1.0
437,5.167606241336159,5.274187372365606,-1.0
438,5.969590737585378,5.279106979854343,-1.0
439,4.830871131684773,5.2796720981882554,-1.0
440,4.219959236536681,5.279122308565829,-1.0
441,2.488237141209737,5.268618733061163,-1.0
442,-2.5239949073835817,5.300004457456928,0.0
443,-3.643536890878352,5.3458205297856916,0.0
444,-6.137247825028965,5.431479612453992,0.0
445,-3.124969509452086,5.4702985999934315,0.0
446,-6.85668660427703,5.563992476134341,0.0
447,-5.619929020654482,5.633748843138269,0.0
448,-8.982342413039476,5.762056181741218,0.0
449,-4.724808111680417,5.813615267205852,0.0
450,-4.875500331613949,5.859560239052184,0.0
451,-4.71220329610162,5.905543449696362,0.0
452,-6.001542090088819,5.967950869522334,0.0
453,-5.73545194672019,6.0233369730629915,0.0
454,-5.104716910295224,6.068506503763621,0.0
455,-2.595682594462275,6.0894758633068,0.0
456,-3.8909555529802304,6.122088810974239,0.0
457,-3.792284256044937,6.152895211712441,0.0
458,-5.293057295394576,6.198712931505757,0.0
459,-5.511918416481805,6.246452160070377,0.0
460,-5.373836051616664,6.291361425494704,0.0
461,-5.615917394513474,6.337947185977859,0.0
462,-5.940854518623098,6.377085971160794,0.0
463,-5.983354824475214,6.416722004147306,0.0
464,-5.798391631781058,6.4506049680601185,0.0
465,-6.406133789453435,6.361345826242964,0.0
466,-6.651230906387369,6.150898622490721,0.0
467,-6.508961249649275,5.9317000354135425,0.0
468,-6.131495447512847,5.745460028019228,0.0
469,-5.6295942795994165,5.630244969064783,0.0
470,-7.552051209141965,5.558752798575375,0.0
471,-6.523905219467508,5.425438875787755,0.0
472,-5.578308341247109,5.277123094354553,0.0
473,-5.9081949069474575,5.133683196680191,0.0
474,-5.405832415736327,4.9861312899460675,0.0
475,-2.6194429088996145,4.824572589069846,-1.0
476,-1.81401296955076,4.683025604008838,-1.0
477,-3.3270106731471856,4.576117920515789,-1.0
478,-2.2163900320516348,4.456474594341052,-1.0
479,-4.347964219583986,4.332036017765116,-1.0
480,-5.450068513423304,4.266514255329759,-1.0
481,-5.898124203787319,4.175218556279014,-1.0
482,-4.334876789717569,4.021835600571713,-1.0
483,-7.061637003138998,4.007621061880032,1.0
484,-7.862860739737812,4.031093710638852,1.0
485,-6.267321270863263,4.03905864264359,-1.0
486,-7.02132898961527,4.060670949173595,1.0
487,-5.160894153322488,4.049697674257211,-1.0
488,-6.99075730299991,4.007991021990827,1.0
489,-6.603985995691659,3.9841419904443556,1.0
490,-8.609133879047363,3.991347665235201,1.0
491,-8.8876141352019,4.019621534759417,1.0
492,-12.538429725975831,4.095259678665139,1.0
493,-11.218485277052238,4.1654475783130565,1.0
494,-5.822675588767012,4.17211523757719,1.0
495,-5.570658464449451,4.165624738643618,1.0
496,-5.845848480175505,4.157026578074825,1.0
497,-5.720474419932017,4.1332735683461195,1.0
498,-7.787974838897526,4.1405358036641084,1.0
499,-8.157625428346563,4.154621825344831,1.0
500,-8.821954941474814,4.179749633450171,1.0
501,-10.09637334280849,4.228209823104971,1.0
502,-8.215293072862735,4.252405808822794,1.0
503,-9.096778558263232,4.283947401622084,1.0
504,-7.592893144349617,4.3032649982884745,1.0
505,-6.15750537075472,4.3089342384844995,1.0
506,-3.5828895777081584,4.2941231674592615,1.0
507,-2.5834222058694536,4.292406721680201,1.0
508,-0.7662157771460443,4.299042705692653,1.0
509,-0.1157950877472444,4.311062366038674,1.0
510,0.861831067972247,4.334163520897351,1.0
511,-0.8263845134191996,4.3206329768925125,1.0
512,-0.2612200856304696,4.321125527667168,1.0
513,0.7447203499268511,4.342394277985271,1.0
514,1.4569444249294463,4.365393448187841,1.0
515,4.544910748036841,4.433812754655909,0.0
516,4.637985065851936,4.5005952648041365,0.0
517,4.87289891233705,4.573354152066696,0.0
518,4.566959985966747,4.636132875989732,0.0
519,4.87115982475045,4.691688111080132,0.0
520,7.319438847777377,4.795735366689723,0.0
521,7.244248290969409,4.902136529203289,0.0
522,6.683556409152089,4.992443017523585,0.0
523,6.3668543384911445,5.0652404210962505,0.0
524,7.796925453038867,5.162198773871104,0.0
525,6.402783246586353,5.229626153502768,0.0
526,4.728855097915172,5.2767834532280835,0.0
527,3.1543317926042107,5.3077694554488115,0.0
528,2.59901824502397,5.329948960710801,1.0
529,2.4488956552427226,5.34182080552083,1.0
530,5.173334483644496,5.312401608639366,0.0
531,4.960326238121141,5.306509496787436,0.0
532,6.28132039206362,5.3066685289055435,0.0
533,6.428890069883934,5.333957710954582,0.0
534,5.635394564851424,5.339223766715369,0.0
535,5.381143364491393,5.314524858644977,0.0
536,6.698292103105004,5.318849680788578,0.0
537,6.809797088039161,5.345258556065786,0.0
538,8.421034457080069,5.389892524310951,0.0
539,8.331361700485544,5.448816292614551,0.0
540,9.226658843960536,5.532914352358416,-1.0
541,11.081262296278991,5.674247373073366,-1.0
542,11.049429535936568,5.828987640747295,-1.0
543,10.58151373321506,5.964438283469703,-1.0
544,8.06803915938886,6.0341087118138494,-1.0
545,6.921918037008453,6.09643121010541,-1.0
546,7.758637301459444,6.14836951246881,-1.0
547,9.364650196674518,6.232171967877773,-1.0
548,8.300230322970975,6.26158689712469,-1.0
549,8.479137859348484,6.327660360371763,-1.0
550,8.974640480032079,6.397046176116774,-1.0
551,10.584893587866205,6.490482178944557,-1.0
552,8.910143498374339,6.542798909486067,-1.0
553,8.697524549337771,6.590387021960894,-1.0
554,9.043566916944997,6.6441405663392965,-1.0
555,4.814438260148407,6.661254683200788,-1.0
556,4.793459401511413,6.671551607272703,-1.0
557,2.456460489429091,6.667659098458795,-1.0
558,4.040672153143262,6.6613284017664816,-1.0
559,5.639247538350872,6.663694039489833,-1.0
560,6.166808872192462,6.669976357033836,-1.0
561,5.603276487397238,6.667302961612541,-1.0
562,5.828755470503339,6.661559079836676,-1.0
563,5.924316462951424,6.654082588595065,-1.0
564,3.5866362369600893,6.631296440229982,-1.0
565,4.909363948724391,6.608113339505358,-1.0
566,5.095389422195325,6.581349738485037,-1.0
567,5.123879729336707,6.554172659158733,-1.0
568,3.101024539759948,6.519275305799651,-1.0
569,1.7798963443317746,6.485448203048297,-1.0
570,-1.4501604702979023,6.432173510036287,-1.0
571,-3.3654587671357064,6.401982747180484,-1.0
572,-5.568520572075229,6.401879012807846,0.0
573,-5.336360482773529,6.395768825776561,0.0
574,-5.946668445680089,6.401594128756102,0.0
575,-3.335661554623826,6.406246323980291,-1.0
576,-1.732680568208508,6.405873045500496,-1.0
577,-0.5253527370195599,6.392261012554821,-1.0
578,-0.3995236264591142,6.385128899371748,-1.0
579,-2.05670828965944,6.369168641193414,-1.0
580,-1.9474225262580944,6.341762198543467,-1.0
581,-3.346325976934409,6.317830892984515,-1.0
582,-5.872242134189648,6.333452190949619,0.0
583,-6.744515908653767,6.329325478059681,0.0
584,-8.245701711690408,6.335009639141889,0.0
585,-10.10182500612366,6.39232459688578,1.0
586,-13.071340850447442,6.498789255617997,1.0
587,-14.117014867758591,6.6467043349266115,1.0
588,-12.740980602407582,6.741283069824762,1.0
589,-11.001347590799767,6.805457664638505,1.0
590,-9.875494756958204,6.82459787113366,1.0
591,-11.087952166010504,6.860086928948609,1.0
592,-9.95355713515866,6.813549610263829,1.0
593,-8.979394125920365,6.77672797776437,1.0
594,-5.913184574084525,6.777651023789041,1.0
595,-5.18256606224449,6.773975691405687,1.0
596,-4.62699559442266,6.7626604585752075,0.0
597,-4.842746669868816,6.754427249685463,0.0
598,-5.212587571447102,6.725432715242338,1.0
599,-3.8907128337450985,6.6799691632054525,0.0
600,-3.590360969814533,6.621970145956043,0.0
601,-3.114330365154053,6.538801965900597,0.0
602,-5.451602112470361,6.504399934709354,1.0
603,-4.131699552731618,6.443539412644831,0.0
604,-4.105853498166738,6.40442571276405,0.0
605,-3.146118801920565,6.376014727673751,0.0
606,-4.697997449356144,6.385664749257969,1.0
607,-5.988222088283834,6.4156978891544885,1.0
608,-6.022583888488398,6.454104342213353,1.0
609,-3.7912731104898327,6.472308995323729,0.0
610,-3.1933407226067487,6.487118834774768,0.0
611,-2.214777836207986,6.492889253703722,0.0
612,-0.58324488263289,6.493672476517624,0.0
613,0.6427438658942037,6.493743129189811,0.0
614,0.0640852099682547,6.494547208669941,0.0
615,1.0520750977436537,6.485353066610659,-1.0
616,1.1462629039479495,6.475448650680204,-1.0
617,-1.8679537227805625,6.470385560883825,0.0
618,-3.838246922621288,6.478005489948053,0.0
619,0.2539885704066904,6.465882751474296,0.0
620,5.20032754330056,6.447937380230963,-1.0
621,1.2582625702044083,6.415549655476931,-1.0
622,-1.4832710767638844,6.3915264058098264,0.0
623,-1.5210140280205735,6.369450549762185,0.0
624,2.1837511501840225,6.330137142595111,-1.0
625,0.9960351093760949,6.302754874513212,-1.0
626,-0.940662189929057,6.289866432670127,
627,1.3723297808528798,6.2846458351413395,
628,-0.3924964412993006,6.2813403046957985,
629,-1.7903557694988876,6.281684754652685,
630,-0.1424759558382078,6.262993464175446,
631,0.6908368457152676,6.245468612166411,
632,1.1011455348346288,6.216460153625181,
633,-0.4834111804535155,6.184972690898914,
634,-3.4459459824710024,6.170148818387305,
635,-2.990469305468281,6.153870721150718,
636,-4.219699114866799,6.130050941868715,
637,-1.8318561544173664,6.091854361846943,
638,-4.054209499141351,6.040459969869752,
639,-3.909202237593093,5.986480820216732,
640,-7.99908486280637,5.952220432565993,
641,-8.856824472945249,5.888963392593284,
642,-6.786461694983814,5.794351638267945,
643,-6.6296227030791925,5.700965057888813,
644,-6.316741586420889,5.6460270230943825,
645,-5.61780454639927,5.599708556678949,
646,-6.887380548200326,5.547267422416621,
647,-3.9236260218547727,5.439755034734384,
648,-3.0215193629130965,5.345551722063535,
649,-0.5435706655812993,5.244477443681593,
650,-0.3806710904382839,5.129826721420989,
651,-1.667530131526533,4.968963662804962,
652,-3.4511210827071466,4.842801508642004,
653,-0.4823630487093169,4.717827881857361,
654,-0.2311232475438629,4.580118951692874,
655,-0.4780236766163313,4.525300022849961,
