index,NDSN ZBRA,Standard_dev,label
0,-3.917848440917425,3.5195452267539267,-1.0
1,-6.063440267435212,3.5195452267539267,-1.0
2,-7.754644689587153,3.5195452267539267,-1.0
3,-10.014193673551077,3.5195452267539267,-1.0
4,-7.8970250426087745,3.5195452267539267,-1.0
5,-7.8595921719605855,3.5195452267539267,-1.0
6,-8.448800723828754,3.5195452267539267,-1.0
7,-7.915996690810971,3.5195452267539267,-1.0
8,-8.450415604704915,3.5195452267539267,-1.0
9,-10.45637781868676,3.5195452267539267,-1.0
10,-9.847084510159192,3.5195452267539267,-1.0
11,-11.032827424895771,3.5195452267539267,-1.0
12,-10.10922780604696,3.5195452267539267,-1.0
13,-10.393831822471654,3.5195452267539267,-1.0
14,-8.749392714050359,3.5195452267539267,-1.0
15,-5.913374471437763,3.5195452267539267,-1.0
16,-13.99557096639812,3.5195452267539267,-1.0
17,-13.550556884605172,3.5195452267539267,-1.0
18,-15.21231844664949,3.5195452267539267,0.0
19,-19.20426564516073,3.5195452267539267,1.0
20,-15.887637612679754,3.477074083982778,0.0
21,-13.777481778195224,3.3931318049143595,-1.0
22,-13.094198984341602,3.3487299653835776,-1.0
23,-14.7488331030806,3.4348822061624427,-1.0
24,-16.185454212099685,3.498652815410349,-1.0
25,-16.13117856057852,3.5044880386823922,-1.0
26,-15.22142058834548,3.4543460550490015,-1.0
27,-15.37508742393149,3.3346678263204415,-1.0
28,-16.974369193323014,3.2848496547455843,-1.0
29,-14.74675070646343,3.2294768873970705,-1.0
30,-16.286309470656676,3.165690266111141,-1.0
31,-17.630578437790845,3.2024706605019015,-1.0
32,-16.97038763019279,3.1119856567489435,-1.0
33,-18.341146029734062,3.066812974784997,-1.0
34,-20.17611737470004,2.9216492328791652,1.0
35,-18.581216602095186,1.9531665656757902,1.0
36,-18.85960076533283,1.9793933737311584,1.0
37,-17.211773200083698,1.8735558523245177,1.0
38,-14.392060993138102,1.9125100514116065,-1.0
39,-18.68290077521317,1.8767829218275336,-1.0
40,-17.961141178510218,1.9004068199629274,-1.0
41,-20.047892744265525,1.9328688049529383,-1.0
42,-23.437716627005827,2.2276556479498377,-1.0
43,-25.478215872983355,2.779627841513864,-1.0
44,-23.062033265999176,2.9706232773410663,-1.0
45,-22.97827855536252,3.1017964259583364,-1.0
46,-23.49099289344005,3.175118866414917,-1.0
47,-23.86180119007568,3.2270333928911032,-1.0
48,-23.74399362386804,3.306798706025339,-1.0
49,-24.28546914267143,3.2269796025758843,-1.0
50,-25.41156307762384,3.278191547713912,-1.0
51,-25.30612790805344,3.3448258598425324,-1.0
52,-28.098136788840847,3.539150700129466,-1.0
53,-29.22414480961613,3.8253938017734432,-1.0
54,-30.120962456798782,4.176690290091725,-1.0
55,-31.230748628534517,4.46601375824015,-1.0
56,-30.213597295210647,4.5859617653686175,-1.0
57,-30.912838444358897,4.555639745979237,-1.0
58,-30.711154150091367,4.066866577810279,-1.0
59,-32.338157046512315,4.02354472944425,-1.0
60,-31.508434977402445,3.7101441140732496,-1.0
61,-32.04139235985072,3.5308579281864674,-1.0
62,-31.246939731933296,3.5044878281826555,-1.0
63,-29.021570083171127,3.472307670678658,-1.0
64,-33.991669093944694,3.52381127116853,-1.0
65,-35.634562138341806,3.617667137595062,-1.0
66,-35.08231811427134,3.596892140693389,-1.0
67,-36.32915086873292,3.6122768767723357,-1.0
68,-38.1255937457994,3.664826630088843,-1.0
69,-40.343441745415376,3.860529673111816,-1.0
70,-39.93750029973162,3.9518835952711577,-1.0
71,-39.41447580978048,3.8445793392184906,-1.0
72,-38.378379806575545,3.8028235992515906,-1.0
73,-39.38292265192479,3.839095615605481,-1.0
74,-40.19548020051021,3.9221800444467,-1.0
75,-42.634175431265895,4.195067812604289,-1.0
76,-45.27853273402201,4.5569512435303805,-1.0
77,-46.97972059902967,4.985702837873504,-1.0
78,-45.84277327389846,5.138295723843845,-1.0
79,-46.22793234210981,5.313222130609212,-1.0
80,-48.67616012947634,5.527145621273346,-1.0
81,-46.89644548155312,5.5072080156202015,-1.0
82,-47.62784077441363,5.355919255826446,-1.0
83,-48.18089873714392,4.825494657845942,-1.0
84,-48.07804777878447,4.657356471681097,-1.0
85,-49.50999839264314,4.620056898776292,-1.0
86,-58.92166881025972,5.431417215031387,-1.0
87,-59.76425510523031,6.097461379289788,-1.0
88,-71.41307476756629,8.165348578865371,1.0
89,-74.57727093359824,10.030933685290359,1.0
90,-72.62370769382869,11.10028677690362,1.0
91,-74.31716965114224,11.970275676581492,1.0
92,-71.84219974083514,12.2607821174043,1.0
93,-71.71706116876932,12.370378012760009,1.0
94,-74.07180755967894,12.473937774962396,1.0
95,-72.41057717325143,12.413350694970186,1.0
96,-71.88509289215096,12.319225550261411,1.0
97,-69.61281908109689,12.090077833226387,1.0
98,-70.31866759982606,11.684673238098448,1.0
99,-67.68196420757609,11.08817905555876,1.0
100,-68.03794830806119,10.557770940509872,1.0
101,-69.73858589558706,9.761637692196377,1.0
102,-68.92877263189355,8.811455595969223,1.0
103,-70.77138778766083,7.6918551669093596,1.0
104,-67.4854168082859,6.138782467250801,1.0
105,-64.36491934683166,4.310886785755063,1.0
106,-61.515041435557634,4.003207475167857,1.0
107,-58.88193656588261,4.121055718838643,1.0
108,-57.51230199358038,4.899592807739841,1.0
109,-54.209333255728936,5.710359754564723,1.0
110,-53.5126814576071,6.4311571075190335,1.0
111,-50.94667786962556,7.107917139134935,1.0
112,-47.26771931382919,8.063255906535241,1.0
113,-46.57295796292445,8.811406233969151,1.0
114,-44.22962715033938,9.396192830936982,1.0
115,-42.162056384666485,10.01169473961972,1.0
116,-39.586851940141415,10.627501447083025,1.0
117,-36.91236242232594,11.346020938533556,1.0
118,-35.46857881081256,11.862415376354006,1.0
119,-33.18268209735311,12.458857233122275,1.0
120,-32.707830439889435,12.798726935143856,1.0
121,-29.04848134000325,13.028760266670727,1.0
122,-28.58227057269229,13.028629339199586,1.0
123,-26.85818765077738,12.638448288093201,1.0
124,-23.920552277619123,12.41113090277314,1.0
125,-20.08676759806784,12.41851841052209,1.0
126,-17.225386235132717,12.545656144700002,1.0
127,-13.341652464434617,12.865125488731305,1.0
128,-10.221837685646506,13.17432586686685,1.0
129,-7.859171297609066,13.559264864611862,1.0
130,-5.684198653216654,13.778521422741518,1.0
131,-3.2311843839690297,14.01551895839212,1.0
132,1.4621545880490316,14.569378602951367,1.0
133,4.894849560746465,15.053172507003033,1.0
134,7.57325678059685,15.51244373148278,1.0
135,11.510927635149528,16.038916888224602,1.0
136,14.389927719962785,16.55764346462002,1.0
137,16.818008804544483,17.034886921000265,1.0
138,19.098807701940785,17.36705012185873,1.0
139,20.20563512269102,17.525995903208106,1.0
140,10.549343580467756,16.72570648435142,1.0
141,13.780370367922965,16.076031931482586,1.0
142,16.726125716965875,15.281430336088833,1.0
143,19.001807231804232,14.385884161234296,1.0
144,21.50329626355402,13.517751850853635,1.0
145,25.015462124623536,12.859640917251278,1.0
146,28.534863418728875,12.336277023733015,1.0
147,30.264089965063864,11.926650741742565,1.0
148,33.682497524683,11.714765057955795,1.0
149,36.83376078374207,11.605450139024729,1.0
150,38.085465655982254,11.397122184353037,1.0
151,44.3510637187697,11.622409781701087,1.0
152,49.7692054269361,12.404185085404949,1.0
153,54.52249595376473,13.481548848052947,1.0
154,58.27123637670349,14.628965181705755,1.0
155,61.77726617141069,15.884708319633365,0.0
156,65.46656552305262,17.184133197464483,0.0
157,68.61859093482337,18.440805719007617,0.0
158,72.1674749460376,19.68668358743952,0.0
159,74.34737533030628,20.7393060350951,0.0
160,75.56785292877173,20.783762340175127,0.0
161,76.11338457258735,20.621207080887505,0.0
162,75.94118641809244,20.212460197174416,0.0
163,75.8182232159516,19.53503765122492,0.0
164,76.20193789464628,18.65341045432731,0.0
165,77.48109714372283,17.722607713771048,0.0
166,78.58958985018032,16.747403626476697,0.0
167,79.29794322307728,15.525801598957953,0.0
168,80.47056521751115,14.245649386297831,0.0
169,80.00574436539797,12.792803984489707,0.0
170,80.54146727512622,10.929399635023927,0.0
171,82.83704651808101,9.40876262952545,0.0
172,76.49783572289533,7.820685129912182,0.0
173,71.11850076633198,6.460267330706067,1.0
174,73.09083123144416,5.255823372223808,1.0
175,72.75273719833484,4.272898783188232,1.0
176,74.50159221723543,3.55777456801912,1.0
177,75.20626138336614,3.105009210624893,1.0
178,73.09560948337797,3.044332928136148,1.0
179,73.43213901035502,3.0845924831995974,1.0
180,74.19812518424543,3.1197030701825597,1.0
181,76.431402029624,3.1191925423348534,1.0
182,77.63728581844887,3.1298019580768455,1.0
183,80.03741091528882,3.2249924996312314,1.0
184,79.52149489429374,3.284441668123854,1.0
185,80.20837895601782,3.368130355707791,1.0
186,81.49045721090788,3.5012146411236973,1.0
187,82.55638243600092,3.6792474554624945,1.0
188,82.27926421974307,3.782536647121513,1.0
189,84.03909831013868,4.029785764960878,1.0
190,83.58007982348778,4.201201563588952,1.0
191,85.02041573263082,4.366143110381061,1.0
192,85.48848245889931,4.6732797559550106,1.0
193,87.24576779080215,4.762276108247966,1.0
194,87.96179814060834,4.9340281422570715,1.0
195,88.03258472255078,4.962705491673442,1.0
196,88.16837387416939,5.019647125996743,1.0
197,88.83464163628426,5.076229267100085,1.0
198,87.72909552202401,4.776617646197685,1.0
199,91.39689713935158,4.630018714084376,1.0
200,92.11134004899549,4.44595182572796,1.0
201,93.35720835929334,4.44246953807801,1.0
202,93.76323602959464,4.435259047634771,1.0
203,98.09382620758372,4.936806623731154,-1.0
204,99.54250546999636,5.344224631377622,-1.0
205,98.92313868009111,5.5348820744341705,-1.0
206,99.49732876801016,5.713998393369407,-1.0
207,100.58826999607918,5.916441376506365,-1.0
208,100.7114398617299,5.957598799186783,-1.0
209,96.12490430200502,5.748456751588165,-1.0
210,95.54929898979502,5.404691417480413,-1.0
211,97.02770798791876,5.143087858656517,-1.0
212,95.67970817877938,4.800212105421401,-1.0
213,98.2915887745999,4.611893832722129,-1.0
214,95.50558303427312,4.34374732512008,-1.0
215,95.07168877854008,4.027743295269907,-1.0
216,93.77323263231963,3.6860324430055784,-1.0
217,93.0628037789572,3.3880904879452904,-1.0
218,91.04550559045764,3.035629104940486,-1.0
219,88.5848960058728,3.3105687304144644,-1.0
220,86.76239853563496,3.8047212092269365,-1.0
221,86.07199319464515,4.336994276102575,-1.0
222,84.18236950672167,4.983129171582482,-1.0
223,82.56504197327878,5.598975446176368,-1.0
224,80.50679784615498,6.181946358995689,-1.0
225,77.041986770422,6.9612094306650425,-1.0
226,77.23555377399589,7.442644685592538,-1.0
227,75.46401950492256,7.809360655672873,-1.0
228,73.71318312144156,8.099759676358405,-1.0
229,75.28538484647379,8.357925168844524,-1.0
230,74.57021782060077,8.558543668938078,-1.0
231,75.44324086762312,8.464715724574807,-1.0
232,74.33150013034903,8.391867595049884,-1.0
233,75.39086071235454,7.874931798226644,-1.0
234,75.06890286495577,7.451354535404547,-1.0
235,71.80685400770334,7.06982584195782,-1.0
236,70.39761364847087,6.699104298089424,-1.0
237,69.84942408539759,6.204892519388333,-1.0
238,69.67064783505212,5.708850010585467,-1.0
239,67.59017347814523,5.428009635163918,-1.0
240,67.15188677389925,5.17491551795489,-1.0
241,66.37460388519015,4.854724415619455,-1.0
242,64.82255077596614,4.6828405367674995,-1.0
243,64.47895964567957,4.52568892109086,-1.0
244,62.69438635422819,4.580012254413481,-1.0
245,61.514954455223446,4.882700197965187,-1.0
246,60.55551240787429,5.1162817454809115,-1.0
247,57.8645120791467,5.584498452034829,-1.0
248,56.75769161314174,6.084561527298274,-1.0
249,54.41286722736172,6.555621249824135,0.0
250,53.768752711520406,6.936647561898291,0.0
251,53.32381290263686,7.112451273359678,0.0
252,52.59842551485633,7.253073299327387,0.0
253,51.45949751614259,7.214978271958803,0.0
254,50.63330649358943,7.061129861834491,0.0
255,49.569212876660224,7.084685022497269,0.0
256,49.970838887495546,7.020591347617449,0.0
257,49.35469452048805,6.886982535177047,0.0
258,51.15670828282904,6.501514853504749,0.0
259,49.93815494130951,6.223672074178823,0.0
260,49.881405756579895,5.84274822510059,0.0
261,48.96893822084891,5.4281655608072406,0.0
262,50.05439099872116,4.961109349149452,0.0
263,48.848092421833606,4.416038988282196,-1.0
264,47.23555054084326,3.9932009805674014,1.0
265,46.35788514688806,3.588756151570517,1.0
266,47.677773037634566,3.0132142279806517,1.0
267,47.865492004953154,2.6162132332779193,1.0
268,49.75871077156909,2.1627448667307836,1.0
269,50.1419132793109,1.9155477180508464,-1.0
270,48.33537390688468,1.7172203199975953,1.0
271,47.23507603330439,1.5658972471035113,1.0
272,55.16552609452302,1.9127905542168109,-1.0
273,51.38410526691821,1.9087550783207627,-1.0
274,51.207480868844215,1.9312526871392746,-1.0
275,50.866147923903895,1.9551356176488242,-1.0
276,49.95754976125805,1.9549945513179445,-1.0
277,50.71557682751984,1.9707424317042908,-1.0
278,51.59711516580752,1.9909665362837101,-1.0
279,49.67852260505975,1.9899009325944768,-1.0
280,47.498883116023165,2.045640954371092,-1.0
281,46.590835037339325,2.146448194779238,-1.0
282,44.420853791736455,2.4106265489470227,-1.0
283,39.095499978335546,3.294391875070841,-1.0
284,38.125178283698894,4.043406068837902,-1.0
285,36.92036920230712,4.755664877549962,-1.0
286,33.04750788938075,5.776775614923156,-1.0
287,31.087971542804,6.773643794801282,-1.0
288,28.36357060832828,7.786108195142668,-1.0
289,27.75679617544462,8.586686943317583,-1.0
290,26.501634114838996,9.353806026797553,-1.0
291,26.54435494519688,9.968548599456327,-1.0
292,21.280592602872048,10.449999248163742,-1.0
293,17.367724461458465,11.259138317612283,-1.0
294,14.916540016717974,11.992213653222027,-1.0
295,13.361541280986728,12.565352389040589,-1.0
296,11.655200404486308,13.03429443563836,-1.0
297,8.151100959171359,13.428597587554663,-1.0
298,5.333162009741173,13.622369461217945,-1.0
299,3.1378343106729574,13.767818071913506,-1.0
300,1.3788116714068366,13.849735228665727,-1.0
301,-1.461002783519504,13.847113104441103,-1.0
302,-3.6160814008666193,13.800650172408542,-1.0
303,-5.329147141627431,13.961280411510756,-1.0
304,-7.9105402501860596,14.04226032236238,-1.0
305,-11.330940547445168,14.118624559287351,-1.0
306,-11.868270390281864,14.168653060804202,-1.0
307,-13.18026584818412,14.120139479846328,-1.0
308,-13.898738119139722,14.003663641201095,-1.0
309,-18.715947436578404,13.961203525517798,-1.0
310,-23.39098009656618,14.01999545283345,-1.0
311,-24.56605462811487,13.700603446340308,-1.0
312,-27.83350869307137,13.722158096652477,-1.0
313,-28.87896731571801,13.759264782563609,-1.0
314,-30.469732350700117,13.748779348460896,-1.0
315,-32.801596417383905,13.676901529836918,-1.0
316,-35.107149917952256,13.546196076605929,-1.0
317,-36.90638257031466,13.481847926040828,-1.0
318,-41.30396552296055,13.65348116102722,-1.0
319,-45.8327045453139,14.011336016626279,-1.0
320,-48.31959355873164,14.30266697521872,-1.0
321,-50.22107803841993,14.566852091908286,-1.0
322,-52.05244151333461,14.749337322210854,-1.0
323,-53.38877435586603,14.777019940996603,-1.0
324,-56.449371231664216,14.874824467009521,-1.0
325,-57.45383818837256,14.94215287349793,-1.0
326,-60.89940238220403,14.946658078730673,-1.0
327,-61.43930075265519,14.692965482705304,-1.0
328,-62.07724486932567,14.12759790322221,-1.0
329,-64.08981922162167,13.761647189418207,-1.0
330,-66.53143229790172,13.630447709158924,-1.0
331,-69.85731815368115,13.498344765273457,-1.0
332,-71.94951020955756,13.445420600009117,-1.0
333,-73.07530213372024,13.195836102224812,-1.0
334,-79.58971697902331,13.252612992329887,-1.0
335,-80.99019767371347,13.199665202440835,-1.0
336,-83.6017684618704,13.154217145486744,-1.0
337,-85.7350505456914,13.01645234055287,0.0
338,-89.8804779375021,13.237493116796607,0.0
339,-86.74258541851228,13.171155500061904,0.0
340,-88.9015611886822,13.15148924264875,0.0
341,-92.1218703304786,13.214662807688365,0.0
342,-92.07680379236338,13.090161484774686,0.0
343,-100.0307706011386,13.40538929591359,0.0
344,-100.53736695786424,13.614332731214942,0.0
345,-102.12501136258244,13.66493794992016,0.0
346,-102.78269108885628,13.694159719204523,0.0
347,-102.94182784437858,13.44403187469926,0.0
348,-102.78550047357564,12.896075898799253,0.0
349,-102.67142418028284,12.183362920613767,0.0
350,-103.2095390459998,11.398672697854341,0.0
351,-104.41822704840476,10.68936376422306,1.0
352,-102.41874020482012,9.76649958919344,1.0
353,-101.53492566617923,8.584910170255085,1.0
354,-99.8193198404455,7.797742685549569,1.0
355,-98.54803534221142,6.9271576804914,1.0
356,-96.90456360022316,6.153891287038625,1.0
357,-95.23647133483442,5.50528454830199,0.0
358,-94.21157559170292,5.2359043740596025,0.0
359,-94.64780886355854,4.555749855945811,1.0
360,-93.22099125463096,4.140458777899327,0.0
361,-91.3647696598112,4.2105996966674475,0.0
362,-90.8172953226209,4.328532917307975,0.0
363,-90.24547080581164,4.7406496366958555,0.0
364,-90.7613860223954,5.017809736041133,0.0
365,-88.57404034042779,5.340724130499428,0.0
366,-87.4902414666225,5.61073389745855,0.0
367,-88.33757682664648,5.690487355395769,0.0
368,-87.63277428087012,5.728611657506058,0.0
369,-87.23880118320811,5.694813493366024,0.0
370,-88.87521468189695,5.413767069339295,1.0
371,-89.17131821582814,4.8573280814125335,1.0
372,-91.31639892440607,4.310111169352185,1.0
373,-91.06070317167986,3.7252849059629236,1.0
374,-91.18848866052863,3.2082440635446066,1.0
375,-91.94434781644622,2.7320881242673893,1.0
376,-91.60581100605944,2.3625187022945324,1.0
377,-91.05195358373884,2.116491059792189,1.0
378,-90.84929054898087,1.9350864295553647,1.0
379,-89.54719667983039,1.657843598174648,1.0
380,-88.99504866724827,1.503191981080405,1.0
381,-85.39444817219571,1.7673206187068753,-1.0
382,-88.23550535082254,1.7683924984290629,1.0
383,-87.07540023392215,1.8365312305989117,1.0
384,-84.94425224440393,2.044637024950899,1.0
385,-83.84424952978156,2.350388131176618,1.0
386,-84.33978057369019,2.5400027468775708,1.0
387,-83.05168564140749,2.830672052361401,1.0
388,-82.97900913882468,3.0750302728837773,1.0
389,-79.74209104417216,3.6018621117519896,1.0
390,-77.78788870993273,4.221256874828792,1.0
391,-74.71254620828175,5.028023198593228,1.0
392,-76.17955899006986,5.388542967918076,1.0
393,-73.80984388001372,5.850612157817719,1.0
394,-71.13434292222705,6.402122440310125,1.0
395,-69.50598821860069,6.860710618943178,1.0
396,-70.26157093494498,7.065920053374245,1.0
397,-67.00060709597282,7.4231648324491415,1.0
398,-66.00774498540737,7.669186776899245,1.0
399,-66.236004327148,7.78872813739645,1.0
400,-62.4868386393303,8.080303611019495,1.0
401,-51.69495591594477,9.558321614700498,0.0
402,-48.547818415871575,10.725620354993977,-1.0
403,-45.62039110925521,11.825271575497363,-1.0
404,-46.129217297522686,12.576605825624505,-1.0
405,-45.47628942299464,13.116424060728955,-1.0
406,-45.42114207023715,13.315091152753958,-1.0
407,-45.01685533751642,13.345746245275429,-1.0
408,-47.211257501042354,12.959036417045263,-1.0
409,-50.59091488418255,12.427666244056896,-1.0
410,-51.83766059046444,11.81701146663625,-1.0
411,-49.899929465276216,11.34538417857945,-1.0
412,-51.94141943596273,10.509148152057934,-1.0
413,-54.93814855700239,9.666914115615686,-1.0
414,-57.38912855948713,8.947346380737411,-1.0
415,-59.2894354804107,8.325195526289514,-1.0
416,-60.41349707645682,7.579978998571216,-1.0
417,-61.52180595291216,7.159730520046197,-1.0
418,-62.30593743563004,6.857674951620545,-1.0
419,-63.37330916621772,6.5961172519267155,-1.0
420,-63.83215572403155,6.70334835391965,-1.0
421,-64.99664917116831,7.196021560430914,-1.0
422,-67.61382896858309,7.709883004066946,-1.0
423,-70.43557741863134,8.14910634762197,-1.0
424,-72.35084653972913,8.578581602139305,-1.0
425,-73.28552219164004,8.813026664391193,-1.0
426,-74.14857336540774,8.878562986894503,-1.0
427,-73.251920683362,8.590850271697905,-1.0
428,-76.78378936901514,8.541216025046765,-1.0
429,-76.38193836926953,8.514418543407634,-1.0
430,-77.5180734327514,8.472455198152296,-1.0
431,-76.9724577838829,7.983375179433473,-1.0
432,-78.44744334317443,7.551350764030972,-1.0
433,-78.62766035806388,7.201145876856331,-1.0
434,-82.0070165167105,7.135288046231592,-1.0
435,-83.10428598758948,7.121857761345766,-1.0
436,-82.21369339775012,6.942374909181236,-1.0
437,-80.8346833355493,6.602698611742413,-1.0
438,-83.78459219487416,6.3556468978370635,-1.0
439,-82.60259107211228,5.9457684269839435,-1.0
440,-85.61923267031224,5.592231517197295,-1.0
441,-86.7722346222726,5.230278845827444,-1.0
442,-88.59779825588835,5.111400306243702,-1.0
443,-89.4475093944726,5.165777864916865,1.0
444,-91.46264522954048,5.411392940821153,1.0
445,-88.2411623032499,5.308041454394431,-1.0
446,-87.6099436700491,5.131833449900595,-1.0
447,-86.81210817918755,4.723242373001246,-1.0
448,-91.32454702925992,4.803351779507091,1.0
449,-91.55260964491904,4.747998800353964,1.0
450,-96.51444419209815,5.125451283434009,1.0
451,-96.84120293761003,5.282724857437876,1.0
452,-97.08235654550502,5.407165062820578,1.0
453,-96.21969035832616,5.3088834161232334,1.0
454,-83.48463728363794,5.2243699893298885,1.0
455,-85.34743370275936,5.1254411548341565,1.0
456,-82.56886787400816,5.102647201880876,1.0
457,-81.42410615566139,5.05671332778123,1.0
458,-83.20376278005088,5.087792777420977,1.0
459,-76.98345042196016,5.570756420610525,1.0
460,-74.80460029873828,6.3242426105314085,1.0
461,-73.84088859683374,7.055218186124824,1.0
462,-70.4717831717859,7.967184359619147,1.0
463,-71.93112438312984,8.54069485292119,1.0
464,-50.85714161082605,11.37589219802557,1.0
465,-43.73940940704807,14.336883356179653,1.0
466,-37.7700933267612,17.197521058987657,1.0
467,-31.40573958462313,20.03942951984792,1.0
468,-24.9053908847675,22.673606080124692,1.0
469,-18.86296827081135,25.156763439702424,1.0
470,-12.270256479433598,27.25714879784896,1.0
471,-4.858157935852006,29.2369388295652,1.0
472,1.958849651562346,30.97931133465137,1.0
473,3.910001767152494,32.0645811092286,1.0
474,8.658482473591576,33.6045505718264,1.0
475,13.453098785277248,34.688626600752066,1.0
476,16.870776243176408,35.47347810055088,1.0
477,23.321850103229224,36.08275474571707,0.0
478,26.41541737867847,35.96294413954852,0.0
479,30.29222737068477,35.786378933237955,0.0
480,34.482524859395724,35.24359554409872,0.0
481,38.24978136749837,34.134696249178354,0.0
482,43.34103767993609,32.71209256059532,0.0
483,46.992219981884986,30.192667821576812,0.0
484,48.54543736164221,28.989583265269516,0.0
485,53.22738854587298,27.947282069268283,0.0
486,57.159874988118105,26.916267886120302,0.0
487,57.06678863374352,25.65676784568491,0.0
488,58.617131844894246,24.35867636346658,0.0
489,61.00077132216972,23.07257644023958,0.0
490,65.59002666132385,22.053990105003173,0.0
491,68.18810555106145,21.277485220773517,0.0
492,71.92220174070316,20.809286388576535,0.0
493,74.60598206139589,20.104536204091527,0.0
494,75.9654040718355,19.337376168702,0.0
495,76.56767895317756,18.488542821354148,0.0
496,76.73389429536178,17.415249494157756,0.0
497,76.04899752797165,16.423412079677114,0.0
498,76.61830065814294,15.292241520452606,0.0
499,78.0487844138868,14.168763313456473,0.0
500,77.3018681431184,12.985790919057562,1.0
501,77.48795694401679,11.784967773157984,1.0
502,78.67642785569402,10.809397915589612,1.0
503,80.1429450867049,9.955807180772878,1.0
504,82.94500131736697,9.082709873903298,1.0
505,82.90315059602514,8.390420140280959,1.0
506,81.79042372585762,7.777828281122738,1.0
507,82.8131534723897,6.927329615635506,1.0
508,83.67654688705986,5.9705915537419205,1.0
509,83.69423342826005,4.948679857863327,1.0
510,84.84272329797307,4.325691115139161,1.0
511,85.09142830606976,3.816171276483644,1.0
512,85.47608644886547,3.6178115272106854,1.0
513,91.9508211971583,4.260498768862936,1.0
514,91.007226163771,4.6465104279255485,1.0
515,91.22282334257336,4.942208885271883,1.0
516,94.47512157523816,5.434832111769829,1.0
517,97.66215150620896,6.0309987556073255,1.0
518,92.59814511594604,6.0054760700776395,1.0
519,91.3025353376916,5.906387459852447,1.0
520,90.5682429221012,5.634170406907802,1.0
521,92.4852142805005,5.36069027272405,1.0
522,95.13476820284684,5.234443991604031,1.0
523,97.40736797660615,5.278422402033322,1.0
524,99.72435006119063,5.597195072504786,1.0
525,106.6222599720512,6.500796898561058,1.0
526,110.63702602829662,7.481372451851916,1.0
527,112.58432604641828,8.377486420894167,1.0
528,114.88129073199993,9.233697388097545,0.0
529,117.24499524753033,9.998073831866943,0.0
530,120.5682383120577,10.84019579295172,0.0
531,121.75225404692316,11.458558315943728,-1.0
532,123.51909828383232,11.934662557489958,-1.0
533,123.65256159548538,12.526956939088478,-1.0
534,126.47234031216414,13.05245222548734,-1.0
535,125.71197664153432,13.270285538890505,-1.0
536,124.32438607035304,13.376797087236119,-1.0
537,121.648300144064,13.35912753538937,-1.0
538,119.72947201822316,12.818385010906837,-1.0
539,122.45142799231202,12.067340427975168,-1.0
540,122.7515711529088,10.964056780871388,-1.0
541,121.72557117029056,9.683424479716303,-1.0
542,119.99068024456638,8.303602400981783,-1.0
543,120.22274835471794,6.805426575988549,-1.0
544,118.78901963262383,5.117049697024043,-1.0
545,113.67357609222468,4.349240438455988,-1.0
546,113.55324589009275,4.053538840036065,-1.0
547,111.71223765476763,4.144157045751008,-1.0
548,112.29019475322627,4.354939969026549,-1.0
549,109.8242786655958,4.892906899819941,-1.0
550,105.96975812518508,5.769750199127401,-1.0
551,103.92005296439972,6.633333950084602,-1.0
552,102.28522191583382,7.377328847324163,-1.0
553,100.05592320621992,8.113433449955245,-1.0
554,98.2220228062824,8.61157053370503,-1.0
555,97.0931355444471,9.0089896638038,-1.0
556,98.30281730644968,9.166848747718854,-1.0
557,99.10599790583008,9.265953143874892,-1.0
558,99.778482045733,9.303353346584844,-1.0
559,99.46713883268372,9.04651384410583,-1.0
560,101.27647576982451,8.516987456025335,-1.0
561,100.0299333932238,7.954458294095294,-1.0
562,104.47609237995393,7.274227906397692,-1.0
563,102.81531356001716,6.410332508389672,-1.0
564,99.6646925450296,5.556989885217606,-1.0
565,96.36671386168192,5.2576483532939875,-1.0
566,92.20583107998924,5.127227050787809,-1.0
567,89.2507746379032,5.286178675051063,-1.0
568,86.94307994249709,5.378676503834182,-1.0
569,85.73090106951365,5.603322919158665,-1.0
570,81.19165002069784,6.457098862366106,-1.0
571,79.04672676957725,7.366945416402876,-1.0
572,76.47753982320219,8.342088309717663,0.0
573,76.70959279842299,9.10396783567133,0.0
574,75.47696953074838,9.83584462059277,0.0
575,73.99049138413717,10.5459043130417,0.0
576,71.28415485793707,11.256378732612443,0.0
577,70.65054118478622,11.773348730854913,0.0
578,68.5752567337575,12.20950705129171,0.0
579,66.747663387371,12.578557244010032,1.0
580,67.11279276468785,12.563795330321362,0.0
581,65.38670383731177,12.514783161417354,1.0
582,65.73394964394848,11.746885158592864,1.0
583,66.37581935989593,10.733631341885115,1.0
584,66.54452990753495,9.676908749619146,1.0
585,67.36682202200203,8.59042489667041,1.0
586,68.68166169735852,7.613667963626875,1.0
587,67.6227952633163,6.739102929425392,1.0
588,66.7906606135098,5.902034062115584,1.0
589,65.92872782837254,4.951365029308463,1.0
590,79.10830183878541,4.728962050118035,-1.0
591,85.6267848742977,5.53169960253891,-1.0
592,82.02348486412347,5.963488106041853,-1.0
593,79.6074710313465,6.144854183812193,-1.0
594,76.98825328579456,6.211327062215857,-1.0
595,78.31882341085948,6.3899068152560945,-1.0
596,71.30919027924442,6.389901100545614,-1.0
597,74.96730071723269,6.438639622828783,-1.0
598,75.3554278156421,6.452756459790129,-1.0
599,73.86583627927155,6.350277732896267,-1.0
600,69.29279504610676,6.275990663686392,-1.0
601,66.02873724729099,6.240066193743559,-1.0
602,68.0906757265329,6.129288895400908,-1.0
603,65.41881359874733,6.183071751762412,-1.0
604,66.55389633533139,6.182601502380382,-1.0
605,62.3277528658596,6.495307066638362,-1.0
606,59.28514156900593,7.0766643111149135,-1.0
607,53.959953521725225,8.081669838858938,-1.0
608,53.193820008635,8.980110231323208,-1.0
609,52.97447665900452,9.750846504652552,-1.0
610,49.54010978645586,10.4669159571049,-1.0
611,47.44193246183737,10.609462892094552,0.0
612,48.08454596429036,10.680729027342872,-1.0
613,43.48273033844768,11.062339869743369,0.0
614,43.4629372879996,11.339636947332535,0.0
615,44.36964451878943,11.173727008582839,0.0
616,44.13227726498965,11.307356421178863,0.0
617,44.22309884109801,10.977359007930433,0.0
618,42.80347312809769,10.443236549004649,0.0
619,41.13713458608791,9.867706540116469,0.0
620,40.17923952790333,9.524193957909404,0.0
621,39.92877487993603,9.261424465187252,0.0
622,42.3153856971612,8.446628997064304,1.0
623,41.73167395593634,7.685146534061658,1.0
624,39.917315133079526,6.532429323659245,1.0
625,39.1648227321824,5.60847320802339,1.0
626,37.048516894718205,4.90581092675296,1.0
627,37.8279137880569,4.575803091474624,1.0
628,37.79724082604628,4.161712727103277,1.0
629,33.39984602019851,3.959145361560153,1.0
630,33.57142848053735,3.9473342919282923,1.0
631,31.874384328521288,4.160294722620502,1.0
632,31.968897668992653,4.1384235623032835,1.0
633,33.0333377795189,4.268935524173731,1.0
634,33.35516928906637,4.310186738936259,1.0
635,33.13917456313649,4.234622255760981,1.0
636,35.070592285051546,4.014871242012682,1.0
637,38.58955054863112,3.7018920167616525,1.0
638,35.894140010594995,3.4655791340636997,1.0
639,36.865871133732014,3.315667682686051,1.0
640,37.22319740497697,3.2136135153973826,1.0
641,39.622857992182745,3.1970491328418316,1.0
642,55.33924339873832,5.168657417694746,1.0
643,51.39691776073802,6.00632723819946,1.0
644,55.17099557060367,7.170944274819672,1.0
645,57.72091955102496,8.378297393949845,0.0
646,55.22827206775612,9.078604808026972,1.0
647,56.68826437958778,9.771820436558103,1.0
648,56.9318028270433,10.346354171582346,0.0
649,54.27198281696292,10.474025272053145,1.0
650,52.361717055414815,10.41237283392511,1.0
651,50.046264203060645,10.078046478316082,1.0
652,56.95040347831531,9.925443272647824,1.0
653,58.02909238731503,9.746388808580162,1.0
654,58.59490491053404,9.448697150333365,1.0
655,61.09755999847114,9.077385975159965,0.0
656,60.98873511332438,8.650636930204845,1.0
657,63.48199083350295,8.4921054231022,1.0
658,63.59201651955878,7.841537420708687,1.0
659,62.86110278573716,6.940690775389012,1.0
660,62.86199464608853,5.660288523827777,1.0
661,65.6416852699993,4.3841795837759845,1.0
662,67.91128631561273,4.863322821255293,1.0
663,67.47821828213475,4.940013683848992,1.0
664,69.52630809157243,5.322025679140348,1.0
665,68.49566791657188,5.604944385982679,1.0
666,71.70388655857721,5.965024863822272,1.0
667,71.35039633364967,6.2403137420335195,1.0
668,72.18297811234281,6.488430427396879,1.0
669,71.23900756859943,6.399728665354159,1.0
670,71.64347774329892,6.024111542592383,1.0
671,71.68474812379218,5.1120254908788585,1.0
672,73.39946827452842,4.92184951484843,1.0
673,72.77510201724576,4.653604525330016,1.0
674,72.4722952425253,4.287838112697508,1.0
675,70.08735894304381,3.97261299283773,1.0
676,74.67824795316025,3.7721060522850864,1.0
677,78.14840083189839,4.009230878543203,1.0
678,82.50499625835961,4.607408812843833,1.0
679,85.57162938122327,5.265138665603439,1.0
680,94.01061950282909,6.785964842621297,1.0
681,97.98246518483212,8.436059391568444,1.0
682,100.76939175353836,9.989676051426212,1.0
683,104.15181203240832,11.433574041753527,1.0
684,107.97999634474183,12.940305062003082,1.0
685,111.17500744615634,14.281507439156742,1.0
686,111.64819281037929,15.400849071811209,1.0
687,117.43924563288388,16.681640428320456,1.0
688,121.1031190902256,17.923124693353735,1.0
689,122.90146526265175,18.848248545696475,1.0
690,128.47050937595668,19.857426206179056,1.0
691,133.06254216093458,20.79377978783894,1.0
692,136.9975302971826,21.675257799264944,1.0
693,137.8315891357097,22.063611684853534,1.0
694,141.67271902097366,22.210562375264587,1.0
695,143.35141394317398,21.679640612405972,1.0
696,148.269109657079,21.330479218025264,1.0
697,152.76076853370452,21.02212469773669,1.0
698,150.81998046653206,20.321503614763134,1.0
699,150.42811838272775,19.283801989767383,1.0
700,155.2920397263395,18.857266691429547,1.0
701,159.70999376114716,18.614102503474705,1.0
702,167.00579741911534,18.696317954035706,1.0
703,170.9820602184215,18.844847732537325,1.0
704,174.73906893921014,19.07565786495637,1.0
705,202.76565756595997,22.095872689288104,1.0
706,197.24692031398837,23.27648499483109,1.0
707,205.2788096752128,24.911405323234465,1.0
708,208.25861596450295,26.250468593296866,1.0
709,211.6291245156389,27.23788123886677,1.0
710,219.0530073615252,28.54859118922265,1.0
711,219.9335000284321,29.48897956714643,1.0
712,224.23069821211888,30.368299225749464,1.0
713,229.7253187663405,31.063975545178007,1.0
714,234.0685720343268,31.669098238359748,1.0
715,239.7453902193444,32.124178547827825,1.0
716,243.73411139614,32.51560654981165,1.0
717,247.32884206430415,32.79153280245856,1.0
718,251.2464330321842,32.45514299656553,1.0
719,256.9085358586336,31.64842545078376,1.0
720,260.59514946387293,30.646083510889206,1.0
721,268.2133390510656,29.707406659307505,1.0
722,272.104286365619,28.817667079737856,1.0
723,280.5785001020387,28.036655287917597,1.0
724,283.72084202855467,26.810186440229973,1.0
725,289.13467632449465,27.80443092087248,1.0
726,293.67511708794586,27.97069045812078,0.0
727,295.4721317351059,28.16729102738075,0.0
728,298.98387807549705,28.147840980683764,0.0
729,300.3024747497704,27.771418793020292,0.0
730,306.49032086423654,27.795931374211683,0.0
731,308.054204275061,27.287581238950533,0.0
732,309.70648888197525,26.554995404796863,-1.0
733,304.9042071365501,25.326484237297603,0.0
734,306.50667828654724,23.969689447951275,-1.0
735,300.80400929442806,22.285307226727927,0.0
736,303.2945545893292,20.543633045230482,-1.0
737,303.8911039522495,18.61167344485386,1.0
738,304.21488095087943,16.49578355923818,1.0
739,308.6079967284519,14.585174004318741,1.0
740,308.361639951244,12.409961794679063,1.0
741,315.0763077859647,10.958068421240934,1.0
742,320.80395380441814,9.860447414150247,-1.0
743,326.15725743434905,9.884554445479084,-1.0
744,332.09792672870793,10.458255763334854,-1.0
745,327.7379163149743,10.582670776575897,-1.0
746,315.01712385996547,10.04414174394198,-1.0
747,306.6924212985143,9.498867326789664,-1.0
748,297.9352429830949,9.567757193889953,-1.0
749,291.4141707158536,10.240927228768472,-1.0
750,274.4615742312824,12.947012520936308,-1.0
751,267.74684853172835,15.806547108446159,-1.0
752,269.2358126299,17.807523881688105,-1.0
753,268.1556042770885,19.547194763755552,-1.0
754,273.09410504133274,20.57927685153947,-1.0
755,268.22160417092675,21.825852443283026,-1.0
756,260.3519171601631,23.444830357875855,-1.0
757,249.7385987815389,25.628053642035617,-1.0
758,246.71638584273143,27.601195614402187,-1.0
759,238.48272011722557,29.673934848050486,-1.0
760,224.5151703228377,32.42282543453997,0.0
761,223.50416609936448,34.17460183259968,0.0
762,218.3153437513648,35.259451105204164,0.0
763,210.0244567386024,35.77323238867587,0.0
764,216.1556796926261,34.22989133392986,0.0
765,218.52492946306484,31.884951034541384,0.0
766,221.36725656093307,29.70527033453374,0.0
767,218.61013764837736,27.665625376430935,0.0
768,215.1033459638929,25.91439131219419,0.0
769,223.0389689776159,23.702383442940434,-1.0
770,224.2486301003541,22.519737039837377,-1.0
771,223.7934316184944,21.563466912464637,-1.0
772,219.06959945142944,20.322026943950654,-1.0
773,210.78977451894943,19.119385225215332,0.0
774,208.8323667635236,16.78582574613607,0.0
775,204.36448865015623,14.43491990769654,0.0
776,208.60069328563588,11.959791705495276,-1.0
777,207.58516139641108,10.256969412662741,-1.0
778,194.207524245385,9.503845368339503,0.0
779,186.9248452751639,10.183091816791713,1.0
780,187.54405770411412,11.430003984878633,1.0
781,186.7614448364241,12.400370737555603,1.0
782,191.97963736018167,12.881434948312963,-1.0
783,189.91998760548037,13.55400670411407,-1.0
784,200.1096380428351,13.51265109555923,-1.0
785,200.21824102700657,13.31436386891321,-1.0
786,203.09432273907413,12.833708053421518,-1.0
787,205.5009262281584,12.443741318642713,-1.0
788,194.2233099201343,12.390553535529875,-1.0
789,195.38733129611344,11.619030618151575,-1.0
790,187.4376655623221,10.823849498091972,-1.0
791,189.2533998928621,9.563042125463367,-1.0
792,191.88115458897772,8.354733172871189,-1.0
793,196.76339616333453,7.721349188409513,-1.0
794,199.17103322022453,7.195448626295933,-1.0
795,199.3238763879792,6.973619963060251,-1.0
796,186.641965932964,6.568072588586825,-1.0
797,190.0295084720887,5.893364894793718,-1.0
798,185.54882622668453,6.174623730831428,-1.0
799,176.685776235001,7.094464303960544,-1.0
800,169.68981094804724,8.734229839194828,0.0
801,163.1241048900061,10.826361723288956,1.0
802,169.7904420069367,11.792835295905888,0.0
803,171.27689399655304,12.489890238054954,0.0
804,170.7460397632133,12.807039983274016,0.0
805,173.3984400233408,12.786143837419452,0.0
806,169.51691284250194,12.619666658892653,0.0
807,158.65303127011276,12.817671413192496,1.0
808,162.34638963880766,13.184849314987977,0.0
809,162.99914638243916,13.227491453534952,0.0
810,162.9691678266214,13.506763910683189,0.0
811,166.1369302250952,13.436083291606126,0.0
812,165.8101375030609,13.109106142294905,0.0
813,167.7206208224191,12.148425041069277,0.0
814,167.55885011599287,10.601442141892363,0.0
815,169.93929677408647,8.428657845831408,0.0
816,171.7912458717493,7.541970255483718,0.0
817,178.642723258759,6.253071395659567,-1.0
818,180.63587342322663,5.644628347488847,-1.0
819,175.00520791647443,5.5351956202184285,-1.0
820,174.48801384500555,5.674039349408267,-1.0
821,176.07751581612422,5.691974225579914,-1.0
822,177.09829555593996,5.922885676990626,-1.0
823,172.72820191689306,5.946384611060108,-1.0
824,170.4827113324762,5.945433932951921,-1.0
825,170.09613169130947,5.897593582307511,-1.0
826,171.17283218813017,5.90156237558201,-1.0
827,170.98824391842453,5.2488281559924825,-1.0
828,170.6863009056473,4.864587502774199,-1.0
829,171.0011166626627,4.472031398569043,-1.0
830,170.19239669692075,4.010280453226002,-1.0
831,163.7044095082281,4.225766614682485,1.0
832,161.06363703914997,4.687408454584218,1.0
833,161.1238065949404,5.177777402334979,1.0
834,163.75907520216234,5.384905072191799,1.0
835,162.60997420329545,5.703298052201706,1.0
836,172.96535596601674,5.721488781951837,-1.0
837,173.6511458961105,5.460915352095579,-1.0
838,170.72848978223627,4.912676380322534,-1.0
839,169.13949397966084,4.7699730302355885,-1.0
840,167.83602582426008,4.6480077395862525,-1.0
841,172.0347053507248,4.4227225207109635,-1.0
842,167.08062234167733,4.0249269926934605,-1.0
843,163.1045875822521,4.086775040627721,-1.0
844,160.18400444545978,4.415754625598682,-1.0
845,156.27387648903806,5.049897870664396,-1.0
846,156.24131457036452,5.480453872422311,-1.0
847,153.44288621160854,6.05128739598918,-1.0
848,151.13929730462326,6.687622732439482,0.0
849,148.92485449112874,7.32587751565399,0.0
850,148.64059925791372,7.820841973236353,0.0
851,147.42354942427053,8.474108911926717,0.0
852,152.80003753051795,8.688494931871633,0.0
853,153.17463038108804,8.860492050610889,-1.0
854,153.31126674736862,8.969136479657939,-1.0
855,154.0872126167559,9.042537805700348,-1.0
856,152.750608275312,8.589478869909275,-1.0
857,153.2455593878661,7.890882845225718,-1.0
858,152.7216257956841,7.317958310708797,-1.0
859,153.45838358686086,6.728865219059591,-1.0
860,155.77085994122686,6.114669314386419,-1.0
861,146.1290698179593,5.028361542049627,-1.0
862,143.8483283277239,4.502336789081875,-1.0
863,147.0694581075201,3.9737722837454577,-1.0
864,144.64031117113203,3.8121966196588715,-1.0
865,145.14097418994956,3.8533113034720516,-1.0
866,144.90436331283462,3.828732483644373,-1.0
867,144.65269591747733,3.9317059123185163,-1.0
868,144.39611398242812,4.087090532974757,-1.0
869,143.4511162642856,4.295342643979194,-1.0
870,139.9936241124958,4.752808260018759,-1.0
871,141.33107232983878,5.023014098775636,-1.0
872,141.35635888719906,5.139130761043269,-1.0
873,137.6306835979978,5.445277564144447,-1.0
874,139.2345669276014,5.495341620672049,-1.0
875,136.61051726281073,5.579207756774967,-1.0
876,138.54494385948885,5.5001036174811375,-1.0
877,132.16828265370845,5.789517553788302,-1.0
878,131.40705425256874,5.990541878393035,-1.0
879,126.17664133413508,6.471557743472785,-1.0
880,121.95692147964309,6.875213077192002,-1.0
881,116.44651757021964,8.40888380709264,-1.0
882,114.44798623064008,9.796821853312244,-1.0
883,113.14387128024784,10.773060367206762,-1.0
884,108.76502831975192,11.981604820999141,-1.0
885,101.97192552577997,13.48951428509261,-1.0
886,95.23613502435184,15.239745796609267,-1.0
887,77.52457985398684,18.52137574856292,-1.0
888,71.66577390256725,21.44108027305093,0.0
889,70.54247080582755,23.594029272309605,0.0
890,67.27498047370409,25.519686448616028,0.0
891,67.88208577516545,26.66479021696294,0.0
892,64.0319809694058,27.546439867686274,0.0
893,63.58940598226232,28.130458784378533,0.0
894,59.70728818522193,28.348633757198204,0.0
895,60.690651904963744,28.123079259504323,0.0
896,50.73241656891892,27.846406999659727,0.0
897,57.21592521159542,27.012575798081723,0.0
898,55.12725846474618,25.77226715056951,0.0
899,59.43164993839238,24.187915694696088,0.0
900,51.240001995456495,22.843018773275322,0.0
901,49.17235636781531,21.541435756330714,0.0
902,50.549462394996056,19.728021669371202,0.0
903,49.21615535861724,17.369272660083194,0.0
904,48.34825565846812,14.693814369047923,0.0
905,52.53120994606559,11.756187528366256,0.0
906,53.53623195038237,8.674623077758577,1.0
907,45.66412782208198,7.992417278170364,1.0
908,46.485577230331344,7.601880206143575,1.0
909,49.32026623006253,6.93921456669995,1.0
910,45.400128955717705,6.6343617736719755,1.0
911,50.70557888531229,5.801318105541315,1.0
912,53.5800349243404,5.208484942766619,1.0
913,52.737969202880805,4.525175529595928,1.0
914,57.89222278738194,4.379804666448758,1.0
915,61.40195116865678,4.456486112868881,-1.0
916,59.60817925779915,4.7540976867635925,1.0
917,61.15651414821008,5.035011864273396,-1.0
918,60.52777809700592,5.311769778962524,-1.0
919,60.46444403322732,5.382896263401487,-1.0
920,62.81935327154821,5.793319008154174,-1.0
921,67.83283873873546,6.508672675146085,-1.0
922,64.81734243241283,6.828239021888078,-1.0
923,61.5400922788518,6.815661645284324,-1.0
924,59.39842307582072,6.62339359311843,-1.0
925,58.58694421778617,6.576874062323185,-1.0
926,54.85540989376406,6.550312865818564,-1.0
927,56.93023267484497,6.0098419115642745,-1.0
928,55.86751207812938,5.4622510737463426,-1.0
929,52.382590569081486,5.25172454325881,-1.0
930,49.28054605083082,4.818444608341612,-1.0
931,51.30190969973125,4.771772991493586,-1.0
932,53.47386562964846,4.7771794826787515,-1.0
933,52.6078745151444,4.785009773252541,-1.0
934,45.55905607771919,5.551561609174302,-1.0
935,45.236537425070566,6.1058451414210895,-1.0
936,43.31764981506811,6.751644536414624,-1.0
937,21.485313973298677,10.115095331313775,-1.0
938,20.040102260068096,12.493677026464216,-1.0
939,14.010077886827672,14.901792965707742,-1.0
940,12.580962658224877,16.67865163216983,0.0
941,11.864035286123226,17.674633345963993,0.0
942,-2.653400140085296,19.8490086717052,0.0
943,-4.793349710383666,21.673807856794337,0.0
944,-6.288632482457558,23.12009877268549,0.0
945,-6.716804950964274,24.097627419458618,0.0
946,-8.438995070909726,24.94353982322019,0.0
947,-6.179274305183867,25.062985529555,0.0
948,-5.0887499040156,24.77764659159531,0.0
949,-2.316744252115001,24.2192977461833,0.0
950,22.75012286569182,23.172481512118704,0.0
951,16.672518487196726,21.77218833728963,0.0
952,15.155549777966996,19.892495231783325,0.0
953,14.644619609582918,17.698888032521605,0.0
954,20.443386923449225,16.005614182113625,0.0
955,24.31601017458672,14.219635332476832,0.0
956,21.468954700279028,12.200115830247269,0.0
957,23.110632150020933,12.29517109559217,0.0
958,18.151684828920708,12.210696896239886,0.0
959,17.23505271496802,12.306337822531749,-1.0
960,19.590731865403452,12.51781511278664,-1.0
961,17.888065851147644,12.65833475012285,-1.0
962,16.414622272835317,12.41468196843526,-1.0
963,15.743264957053754,11.931707807444273,-1.0
964,17.16334950201113,11.230766271961388,-1.0
965,15.95446845259167,10.28250468749503,-1.0
966,23.87983640636196,9.084229964715718,-1.0
967,20.33013816430838,7.588430085769352,-1.0
968,20.08667401792397,5.621251231250355,-1.0
969,19.72001270097138,2.9839979434681903,-1.0
970,17.845458980623107,2.8617290943334224,1.0
971,21.80327960313221,2.8916627202831693,-1.0
972,24.17400789239295,2.955312106119308,-1.0
973,20.02146595617944,2.726231529513456,-1.0
974,19.46418380135444,2.7222358522261647,-1.0
975,18.78892907800511,2.5025869140581265,-1.0
976,17.04038596110803,2.5096883940067967,-1.0
977,14.392445137918145,2.555134703328391,-1.0
978,3.250821745534552,4.3154287412827115,-1.0
979,-3.780725828076527,6.518078731982327,1.0
980,0.8029358002536071,7.415404066181893,1.0
981,4.24416225999326,7.8520707866913275,1.0
982,15.262734828062293,7.848205564586177,-1.0
983,15.558373133922885,7.847776478633407,-1.0
984,23.62635699949644,8.058764581969317,-1.0
985,22.79297933562691,8.21707609154372,-1.0
986,20.03042464909217,8.06562005112337,-1.0
987,17.397813521390958,8.004838801481887,-1.0
988,16.78852490906891,7.941835594415108,-1.0
989,17.656770987920424,7.896876848640563,-1.0
990,17.27310591089656,7.888420862613971,-1.0
991,17.203761241622516,7.755681359549503,-1.0
992,9.594893025681529,7.540022886421186,-1.0
993,7.458629977195187,7.567717712795169,1.0
994,2.894993343807528,7.81138297673662,1.0
995,7.747776071137707,7.764338999525675,1.0
996,7.340142719334437,7.759674807831667,1.0
997,6.800100496558457,7.815643658695028,1.0
998,4.023621310858772,7.774530444095021,1.0
999,4.533636499937188,7.105964526257526,1.0
1000,-2.1097970277289733,7.3713735091909065,1.0
1001,-3.072583830889528,7.92703302948596,1.0
1002,-1.584746657203226,8.381564503481279,1.0
1003,-0.0463454881214033,8.61844754347311,1.0
1004,9.260763170804635,7.982158118706113,1.0
1005,8.410050176659496,7.302467810855962,1.0
1006,17.6854718679281,7.122165247342559,1.0
1007,15.556707771589316,7.008876930151197,1.0
1008,18.86720034843458,7.15723639207212,1.0
1009,18.49285188142909,7.217110627030509,1.0
1010,28.53811085502537,8.309773913265104,1.0
1011,39.2755928231731,10.618389690699344,1.0
1012,54.58364921854644,14.563996457177836,1.0
1013,61.28623878714987,18.163971549189736,1.0
1014,78.14828698971647,22.755105957753628,0.0
1015,81.01665053196936,26.492330952409144,0.0
1016,81.6826462368999,29.338059921319505,0.0
1017,78.95169199082605,31.219881971447865,0.0
1018,86.75146507582204,33.06809315160583,0.0
1019,76.3049983452905,33.61347023802024,0.0
1020,80.61352583428251,33.58545946982509,0.0
1021,76.79539514398937,32.73981591867373,0.0
1022,80.3821152829851,31.643605767175938,0.0
1023,80.26219240694519,30.064405926518067,0.0
1024,83.14114535759583,28.837933947198785,0.0
1025,83.68524522962272,26.967741981431686,0.0
1026,79.73100365340053,25.222799067013018,0.0
1027,80.73472453984374,22.6901160709306,0.0
1028,77.58028154733992,19.669000426290953,0.0
1029,80.32887014240191,15.498435628788036,0.0
1030,88.6714646570504,11.681900651128016,0.0
1031,89.49558578774204,8.112243223401983,0.0
1032,90.36527131855507,6.150865033448282,-1.0
1033,95.22531571634455,5.072013678467972,-1.0
1034,92.72750953290156,5.448373092702426,-1.0
1035,99.0517990711071,6.4622525771859305,-1.0
1036,94.54879705639564,6.836010924441017,-1.0
1037,93.367534908504,6.94958659491153,-1.0
1038,93.19267070437826,7.157354486518458,-1.0
1039,94.62880112625608,7.048534269141554,-1.0
1040,90.39119332273609,6.940487586128267,-1.0
1041,92.99420963985904,6.597195600218678,-1.0
1042,89.85042239432678,6.355136413365001,-1.0
1043,92.4157440032922,6.102135549689472,-1.0
1044,89.65704727816524,5.938640084424626,-1.0
1045,93.95981216751062,5.859205280406226,-1.0
1046,93.44579093312844,5.384068717700778,-1.0
1047,86.13465855367136,4.982028970311753,-1.0
1048,80.94757946062182,4.545960860600786,-1.0
1049,85.40376157362158,4.026857625867104,-1.0
1050,82.227107746016,4.482326936531347,-1.0
1051,79.67176780210397,5.1452795235374715,-1.0
1052,83.2882560545768,5.39316022210317,-1.0
1053,79.75271583009325,5.727187191926416,-1.0
1054,78.58967622722605,6.149561297821652,-1.0
1055,78.4655401748428,6.04339662696263,-1.0
1056,73.84159359102438,6.551138622561266,-1.0
1057,73.69854925980306,6.947849611838977,-1.0
1058,72.95025225374408,7.25543955883369,-1.0
1059,69.34113715036594,7.613231734887117,-1.0
1060,69.83786650595295,7.990774786642752,-1.0
1061,67.08459942283065,8.26533930419297,-1.0
1062,56.73566765291011,9.612126689769944,-1.0
1063,50.93101725303202,11.022000902486283,-1.0
1064,50.577698801463214,12.124554097946724,-1.0
1065,49.35615898214368,12.612564895079291,0.0
1066,48.05197684040701,12.843509049333301,0.0
1067,45.66875738902678,13.479621247843022,0.0
1068,48.484120848636366,13.890833708903973,0.0
1069,45.29503401200276,14.018779680365233,0.0
1070,45.68984117572555,14.062684644901093,0.0
1071,44.74117257166682,14.10000848678855,0.0
1072,42.8205755650967,13.725396354365063,0.0
1073,42.89204665916452,13.345834593667098,0.0
1074,30.849285010543724,13.687812875545072,0.0
1075,33.82719565585319,13.358298659314704,0.0
1076,38.74652530856912,12.787805425474097,0.0
1077,37.417809837558536,12.004313787438173,0.0
1078,35.375711102506585,11.054497278220417,1.0
1079,36.24284239761505,10.076225850370914,1.0
1080,34.778516978960255,8.667818573739988,1.0
1081,35.46837947178946,7.015022923462908,1.0
1082,42.74529494533297,6.190597535982296,-1.0
1083,41.88440642998489,5.8231320548146766,-1.0
1084,43.68541800823951,5.452639330480085,-1.0
1085,42.01687910584843,5.111189024519124,-1.0
1086,45.4014897373267,4.945879755897789,-1.0
1087,28.73061391990456,5.472699914385478,1.0
1088,36.48979739027726,5.123320825312682,1.0
1089,41.633996181587264,4.958920377841672,1.0
1090,47.747847637859735,5.122140430089004,1.0
1091,49.92106190884314,5.532898305040963,1.0
1092,48.31443404017699,5.837865354855936,1.0
1093,44.25187036818761,5.88462589263744,1.0
1094,45.67955353125615,5.6293524568177045,1.0
1095,45.773641573347874,5.514679095475481,1.0
1096,48.76515873029021,5.738661723806992,1.0
1097,50.92718796920175,6.007251776538105,-1.0
1098,59.15465367933598,6.85914894943019,-1.0
1099,50.5995016459726,6.812901867824259,-1.0
1100,53.98315886831841,6.768581172904767,-1.0
1101,47.808838192393694,6.390643980790229,-1.0
1102,47.427544980915656,6.3594726969498385,-1.0
1103,42.69113497330636,6.334438065740918,1.0
1104,50.592940169155554,6.3868110735674515,-1.0
1105,47.90908489713513,6.309632165657058,-1.0
1106,36.89046248975346,6.6774147551587815,1.0
1107,49.55732795487435,5.275974695941277,1.0
1108,57.09015571298646,5.059668444804643,1.0
1109,67.03488946343785,6.319881422609269,1.0
1110,80.33632561515553,9.309518042706275,-1.0
1111,73.89622500689514,10.58727701865839,-1.0
1112,76.92044871683339,11.857501961431382,-1.0
1113,77.63911057095748,12.749613869199482,-1.0
1114,72.02202490453878,13.035489971635876,-1.0
1115,77.48033316540224,13.535824519053989,-1.0
1116,77.23699174545874,13.955858400411207,-1.0
1117,65.45385712484088,13.844058199991208,0.0
1118,62.927674045424766,13.849229528492067,0.0
1119,61.18352790843717,13.640591792653636,1.0
1120,62.851780407306094,13.533808752622518,1.0
1121,57.51441666308229,13.177008961973181,1.0
1122,60.99125499033269,12.715892536370031,1.0
1123,62.89526300971983,11.794136748124947,1.0
1124,60.41308179485668,11.40815521393707,1.0
1125,60.17829932555864,10.786981037648026,1.0
1126,59.8050057609272,8.645752656734615,1.0
1127,67.02626318649581,7.710815944081816,-1.0
1128,72.64201120417428,7.433269249292052,-1.0
1129,65.91137439287337,7.443772256723106,-1.0
1130,65.69506865844602,6.837782913780883,-1.0
1131,61.23548277173646,6.754621259689709,1.0
1132,61.19069857152408,6.370142486788397,1.0
1133,52.21548082251934,6.381011916225598,1.0
1134,57.12495589076812,6.306555846771711,1.0
1135,56.16371065393474,5.598576799889434,1.0
1136,62.72132698320272,4.4058844122045775,1.0
1137,69.8453221831814,4.69700411464543,1.0
1138,79.47186244152027,6.108729066817439,1.0
1139,91.26876330484656,8.791079636336777,-1.0
1140,79.81072214017564,9.432624705425733,1.0
1141,78.70583138918664,9.709312364619166,1.0
1142,82.93070793555913,10.303256502436136,0.0
1143,86.92279441006278,11.123149481012938,0.0
1144,84.52437981744109,11.49369652292818,0.0
1145,86.43918281453801,11.83527614631895,0.0
1146,90.34591414519116,12.266038854816992,-1.0
1147,81.70833126953195,12.353337060178568,0.0
1148,83.49189364117186,12.557449766947052,0.0
1149,77.46298077467989,12.436417472005001,1.0
1150,74.58009559189586,12.26419977227725,1.0
1151,70.6323344587768,11.887032875878822,1.0
1152,79.39556107386545,11.431776627540023,1.0
1153,85.11325889594926,10.071595197297025,0.0
1154,84.50851173741788,8.885450725033987,0.0
1155,86.39603257489463,7.142563740894108,1.0
1156,86.82399875906557,5.844685182469162,1.0
1157,96.28476000515631,5.935672074618308,-1.0
1158,97.69073579265596,6.66398006487396,-1.0
1159,92.69440873092069,6.750056951072347,-1.0
1160,91.2634619503454,6.832393494130761,0.0
1161,97.81077515168587,7.2445366673303155,-1.0
1162,94.50804612547844,7.45829592670419,-1.0
1163,94.79424312544114,7.68977146024306,-1.0
1164,89.27786153826386,7.688432166680679,0.0
1165,96.90357339823106,7.993878303735375,-1.0
1166,96.3637542829816,8.213534506032293,-1.0
1167,90.59902615674535,8.10145927285453,0.0
1168,90.63975575467292,8.034188971506437,0.0
1169,81.3237510705379,7.793073780090204,1.0
1170,92.4650266914138,7.057181987411265,0.0
1171,87.8612386822501,5.470835493893871,1.0
1172,90.36360081564746,4.79245597712081,1.0
1173,87.92133949695412,4.644069263059423,1.0
1174,89.60107727140891,4.382945409338948,1.0
1175,92.49198554258382,4.212152940096325,1.0
1176,90.8160156196353,4.051261125075344,1.0
1177,91.72653832250084,3.9288514908487957,1.0
1178,87.44774829545878,3.7934870220660435,1.0
1179,89.48331946754348,3.801254162796113,1.0
1180,88.64420267832563,3.8432283780309384,1.0
1181,90.94429323416549,3.498968198615934,1.0
1182,91.27877236388292,3.3871436961745336,1.0
1183,90.79501203625908,3.2379956297404915,1.0
1184,94.62081107286284,3.3631010891083335,1.0
1185,98.41752190725808,3.5252361394227787,1.0
1186,93.6079175896025,3.340838618270772,1.0
1187,96.51030082489032,3.5968519616542918,1.0
1188,102.21398670463068,4.402471906725126,1.0
1189,101.5260489050988,4.278299708820331,1.0
1190,97.71711216655716,4.438316427207609,1.0
1191,105.19533709717928,5.088635587987741,1.0
1192,104.46886668852378,5.5755816174470905,1.0
1193,105.08808324363636,5.860650470004294,1.0
1194,111.37415075325409,6.736422440217325,1.0
1195,115.42377794741172,7.91692166585744,0.0
1196,109.92946969778126,8.232113531028512,1.0
1197,113.03518577334953,8.699418990006887,0.0
1198,108.57146046620107,8.4525117458411,1.0
1199,106.55695316094526,8.143996990744046,1.0
1200,107.42533548497906,7.677837774602328,1.0
1201,108.31791209219428,7.3070391572593305,1.0
1202,107.75435838989551,6.815968249793062,1.0
1203,111.87794599991952,6.28789449243152,1.0
1204,118.37287538014408,6.468489345939261,0.0
1205,115.85399946644256,6.543337218940697,1.0
1206,121.96400921702028,6.551544716887789,-1.0
1207,123.086278242479,6.694110828212364,-1.0
1208,122.12148125293868,6.982529266283531,-1.0
1209,115.5843537009587,6.703642919696373,1.0
1210,111.31085183320477,5.871645016445857,1.0
1211,109.29296849383556,5.684122509766884,1.0
1212,111.28103658117456,5.381774056427723,1.0
1213,113.42218610568044,5.074333439926151,1.0
1214,113.7622889223297,5.0589697658196,1.0
1215,114.15741313769776,5.0381765256008055,1.0
1216,110.36936371820128,5.024161820252495,1.0
1217,112.811910969292,5.02480916160445,1.0
1218,117.15248784698532,4.975374258467654,1.0
1219,117.28941587308026,4.746576318419668,1.0
1220,117.82948076427203,4.534998427760104,1.0
1221,119.6928155906759,4.406492741495116,1.0
1222,123.15782511681002,4.373552838211094,-1.0
1223,118.0681227675557,4.283132054380007,1.0
1224,121.7020308593564,4.428951795351962,1.0
1225,128.9952477836789,5.230949377127337,-1.0
1226,126.39026322745522,5.530295339155741,-1.0
1227,126.94414696557088,5.8006961326174595,-1.0
1228,108.6164603187946,6.024324377023692,-1.0
1229,101.30987297462268,6.960219999231244,-1.0
1230,90.89554084179916,8.929888227749505,1.0
1231,93.66719036211708,10.079508525986688,1.0
1232,87.37923110597731,11.745107732116347,1.0
1233,87.57065560504881,13.065427888275238,1.0
1234,86.37199627086886,14.241247776940865,1.0
1235,90.26536621006868,14.906479318805747,1.0
1236,87.71265359881207,15.664490967058658,1.0
1237,93.20473595845232,15.97064382164217,1.0
1238,95.80259608163276,15.984673417384915,0.0
1239,92.1391858257332,16.050803599384572,1.0
1240,97.23710471479058,15.83583178777045,0.0
1241,97.3696119720254,15.442690012339536,0.0
1242,99.85806609876184,14.68140690837071,0.0
1243,104.56575881541406,14.185122715881034,1.0
1244,102.49863202700028,13.326911132098449,1.0
1245,99.5444434416296,11.44112953554062,1.0
1246,92.73121856261764,9.413443000725405,1.0
1247,98.89633610824558,6.237202977426498,1.0
1248,100.31262178093408,5.548166824245795,1.0
1249,104.76994269778496,5.804401577667163,1.0
1250,105.43753048870482,6.145563420894202,1.0
1251,109.67215783281404,6.846184164940595,1.0
1252,112.01552489812416,7.289148795481537,1.0
1253,116.1697715171736,7.933155201543624,1.0
1254,117.70765498122216,8.324263155643651,1.0
1255,116.4488282666962,8.61821505505264,1.0
1256,114.67939644916729,8.336465086147697,1.0
1257,113.11903364609832,8.223930400751948,1.0
1258,117.11223688967765,8.409479805757778,1.0
1259,116.32795472806592,8.103341776547365,1.0
1260,117.98742888722526,8.139625001297507,1.0
1261,114.85986397973218,7.888794778040994,1.0
1262,121.06497650068737,8.056183464086564,1.0
1263,126.39968002768276,8.75883807564185,1.0
1264,121.02776201945622,8.804613986876781,1.0
1265,119.26669607509088,8.45560235862086,1.0
1266,120.4008016220765,7.164108686429519,1.0
1267,123.35006388673958,6.47090136825405,1.0
1268,116.10357103259764,5.408433401214964,1.0
1269,122.12232746175596,4.841061613146079,1.0
1270,144.980662542828,7.2956028944118785,1.0
1271,151.99902751060765,10.052975614821195,1.0
1272,156.79525072585994,12.579069080596302,1.0
1273,159.89501487974383,14.85150780068044,0.0
1274,172.68186393112327,18.058409369397154,0.0
1275,167.8103133559005,19.843511948911765,0.0
1276,173.4294900805203,21.58788606303792,0.0
1277,159.3253387566218,21.72604240397485,0.0
1278,160.93577870665084,21.914345494601445,0.0
1279,155.41230860293425,21.588529731504817,0.0
1280,151.72816913678392,21.06577438817841,0.0
1281,149.75383239717914,20.125474720404092,0.0
1282,168.8618388933211,20.131016284587883,0.0
1283,164.41298866118717,19.96555889890736,0.0
1284,171.51459241825785,19.561449686744105,0.0
1285,178.15548550671548,19.031380145016147,0.0
1286,177.8698254218261,18.088635615904217,0.0
1287,178.97929234315916,16.98973112028989,0.0
1288,179.45947213445692,14.224933218129216,0.0
1289,171.80512966475186,10.752474339334531,0.0
1290,171.7297714804551,9.778219723584407,0.0
1291,178.07100262099877,9.530261192475905,-1.0
1292,178.06930732197696,9.467680354842289,-1.0
1293,173.63456180022365,9.307942073133379,-1.0
1294,174.72949109075554,9.35958226614707,-1.0
1295,175.17932453193126,9.443170515563423,-1.0
1296,173.03683882623253,9.435310442341171,-1.0
1297,174.6838288340546,9.173585446740349,-1.0
1298,177.50511195682023,9.02069222173534,-1.0
1299,173.804508983796,8.22580776084551,-1.0
1300,174.81204379854864,6.684792095196467,-1.0
1301,168.8579376439514,3.9468418159710494,-1.0
1302,163.69620078822942,4.45491381409612,-1.0
1303,168.90034596706718,4.040353926412634,-1.0
1304,169.372867961726,4.14304105615565,-1.0
1305,168.5165578784481,4.208719257281522,-1.0
1306,164.13689516696215,4.584998705021753,-1.0
1307,169.98617773908035,4.399716349977137,-1.0
1308,165.75076026058434,4.325547213547178,-1.0
1309,164.8775618717355,4.595251699080885,-1.0
1310,158.14643118701954,5.474191342058231,-1.0
1311,148.1821632120828,7.191758522435474,-1.0
1312,142.03908049037022,9.129530673768059,-1.0
1313,140.62562398446596,10.792879126211293,-1.0
1314,139.84589203080537,12.028922491468515,-1.0
1315,131.56125620702562,13.745630730647777,-1.0
1316,129.63908478823691,15.241807721936105,-1.0
1317,113.5794555357038,17.970135247544814,0.0
1318,118.67420705214892,19.15955012041558,1.0
1319,117.35520712400644,20.18047364041828,1.0
1320,123.89545808465238,20.22042091007569,1.0
1321,119.90947866877416,20.570881046128868,1.0
1322,109.69347435019029,21.63353246087141,1.0
1323,105.03730550095696,22.347185771664584,1.0
1324,104.32460238312842,22.585869350654455,1.0
1325,101.80595870006285,22.579620816971634,1.0
1326,94.83687882895424,22.9376352681005,1.0
1327,98.0272357534168,21.956107503112616,1.0
1328,96.33746351535672,20.865946929835463,1.0
1329,97.3442127051149,19.109065882040788,1.0
1330,100.2214521374899,17.2494186848882,1.0
1331,106.41587312802255,15.688205276331974,1.0
1332,107.27759388526256,14.352121383114492,1.0
1333,110.05249659080596,12.776373146849068,1.0
1334,110.78628507920956,10.868037964058386,1.0
1335,124.07105770016987,10.187858802164552,1.0
1336,135.1600897165374,10.818563817385277,1.0
1337,138.49564415479364,12.575823819251724,1.0
1338,184.92239715956504,20.765487090679468,1.0
1339,195.47103922732052,27.59427461863856,1.0
1340,208.46397501280927,34.200849340206844,1.0
1341,210.46125404939608,39.44145404133314,1.0
1342,212.78423263821787,43.5848558796566,1.0
1343,227.9900143384732,48.01103945461151,1.0
1344,233.73219997135752,51.7694828982321,1.0
1345,248.0385120890112,55.5743439907249,0.0
1346,258.04792282861024,58.63076679476071,0.0
1347,246.7556574417105,59.75066178699098,0.0
1348,254.90266347055405,60.30876646202805,0.0
1349,271.7155481938936,61.00488248989697,0.0
1350,271.8253244885261,60.6254336612987,0.0
1351,271.38032376418766,59.45489702058144,0.0
1352,281.0289100132121,57.689511163432954,0.0
1353,290.24599877669897,55.31273866816053,0.0
1354,281.9837707189762,50.77582421497398,0.0
1355,298.92516316658435,46.962995452757156,-1.0
1356,306.34694135441066,43.02985262765437,-1.0
1357,322.65876675802974,38.58761967793729,-1.0
1358,315.96876101903604,37.36817728664974,-1.0
1359,317.635899316997,36.15486954148045,-1.0
1360,307.0938055203657,34.50461885152421,-1.0
1361,297.65807698551447,31.791532134636306,-1.0
1362,278.9181791945348,28.115015914913297,-1.0
1363,274.34167568823426,25.461699069048077,-1.0
1364,272.310673930451,22.99771245988874,-1.0
1365,270.9357088322058,21.677308386045663,-1.0
1366,263.3617145298466,21.365922164486946,-1.0
1367,249.71340308036957,21.097283115725862,-1.0
1368,252.46136476107228,21.286480569484624,-1.0
1369,232.49414195089557,24.169309757334673,-1.0
1370,237.25837464813787,26.154663361267094,-1.0
1371,251.76204599956571,26.897150361530066,-1.0
1372,253.016912557212,27.57016425380017,-1.0
1373,243.55083891364316,28.5070563129305,-1.0
1374,234.11062994033284,29.986760413280983,-1.0
1375,222.4467062488684,31.48344698043474,-1.0
1376,235.6259299798479,31.18024736023527,-1.0
1377,233.15036337110308,29.072958361841714,-1.0
1378,225.3896631275313,27.25273525387522,-1.0
1379,227.19390065548828,24.098409562083052,-1.0
1380,222.01840687457388,21.43476353801671,-1.0
1381,232.6285678012066,18.358521676969378,-1.0
1382,236.2943444412898,16.689522847669522,-1.0
1383,227.2171444358173,15.381906115268945,-1.0
1384,216.09374818049557,14.49852278513587,-1.0
1385,202.4819294258295,14.477641980138877,-1.0
1386,190.988331510138,15.961574524582538,-1.0
1387,194.18931110602009,17.357079011758877,-1.0
1388,190.3922093310973,18.37022246395534,-1.0
1389,187.93472922376677,20.08826755742726,-1.0
1390,179.0418968704613,22.062809627912834,-1.0
1391,175.73171819529716,22.88694534286421,-1.0
1392,166.49365355576157,23.77628126125151,-1.0
1393,156.88669142293702,25.580812302681675,-1.0
1394,142.0465965754584,28.693943562304213,-1.0
1395,156.28488813555344,30.1372778383129,-1.0
1396,143.4792051949815,31.40570021953808,-1.0
1397,158.37956196260092,31.11143672141791,-1.0
1398,150.3576833024287,31.34019776640035,-1.0
1399,148.30203910823212,31.08564263168241,-1.0
1400,137.70364216200602,31.354746483191967,-1.0
1401,137.55044010746366,30.08081098618914,-1.0
1402,152.05291962811577,26.743297895461183,-1.0
1403,146.30563610982767,23.685739041522627,-1.0
1404,146.94885576862072,20.978151829484613,-1.0
1405,158.75719842305529,18.8354243449242,-1.0
1406,168.06155727057364,17.56877995534389,-1.0
1407,166.76195527365587,15.720049743174807,-1.0
1408,170.70694513644014,14.15471479240543,-1.0
1409,145.78400725381323,12.413969761362376,-1.0
1410,137.26167486375834,11.718833746320586,-1.0
1411,109.4336435016993,14.160071385036856,-1.0
1412,99.07771483368305,17.62244899589884,-1.0
1413,90.58255068239777,21.415362552646837,-1.0
1414,79.15105610635311,25.78090525040051,-1.0
1415,69.3164732869626,29.918161064311303,1.0
1416,59.32629158355837,34.36781749563551,1.0
1417,41.43311022142427,39.181632854665686,1.0
1418,33.767315666502554,43.7354272750839,1.0
1419,37.295828070200685,46.87429034219304,1.0
1420,42.47037083690452,49.15992042632626,1.0
1421,48.46651448478917,50.51156310471521,1.0
1422,56.07710032544424,50.37975339562089,1.0
1423,50.24940047666325,50.34666384769682,1.0
1424,62.61020247493673,49.33659262698925,1.0
1425,64.6182669171427,47.000439628195224,1.0
1426,63.88976546485179,43.111651165397774,1.0
1427,68.69933869730744,38.18945293938714,1.0
1428,71.58707438922687,31.09438893996924,1.0
1429,74.99379020985026,25.773977273537817,1.0
1430,88.67849883482404,20.692686853906043,1.0
1431,92.2211181529949,19.06714732605534,1.0
1432,118.6504055001506,21.29520431167447,1.0
1433,130.6765977257391,25.275670032256013,1.0
1434,128.10231318937014,28.59421915735205,1.0
1435,134.47018258310408,32.00185299080103,1.0
1436,137.84185134631974,34.87004126413928,1.0
1437,144.94849975966656,36.884113232460685,1.0
1438,143.3846069740975,37.39978534546816,1.0
1439,148.69370283205103,37.745152128175725,1.0
1440,155.21809912663554,38.12979282643803,1.0
1441,163.4190953593099,38.73822596021922,1.0
1442,161.10165468440465,38.88239953516233,1.0
1443,167.95698507780958,38.23292804862431,1.0
1444,168.583284629662,37.77197695057577,1.0
1445,172.87487712983238,36.956669557121806,1.0
1446,174.13380402675483,35.26240588411204,1.0
1447,187.2119825197119,33.943089507498044,0.0
1448,208.4241219872632,33.59058337493328,0.0
1449,221.45983630525245,33.47239144132962,0.0
1450,233.4551934558816,34.60177439966753,0.0
1451,232.1883457883227,34.401953560168806,0.0
1452,230.1943057227989,35.24388050067453,0.0
1453,233.38388781809783,36.33820788305464,0.0
1454,231.23110206439185,36.29877622035939,0.0
1455,230.85080159709588,35.981871688319465,0.0
1456,225.531307069749,34.96267422077914,0.0
1457,218.2308258252189,33.618017668045944,0.0
1458,229.66056552167868,32.096345989742815,0.0
1459,234.17037677918773,30.60466232351603,0.0
1460,222.5463924759582,28.597705300074967,0.0
1461,222.61008674685135,26.82185801900326,0.0
1462,221.003756177367,24.26249979168618,0.0
1463,213.2011319482225,21.79778738569258,0.0
1464,202.3277475028576,19.111763533355106,0.0
1465,200.72386699949448,16.552907046125647,1.0
1466,203.69796234726704,13.38795072338247,1.0
1467,200.8500974909531,11.887638702234215,1.0
1468,202.85166077952312,12.252361968161688,1.0
1469,215.9719352313262,12.291323891348982,1.0
1470,222.0041432792695,11.903636961917398,0.0
1471,229.41889984082525,11.765552893846769,-1.0
1472,225.39160130384877,11.583898284354099,0.0
1473,228.0321226365469,11.299339382614614,-1.0
1474,220.80056315686136,10.940865636608878,1.0
1475,228.5883238194521,10.817374484305569,-1.0
1476,218.85711454195183,10.687337191062465,1.0
1477,222.9406743772697,10.743345212206913,0.0
1478,217.45689822854524,10.404309422877478,1.0
1479,222.91471082667837,9.74869638948014,1.0
1480,227.77647784237556,9.96985359582723,-1.0
1481,217.1319437203421,9.893299502612479,1.0
1482,216.91518633599424,9.850474969597132,1.0
1483,220.7743391736763,9.84666058867931,1.0
1484,230.01493986469472,9.577766438219035,-1.0
1485,233.0863138326245,9.111201646123916,-1.0
1486,228.48907244797263,8.395702190970834,-1.0
1487,232.74929211740937,7.209886818159537,-1.0
1488,239.04161726459563,6.348309503822376,-1.0
1489,227.4714231106409,6.00701355749074,-1.0
1490,214.28816503661483,6.472598374166326,1.0
1491,209.68473821885837,7.239428784870952,1.0
1492,217.817764358984,7.366404845197401,1.0
1493,223.5801515225816,7.296866029665188,1.0
1494,234.95916100020764,7.695197833796189,-1.0
1495,226.72241964122225,7.650720304422825,-1.0
1496,217.6676072092775,7.6983729242710845,1.0
1497,215.798007726254,7.9163148435931365,1.0
1498,216.77041316029505,7.946317983998497,1.0
1499,214.84314192728797,8.188649662406572,1.0
1500,209.2339089822894,8.687182476722178,1.0
1501,218.7407425511156,8.643642302113241,1.0
1502,227.27788667821585,8.606019585813236,1.0
1503,227.2506682474908,8.641594035608913,1.0
1504,230.6834523069421,8.670284014051678,1.0
1505,229.90751875990588,8.509234532003378,1.0
1506,237.3601678255581,9.018235913673902,1.0
1507,242.75970205080688,9.79733887688141,1.0
1508,256.61274207245924,11.792965646542836,1.0
1509,265.5228722555973,14.882303339821092,1.0
1510,281.8470640029191,18.97864736991863,1.0
1511,284.3035050619728,21.841228534599846,1.0
1512,289.70365626826714,24.760804722413795,1.0
1513,295.97517087463393,27.721547329595538,1.0
1514,291.79877461522017,29.87807901201397,1.0
1515,298.8358421430807,31.95729826732246,1.0
1516,300.92348256027424,33.243554576451054,1.0
1517,298.83744912585934,33.69203424886289,1.0
1518,315.015202320006,34.82068188109894,1.0
1519,317.5848396821625,35.24880577261366,1.0
1520,326.2638983321463,35.04102211172017,1.0
1521,373.1667503876716,39.45587297404462,1.0
1522,368.4561986338798,42.1432528901412,1.0
1523,387.77353335451664,45.39730867396682,0.0
1524,401.20698553834967,48.645060807921425,0.0
1525,391.371157623773,49.237166242683145,0.0
1526,392.0917148136524,49.16958803942503,0.0
1527,380.6439103478541,47.55684044416801,0.0
1528,387.20833999832416,46.49702223405538,0.0
1529,396.2883316800638,45.7825189446581,0.0
1530,401.05194924820125,45.7145791421698,0.0
1531,417.3859843187751,46.11011091598914,0.0
1532,419.8250558741761,46.10003426241961,0.0
1533,424.4138199312965,45.93820131235423,0.0
1534,417.8553965009632,44.04606418531852,0.0
1535,426.74378849980695,42.29678898440374,0.0
1536,424.1990185468672,39.48415923577725,0.0
1537,424.8067133766773,35.093127321410115,0.0
1538,426.3943692175977,31.249948812802614,0.0
1539,439.8162954542879,26.916201955200464,-1.0
1540,424.996887931538,20.77367049602627,-1.0
1541,417.17325323409887,19.36394647002318,0.0
1542,424.86257196408894,17.21551741738131,-1.0
1543,415.7884773417993,16.316299762462794,-1.0
1544,407.3061099331581,16.146174683562652,0.0
1545,426.2442151238158,15.558544628713904,-1.0
1546,422.15342414941495,14.681237915278668,-1.0
1547,412.75497912563264,12.11261766440834,-1.0
1548,424.88648836201656,9.803865650862406,-1.0
1549,414.9671317418126,8.211928670502505,-1.0
1550,395.8172368425929,8.923121225372098,1.0
1551,403.3626612664796,9.691891113249934,1.0
1552,411.0633551146009,9.882952567681617,-1.0
1553,406.5334945708761,10.197846377200994,-1.0
1554,390.2193630055794,11.988661186193658,1.0
1555,396.2706857056803,12.606260464998053,1.0
1556,397.3596410392845,13.050089086569304,1.0
1557,396.8676824285856,13.340190790797243,1.0
1558,418.514587416435,13.028476559008286,-1.0
1559,409.2367534229962,11.317186624599739,-1.0
1560,412.90969333974107,10.832572272047823,-1.0
1561,410.9024132161508,10.710623739305,-1.0
1562,408.34458337677535,10.116596449459331,-1.0
1563,400.8703770457861,10.145486331344408,-1.0
1564,406.1301499526929,10.155131012819849,-1.0
1565,382.5864848895147,10.762304162473686,-1.0
1566,382.3030883847704,11.306503036112474,-1.0
1567,360.6531582796157,14.699402107394752,-1.0
1568,366.4093685205567,15.58954897608964,-1.0
1569,369.0490164390421,16.40681342276621,-1.0
1570,368.4568442114936,17.547581141646376,-1.0
1571,359.3418037851462,19.120810404381896,-1.0
1572,362.1085195532319,19.768941420687405,-1.0
1573,353.76690860945905,20.966659323225844,-1.0
1574,348.27318843429464,22.717303075975245,-1.0
1575,339.3543171780856,24.771486451680115,-1.0
1576,333.5199525993248,26.80859729009449,-1.0
1577,326.73639772662693,28.918165237579775,-1.0
1578,313.81738706345175,30.25721605245939,-1.0
1579,316.02601643516414,31.17979726564132,-1.0
1580,313.43661599084135,31.24990547717983,-1.0
1581,328.58407831967514,29.72990471267817,-1.0
1582,340.4228524512747,27.337819295117715,-1.0
1583,338.3122902422524,25.133706263233762,-1.0
1584,343.39997031158464,21.468263052594544,-1.0
1585,337.69449623254025,19.875548775583916,-1.0
1586,333.5369961445708,17.968994585131743,-1.0
1587,329.9757418092352,17.65752002272181,-1.0
1588,320.7732207694721,17.1578887393119,-1.0
1589,332.70164197010934,15.64698113879998,-1.0
1590,297.3528098315253,16.1945587083739,-1.0
1591,281.9922122709525,18.7257592938074,-1.0
1592,261.5415597653167,22.62943230171256,-1.0
1593,262.43999099375105,25.462795353084893,-1.0
1594,254.29547393313925,28.464038791080174,-1.0
1595,252.7020843374464,31.083539357715736,-1.0
1596,248.1877110144577,33.580538264577,-1.0
1597,239.01342418721345,36.43308916097662,-1.0
1598,231.15889554887175,39.608958627363435,-1.0
1599,244.0605171733753,41.141370717322786,-1.0
1600,239.4088364240965,42.65762478264208,-1.0
1601,234.1485466352057,43.48279519000685,-1.0
1602,227.32913714112604,43.40780122537005,-1.0
1603,230.3668296342133,42.543628105465295,-1.0
1604,218.2129863791998,41.153055511835156,-1.0
1605,204.23387573217985,40.21100336621786,-1.0
1606,194.07859940941452,39.26481124587441,0.0
1607,189.84807907533215,37.68993552123458,0.0
1608,189.5529183157668,35.76218810254342,-1.0
1609,178.77753615452704,31.432389247817927,-1.0
1610,169.85534695988443,30.81655037699457,-1.0
1611,157.88388203441954,31.760074384133155,0.0
1612,154.1251899762853,33.63369052718927,0.0
1613,159.78688303965794,34.0018188612904,-1.0
1614,169.58254236936125,33.57885964049195,-1.0
1615,179.73695266268675,32.24541737604294,-1.0
1616,171.83917339013203,31.109494374198267,-1.0
1617,172.76769496146278,30.153747931380902,-1.0
1618,158.75600289272666,30.036014607684677,-1.0
1619,165.92352478213053,27.94684661493044,-1.0
1620,161.2926984474866,25.806311949557863,-1.0
1621,154.00061052022403,23.821880756996016,-1.0
1622,162.3693219415623,21.390613812674847,-1.0
1623,155.12769467812268,17.864170362061188,-1.0
1624,140.4624539495813,15.953768742475956,-1.0
1625,135.7871700771737,15.4439630917074,-1.0
1626,150.47016232246114,14.320146281518541,-1.0
1627,144.5705487128123,13.560472963476052,-1.0
1628,139.17085023442502,12.756819982735026,-1.0
1629,129.39625718736272,13.507478489943354,-1.0
1630,122.71337084057429,15.100252369369143,-1.0
1631,114.30538848193464,17.506498673362394,-1.0
1632,108.92466812226064,19.975985399304523,-1.0
1633,103.6411069084445,22.31423030062811,-1.0
1634,91.86453534687416,24.809835368101737,-1.0
1635,83.0102689995561,26.662187679882845,-1.0
1636,78.83934074005901,28.551410472472632,-1.0
1637,59.52137204318808,31.469750613617613,-1.0
1638,47.60320312186633,35.3316338540733,-1.0
1639,34.58394311399786,38.8560659504605,-1.0
1640,35.454773794648304,41.231643255693584,-1.0
1641,24.47178128618168,43.97072195024079,-1.0
1642,9.988000205507944,46.30303151401603,-1.0
1643,6.532667361594804,48.11705051311922,-1.0
1644,-4.991823967757227,50.70355793606376,-1.0
1645,-5.081347760052438,52.417342868410564,-1.0
1646,-20.713171027555745,53.20066895808395,-1.0
1647,-39.21233857357646,54.621080879918686,-1.0
1648,-48.45232143618887,55.68661849235394,-1.0
1649,-54.336604888129045,56.462108027008135,-1.0
1650,-74.29959726485134,57.96654370558788,-1.0
1651,-84.90064403046426,59.3782727922548,-1.0
1652,-103.69596678291408,61.17768235834499,-1.0
1653,-115.56057515099576,62.570718482515595,-1.0
1654,-109.40487314118928,62.53171832018754,-1.0
1655,-121.0815127242024,62.5147324491455,-1.0
1656,-123.55047816013376,61.3206343745887,-1.0
1657,-125.7882272690731,60.3821123932547,-1.0
1658,-133.2779237357896,59.53960500076275,-1.0
1659,-136.22944877230947,58.609244639700336,-1.0
1660,-133.98275646254956,56.093606748135294,-1.0
1661,-161.97797232701436,55.107624912138405,0.0
1662,-175.69079330683172,54.9670986111686,0.0
1663,-179.15840943770047,53.77823079232798,0.0
1664,-185.49613291922685,52.556384982181946,0.0
1665,-191.33686663651525,50.06473218019656,0.0
1666,-193.47679935179752,47.62009837961354,0.0
1667,-202.18781113530048,46.17149238978764,0.0
1668,-214.01613982166668,45.102394604357066,0.0
1669,-220.56776135628849,43.58795655676689,0.0
1670,-227.84791994250543,43.20639151114103,0.0
1671,-229.22818676969405,42.58567365210823,0.0
1672,-235.9282648772981,42.964522141395186,0.0
1673,-232.67055215509924,43.02163449824064,0.0
1674,-234.3628091850465,41.798867289816386,0.0
1675,-225.7429834009747,40.1730170096051,0.0
1676,-221.72889970439465,37.79500012245048,0.0
1677,-224.19490024855224,34.87226979256596,0.0
1678,-224.5008317662179,31.79777752949152,0.0
1679,-223.2810013497708,27.97480060705647,0.0
1680,-219.4530862537818,22.183344448774584,-1.0
1681,-223.3379859304876,19.04738233676126,-1.0
1682,-226.50819152176516,16.907810704238255,-1.0
1683,-224.37416981522205,14.462781227002928,-1.0
1684,-228.17893169380235,12.234316440943168,-1.0
1685,-229.90767927332337,10.150636232298583,-1.0
1686,-235.92646446796212,7.80250459849745,1.0
1687,-231.68624762279927,5.739377713200157,-1.0
1688,-224.15779227209583,4.957043963850058,-1.0
1689,-240.03859516337783,5.475156246713106,-1.0
1690,-246.99639656342208,6.9062341188297625,-1.0
1691,-245.7148805864284,7.841644284570727,-1.0
1692,-253.5895852505442,9.393101816924156,-1.0
1693,-249.76101735049969,10.303786553024402,-1.0
1694,-248.9874131605685,11.000186299555965,-1.0
1695,-246.46680617337887,11.311438639966882,-1.0
1696,-253.5272040413713,11.802859908507052,-1.0
1697,-254.84055962744395,12.300998589378787,-1.0
1698,-260.4538189102961,13.04992776594095,-1.0
1699,-253.2931021719648,12.949971028764987,-1.0
1700,-256.8538803559337,12.542018607042436,-1.0
1701,-261.8989229984409,12.529778382837373,-1.0
1702,-258.8662231894027,12.285481853201443,-1.0
1703,-257.0329909921025,11.506839236775795,-1.0
1704,-258.3762103622628,10.88415507382383,-1.0
1705,-264.0211856116699,10.49666312089098,-1.0
1706,-264.7854592295899,10.425520962833003,-1.0
1707,-262.33101478416114,9.566326527918093,-1.0
1708,-289.28184343939864,10.255268145436958,-1.0
1709,-293.4518528822776,12.49305323190422,1.0
1710,-290.984616805116,14.039979100520126,1.0
1711,-290.9356388664872,15.01775721285621,1.0
1712,-293.9967789259689,16.28105287320975,1.0
1713,-297.6427004084102,17.330356920770196,1.0
1714,-309.48386972817707,19.049595420500005,1.0
1715,-302.8481404886444,19.407888239081547,1.0
1716,-303.3123978270057,19.865561203963455,1.0
1717,-303.0280287781425,20.055521602792535,1.0
1718,-305.3367622458447,20.42078129551569,1.0
1719,-302.75832815849327,19.891339414528122,1.0
1720,-301.1788331235433,19.24116291850148,1.0
1721,-306.0020366465657,18.908991431171266,1.0
1722,-285.2487722600903,17.66486698808529,1.0
1723,-298.1357394761026,16.05521514816682,1.0
1724,-294.1977774442027,14.082715998476608,1.0
1725,-285.44846061516864,12.49138059602473,1.0
1726,-279.1688372922161,11.050666859902153,1.0
1727,-274.98900430757703,9.32458745788215,1.0
1728,-270.1256498416542,10.843218942077364,-1.0
1729,-269.716278463502,12.171584004141556,-1.0
1730,-260.0077508763092,14.263146158500762,-1.0
1731,-266.52017234421,15.334641262802357,-1.0
1732,-279.7043037670723,15.493222561422135,1.0
1733,-292.1646792295638,15.394316136919485,1.0
1734,-287.655651239492,14.656730027142736,1.0
1735,-282.0944058450252,14.30883414261462,1.0
1736,-278.21173047470654,13.929903853042386,1.0
1737,-274.3317181917672,13.565983379973982,1.0
1738,-270.5676246079338,12.991085824960152,1.0
1739,-258.7987929696787,13.173921708765619,-1.0
1740,-254.9166276699898,13.449952046175312,-1.0
1741,-263.2236257426833,12.170064659467423,-1.0
1742,-260.12506087715656,12.486090241148222,-1.0
1743,-252.83656782179705,12.174113383365512,-1.0
1744,-255.1293365661091,11.674020269227752,-1.0
1745,-256.0961153720108,11.578444055406294,-1.0
1746,-258.10599235325765,11.59329508394929,-1.0
1747,-253.80406323773497,11.910182231288376,-1.0
1748,-262.9013314476167,11.926538999586784,-1.0
1749,-266.0659578620482,11.908212690756436,1.0
1750,-267.4802285996798,11.805189667386928,1.0
1751,-275.34147679578194,11.94879275322291,1.0
1752,-281.5608669768693,12.055513017926529,1.0
1753,-271.90850173789363,10.649450725667375,1.0
1754,-262.18626781234605,9.448923309115152,1.0
1755,-256.9686089060845,8.740009016849067,1.0
1756,-258.5005107172291,8.14770452263515,1.0
1757,-263.60270456893966,7.706551243794737,1.0
1758,-240.8763839555047,8.847243101814941,1.0
1759,-239.17823417506503,10.105074544962259,1.0
1760,-235.7651789627592,11.435939196582067,1.0
1761,-237.58596189999503,12.347893751489108,1.0
1762,-234.90983821584064,13.345117657735281,1.0
1763,-225.37294039768312,15.050301851163276,1.0
1764,-209.87333032765616,18.141015152597255,1.0
1765,-206.79100853765289,20.834590477492984,1.0
1766,-201.65584494561,23.40625431205259,1.0
1767,-193.96346639700877,26.228263937725075,1.0
1768,-183.96215424006036,29.113943109985833,1.0
1769,-169.30434391399103,32.514142621997316,1.0
1770,-156.53636654284736,36.09827255818453,1.0
1771,-146.15436981814787,39.05050166171367,1.0
1772,-180.74901783764253,37.68947357228586,1.0
1773,-160.71564083552536,37.64291786301788,1.0
1774,-154.7893887522108,37.95096612370055,1.0
1775,-148.13003269173737,38.34027998587571,1.0
1776,-138.79991816886889,38.46792509955908,1.0
1777,-137.78678008808336,37.17149280342793,1.0
1778,-130.57694903392485,37.429977425839475,1.0
1779,-114.19139232951184,38.26780468333961,1.0
1780,-89.93423967780808,40.58165018057068,1.0
1781,-88.36004071811047,41.421705992487574,1.0
1782,-55.17396065308935,44.52395744594716,1.0
1783,-35.15226393095787,48.737023034969056,1.0
1784,-16.921261674171376,54.05402629872973,1.0
1785,-0.0994396849108625,59.215256121884266,1.0
1786,16.859695451177743,64.29688516656076,1.0
1787,33.64376913289263,69.38188040491241,1.0
1788,57.9954517530596,75.33222931504356,1.0
1789,74.8312058074529,81.46267398957114,1.0
1790,96.3839079254496,88.07956665649697,1.0
1791,107.52573334455158,93.98087241238734,1.0
1792,110.03656985794656,95.68847025501954,1.0
1793,114.8832390171238,97.02247818965525,1.0
1794,135.05580004102808,98.23733016591488,
1795,141.23605750134465,98.19304428604022,
1796,149.16843558375615,97.24885866175735,
1797,158.23799633883243,94.70901446602707,
1798,169.59430196331874,91.09221884680423,
1799,176.1886915847766,86.87714756903787,
1800,187.6814485272276,83.29378920097014,
1801,204.4918436054936,78.3475196718163,
1802,213.1723003384286,74.8379146354611,
1803,208.6459669711634,70.58699476423243,
1804,220.29608479742197,66.73689844474727,
1805,226.48197140374444,62.82225428939486,
1806,238.1889265843893,59.36547177824763,
1807,245.47807491537384,56.09748980747989,
1808,246.6444109554654,53.529845847101825,
1809,253.5543202823349,51.47183726012315,
1810,259.6735699471631,50.42586811610055,
1811,258.7387505530021,48.99135110434259,
1812,272.33551850922424,47.442295225861805,
1813,275.6798555629891,45.115139195312416,
