index,NOC RH,Standard_dev,label
0,2.513042862405868,11.216833829149222,-1.0
1,-4.894928270643135,11.216833829149222,-1.0
2,-14.97812474016908,11.216833829149222,-1.0
3,-22.9612149840665,11.216833829149222,-1.0
4,-26.832830933407635,11.216833829149222,-1.0
5,-25.583236836719223,11.216833829149222,-1.0
6,-28.027943820455818,11.216833829149222,-1.0
7,-33.83683931388245,11.216833829149222,1.0
8,-34.2682789156389,11.216833829149222,1.0
9,-31.30311140782044,11.216833829149222,1.0
10,-29.73073376766068,11.216833829149222,-1.0
11,-29.386149664095825,11.216833829149222,-1.0
12,-31.47680305930217,11.216833829149222,1.0
13,-33.048671677525206,11.216833829149222,1.0
14,-34.38280799602676,11.216833829149222,1.0
15,-34.03210157208639,11.216833829149222,1.0
16,-35.4321366585113,11.216833829149222,1.0
17,-37.40172636777847,11.216833829149222,1.0
18,-38.98482593510988,11.216833829149222,1.0
19,-44.08091421589441,11.216833829149222,1.0
20,-47.42613631862285,9.379598609839476,1.0
21,-41.948593105002914,7.428472598109708,1.0
22,-35.02384841109159,6.144977651185962,1.0
23,-29.829417327234268,5.684478984577048,1.0
24,-23.78297410064341,5.9255390082290065,1.0
25,-13.085628707554491,7.343532985639432,1.0
26,-7.693912196422318,9.27027283973306,1.0
27,-3.1127113200246583,11.322164233467358,1.0
28,0.0672518649817703,13.209837774971009,1.0
29,0.7566277167122166,14.77510581919077,1.0
30,4.905761154475925,16.431045567287317,1.0
31,9.673845097837017,18.198618030623372,1.0
32,11.467232496264188,19.71160978257946,1.0
33,15.890303970307343,21.19960245457301,1.0
34,18.556605368820318,22.46761191863908,1.0
35,19.46855086489299,23.437589890369505,1.0
36,17.92179587403723,23.88404761126012,1.0
37,20.46284548173334,24.0450728817601,1.0
38,21.40580240709386,23.777976085386157,1.0
39,20.936711740659817,22.608381924617085,1.0
40,28.526184856810048,20.893813443329066,1.0
41,36.25000977592568,19.554258886332146,1.0
42,45.36185799436079,18.999266960694275,1.0
43,48.115958441493824,18.4487396666421,1.0
44,51.96726059451536,18.14230464474039,1.0
45,57.81228852569775,18.788704042633903,1.0
46,65.68904827010508,20.027683935663244,1.0
47,71.97022065028615,21.538460335666898,1.0
48,77.41782892417096,23.080166833116376,1.0
49,83.70704892326026,24.53442430728177,1.0
50,88.01358486695332,25.922604405580188,1.0
51,92.579064199152,27.31961099229502,1.0
52,95.61245510617186,28.3943464790086,1.0
53,100.79354544703752,29.52630581672062,1.0
54,103.05976101233875,30.353304670383032,1.0
55,105.75996546141825,30.814153754499554,1.0
56,108.0103321170547,30.666958335399485,1.0
57,113.92031126875128,30.45491388902615,1.0
58,120.5110896866848,30.04718705505078,1.0
59,122.8597681953826,28.87259982114398,1.0
60,124.97137680449796,27.695431264639897,1.0
61,131.76273235324135,26.94085638795209,1.0
62,136.88257163808416,26.64229972115698,1.0
63,140.6077893857343,26.084429622451363,1.0
64,145.38211259535748,25.44398924788418,1.0
65,153.64485352209363,25.238307107243088,1.0
66,154.99640616916585,25.042417505377262,1.0
67,160.96345834967974,25.157902270037756,1.0
68,163.60170479414202,25.208761925662497,1.0
69,165.99476950303108,25.27939749251417,1.0
70,174.50139992414947,25.74312342441685,1.0
71,180.36482389089323,26.356191032965935,1.0
72,184.0672135352652,26.779966975082505,1.0
73,193.53750388786716,27.714069618193296,1.0
74,201.03302824539333,28.688108220830525,1.0
75,204.26105784400204,29.29242553393412,1.0
76,211.8039060047281,29.886636962727376,1.0
77,220.9965319167795,30.90600912516733,1.0
78,229.56384888758595,32.299728236900144,1.0
79,232.9540070154345,33.1958800136419,1.0
80,238.35242885176268,33.7720251731789,1.0
81,253.6432100949682,35.33015091584105,1.0
82,272.6436392090261,38.058535133748435,1.0
83,284.0201971465044,40.84847201753887,1.0
84,293.6448007118977,43.528684821012796,1.0
85,308.75633770174943,46.88635295537672,1.0
86,321.26060502244155,50.043748371742254,1.0
87,333.3446681773908,53.21497986680985,1.0
88,335.3008151955484,55.172865720798804,1.0
89,354.60244531612506,57.56455651042508,1.0
90,369.9482505793745,60.340024386343934,1.0
91,391.16401023157647,63.788244291210674,1.0
92,411.3489301644783,67.48446612416325,1.0
93,426.3122642489536,71.19425706568875,1.0
94,440.36759396780633,74.64387771525281,1.0
95,445.1800162758293,76.65245083833489,1.0
96,456.4050332620188,78.18709735453204,1.0
97,466.910449429795,79.30723321355629,1.0
98,479.1336693490265,80.10211436035543,1.0
99,500.5548730106716,80.85459961419288,1.0
100,510.4885115065692,80.58353145917911,1.0
101,529.1600857844263,80.90001707852538,1.0
102,542.4634367164832,81.64798275037778,1.0
103,552.5483938166386,81.91631739993511,1.0
104,576.1010388883365,82.70499637067286,1.0
105,593.3427871688637,83.85021846953313,1.0
106,609.5819681773141,85.00348913437512,1.0
107,627.9130104528834,86.28004186210256,1.0
108,644.4873168371798,86.51040462497339,1.0
109,665.7972031107402,87.64259682281238,1.0
110,687.4720193013718,89.30699706012358,1.0
111,709.7061559239883,92.01336256437297,1.0
112,720.2895617415418,94.51209569477045,1.0
113,742.7385105065251,97.5306507847047,1.0
114,753.4712605960448,99.87799135232868,1.0
115,768.0537496220538,101.20609196524337,1.0
116,773.7017045344048,101.25393306515595,0.0
117,772.1815902420519,99.52842275449237,1.0
118,778.9167974405992,96.88901554228846,1.0
119,783.1151850122474,94.05756296355429,1.0
120,796.2710819756944,90.6634980346347,1.0
121,810.1056021249815,87.5510239119764,1.0
122,810.3972811918882,83.31199644944542,1.0
123,828.6122833709405,78.80737177918176,1.0
124,843.148071255001,75.21855237128774,0.0
125,846.633831141876,71.15490114908478,0.0
126,856.7363056111299,67.08042218028886,0.0
127,860.32599031243,62.808999664226455,0.0
128,872.2587909037027,58.88248000684744,0.0
129,879.9625294128962,55.64019018666844,0.0
130,902.1497559599436,54.5613888283206,0.0
131,919.6804532876578,55.36667864371633,0.0
132,909.911605330557,54.35201299211977,0.0
133,911.8934159034012,53.968756102829495,0.0
134,920.0896028766329,53.763401897522606,0.0
135,921.805065665528,53.59431034286161,0.0
136,921.9084538697462,52.74414632371243,0.0
137,925.9554080133056,50.856589879851306,0.0
138,934.828128094204,48.87879976156163,0.0
139,935.4183081163716,45.94888159444734,0.0
140,947.0013266572308,43.73086951690349,0.0
141,930.0175697844696,40.60626610881942,0.0
142,951.8112059636992,37.486302508112374,0.0
143,935.315980119904,34.07883690303397,0.0
144,944.388419306255,31.62896150393981,1.0
145,935.5511996605632,28.097501729064426,1.0
146,939.044564174865,24.820058337203918,1.0
147,927.9121394911114,20.49711362127049,1.0
148,940.1480731624084,16.89685398101148,1.0
149,939.68094576964,13.029586281127527,1.0
150,954.1787882267284,12.413520759554093,1.0
151,955.1723637186368,13.031952332616108,1.0
152,953.6042959757648,12.410835957176012,1.0
153,957.3816749203296,11.861247134088396,1.0
154,950.149244919818,11.288162851251325,1.0
155,958.3772351459406,11.135917567759552,1.0
156,954.4937771202144,10.418909164900123,1.0
157,960.857080512559,10.243267004495623,1.0
158,961.5792691338492,10.55044349901705,1.0
159,960.6534471775102,10.650780098180816,1.0
160,968.1426892934004,11.569912848469276,1.0
161,965.4706268507504,11.231903836887735,1.0
162,971.8807075714597,12.192276513924996,1.0
163,976.818488609237,12.775042515787689,1.0
164,997.4426049469156,15.859459117490847,1.0
165,1008.48619238199,18.900455237202948,1.0
166,1016.6106072794232,22.053389896234915,1.0
167,1017.9537820756634,23.45503188449791,1.0
168,1041.2422053055168,27.566674100108596,1.0
169,1051.4214956770854,31.405895774077425,1.0
170,1066.17005293918,36.327628255371586,1.0
171,1079.980763674089,41.36046352708637,1.0
172,1077.202512096243,44.5961683550461,1.0
173,1092.7349076857424,48.36035537139778,1.0
174,1116.3555734887789,52.724289724149344,1.0
175,1131.2380275218532,57.3990926171933,0.0
176,1163.1838609127117,63.36286358427287,0.0
177,1161.5696597697847,67.39023926102362,0.0
178,1157.7695520352092,69.42242006946957,0.0
179,1157.3082977064644,69.86057442619625,0.0
180,1150.0101877371735,68.9754130110614,0.0
181,1158.7297768083426,67.06526428896687,0.0
182,1160.7149404571528,64.32265830595006,0.0
183,1154.2836110680971,60.114369630569314,0.0
184,1161.743907789122,56.78030047510882,0.0
185,1164.3476115170783,53.243976936010526,0.0
186,1177.807124232741,49.811080069450625,0.0
187,1189.4545768122543,45.517659856991244,0.0
188,1200.893738437799,42.936304900664375,0.0
189,1216.5879300660097,41.12230096822876,0.0
190,1197.739512163087,37.926865257312194,0.0
191,1208.200391831633,35.614859401300265,-1.0
192,1211.5837309077008,31.648592125087994,-1.0
193,1208.5467913353216,27.778182162469783,-1.0
194,1205.7798777945943,25.374778823934538,-1.0
195,1202.304372635565,23.55861230264187,-1.0
196,1198.112547794974,23.507602591515994,-1.0
197,1196.1243347611382,23.181076463521535,-1.0
198,1205.3474389785924,22.79622507565234,-1.0
199,1205.160497103863,22.095739772746686,-1.0
200,1201.1449980060352,20.269429771574988,-1.0
201,1205.203362905729,18.96965818535901,-1.0
202,1189.1666140336415,17.37735587992253,-1.0
203,1192.8741866976295,14.530390789329646,-1.0
204,1190.1363788495155,12.09752307648558,-1.0
205,1192.3236139132166,9.242428735515741,-1.0
206,1188.709091075553,8.137147817575583,-1.0
207,1190.9822276014927,8.036835878298776,-1.0
208,1168.1330789208334,10.787269487166357,-1.0
209,1167.5571098170717,12.011898185266228,-1.0
210,1158.6344725368683,14.650644490673058,-1.0
211,1150.7552167744896,17.192808211866062,-1.0
212,1144.8281615589092,19.41088911609233,-1.0
213,1116.9285176620233,24.47864145763126,-1.0
214,1103.7742924745316,29.670572616029816,-1.0
215,1093.3602328349662,34.63767410453685,-1.0
216,1075.9516493340643,40.28065667179193,-1.0
217,1076.1020954093524,44.4185649153559,-1.0
218,1066.3764636722567,47.83071433383411,-1.0
219,1056.470430378464,50.901728663837915,-1.0
220,1050.4313864305848,53.47269233184282,-1.0
221,1051.326405615752,54.49630111129547,-1.0
222,1051.539200204155,55.47737666533947,-1.0
223,1036.4163699321389,56.332141157089424,-1.0
224,1028.9655504120428,56.77560759428244,-1.0
225,1006.5931578518004,57.52421462484019,-1.0
226,1003.701802479672,57.24612743633656,-1.0
227,986.6967323555068,56.488864184678526,-1.0
228,980.7292829626806,56.595420781144476,-1.0
229,984.075129826917,54.85444010167819,-1.0
230,974.4057891869132,53.06778349733868,-1.0
231,966.1974882371504,50.99197281383187,-1.0
232,960.8931432909365,48.117206306120984,-1.0
233,969.718084342364,45.899249439650994,-1.0
234,962.133877181428,44.19322299779671,-1.0
235,953.4145329294652,42.8766382389158,-1.0
236,940.9635500304728,42.92211957548782,-1.0
237,936.8525979204682,42.12916723894141,-1.0
238,924.897032219943,41.99130993990632,-1.0
239,899.4900034734765,43.80488872995558,-1.0
240,895.1026499893103,45.06004553959505,-1.0
241,890.4179667924666,45.21216088746107,-1.0
242,873.065835403037,45.39790126687555,-1.0
243,863.2693605398773,46.30519325068782,-1.0
244,860.705928745941,46.50308453740707,-1.0
245,855.734241290318,47.638480010551035,-1.0
246,850.7334626852429,48.156426710800176,-1.0
247,833.8232465733704,50.18435060099909,-1.0
248,830.6229643045306,51.64332367840271,-1.0
249,825.9469992892767,52.02250932930098,-1.0
250,816.9856735577572,52.62237212554693,-1.0
251,807.6462644035453,53.35666696723363,-1.0
252,798.6823733273253,53.95776027913788,-1.0
253,783.9594009466392,53.59918769268931,-1.0
254,771.5825469720912,53.33666422819421,-1.0
255,757.2332486817061,53.426878987144434,-1.0
256,751.2139706325618,53.43683509517301,-1.0
257,752.7866966275276,51.96197381873856,-1.0
258,772.2145558455239,48.741679815950455,-1.0
259,751.203375171241,48.016870020670495,-1.0
260,753.2744409918939,46.341696404133614,-1.0
261,745.8394390502126,44.381020657004804,-1.0
262,733.9935953356108,43.68613650400688,-1.0
263,725.3868170062539,43.36893834351981,-1.0
264,705.8368648525446,43.712521277928815,-1.0
265,699.9616119011167,43.61728268977754,-1.0
266,705.8375579269008,42.111879431424626,-1.0
267,696.1885159917379,41.72388649552843,-1.0
268,723.0565703296126,38.8852125397882,-1.0
269,713.9344809740003,35.922116463536135,-1.0
270,695.8037635298143,33.897184780899984,-1.0
271,676.8587207295982,33.23264231095053,-1.0
272,629.1608212171318,37.658497270057524,-1.0
273,598.4280894209423,45.078404097538886,-1.0
274,572.4903202230305,53.76616615929922,-1.0
275,550.5656791661183,62.89750576402048,-1.0
276,531.8145430050861,71.60345849475611,-1.0
277,516.2185051371862,79.24889833553516,-1.0
278,489.4040893004628,85.92188087626454,-1.0
279,468.846643738213,93.17073199819326,-1.0
280,449.0453484019862,99.46778660087752,-1.0
281,436.9778466158481,104.61396203551426,-1.0
282,406.8157640544068,110.5999489810317,-1.0
283,380.9657446855347,116.63793112497686,0.0
284,363.5245519811099,122.53933589513002,0.0
285,340.28586610563195,128.0064841998459,0.0
286,321.8955773007492,131.71710961685204,0.0
287,300.7360574286469,134.80417627141847,0.0
288,271.55566109658673,134.75971315225186,0.0
289,257.7097793790263,132.70178854668097,0.0
290,246.79093962286956,129.17010590615433,0.0
291,247.76227263880597,123.35090999605758,0.0
292,248.701199378509,118.48338746023715,0.0
293,247.08734203718527,113.45838227165405,0.0
294,243.86962660441597,108.16149490555962,0.0
295,245.433382318124,102.11275741175623,0.0
296,245.3403539278986,95.24189897492386,0.0
297,242.22093924788783,87.40622576830111,0.0
298,240.3185308794016,79.82728925654077,0.0
299,239.22871191872528,71.94688076855897,0.0
300,238.2553254470647,63.753921236865814,0.0
301,235.0282887098428,54.24587596971668,0.0
302,233.17825217147944,45.81363734809915,-1.0
303,232.45255184255583,38.19777712186981,-1.0
304,236.25929777934545,30.162159858244717,-1.0
305,236.6785921032387,22.89199231819131,-1.0
306,233.79173229888912,15.819666524713874,-1.0
307,232.17268785419304,9.546380299693057,-1.0
308,232.34784645153383,6.990762070031666,-1.0
309,232.10171119122884,5.991050111196408,-1.0
310,230.02621463550707,6.0821538595938085,-1.0
311,226.79877390567808,6.227028833934897,-1.0
312,225.08015570886357,6.243650172802722,-1.0
313,219.4821444944447,6.781019541034432,-1.0
314,214.42792622218448,7.864153430874881,-1.0
315,209.7693856346436,8.986589563980944,-1.0
316,204.0736149041801,10.33743066423677,-1.0
317,196.50995868340053,12.288874822056169,-1.0
318,191.14131052448425,14.319854886420234,-1.0
319,185.44869819875785,16.39465875483225,-1.0
320,176.11559578798804,18.898913134314306,-1.0
321,169.11422831870166,21.545148350749244,-1.0
322,160.7415201096961,24.380519361873212,-1.0
323,152.66633506545668,27.254979560550318,-1.0
324,143.3907699470303,30.002168604446187,-1.0
325,136.27410203264486,32.47330047651911,-1.0
326,126.97072215538373,35.05779999182167,-1.0
327,117.85587455344668,37.601694059393445,-1.0
328,105.91038075783077,40.206267552730445,-1.0
329,95.7931697497402,42.60424097675691,0.0
330,87.02594761961873,44.720742087468096,0.0
331,76.38057361438618,46.776460121436315,0.0
332,69.88649420559885,48.21172078483448,0.0
333,63.66735001504235,49.301447919824945,0.0
334,57.864926771287465,49.98163760620851,0.0
335,50.69451735234259,50.33570718989072,0.0
336,46.72656074961756,50.1779349877787,0.0
337,45.20654424773216,49.517855052609804,0.0
338,45.5011910736422,48.10155842187653,0.0
339,46.92706175246443,45.93235289126595,0.0
340,57.310165701812814,42.98624523938945,-1.0
341,55.06303337896839,39.773912018359454,-1.0
342,46.90278908706781,36.70685563581624,-1.0
343,44.891998210244495,33.461564398552916,-1.0
344,45.12720164985993,30.092030978624262,-1.0
345,43.143057281848165,26.462638115755734,-1.0
346,41.80466108065463,22.81025149070843,-1.0
347,40.27701504507413,19.146946208911036,-1.0
348,39.34746856948202,15.955729825682521,-1.0
349,35.263780766897376,13.330993524128807,-1.0
350,33.56535760915121,11.101042102061154,-1.0
351,25.68322530605457,10.349270466835042,-1.0
352,22.210576354932265,10.227884264992731,-1.0
353,19.44275939434716,10.607326032874456,-1.0
354,14.65121189414161,11.592751500092996,-1.0
355,8.101303873749327,13.307663421770968,-1.0
356,0.1265790297066971,15.561684222172783,-1.0
357,-7.245832224863555,18.063411593039948,-1.0
358,-11.023741218912228,20.275388645843606,-1.0
359,-18.28520450936273,22.54034519866992,-1.0
360,-24.834219548074607,24.12036634479355,-1.0
361,-30.77155555684192,25.648781984097898,-1.0
362,-31.18045080876325,26.99245289015914,-1.0
363,-26.10825060014969,27.452023522883266,-1.0
364,-26.98885658956293,27.464833748562864,-1.0
365,-29.275506079106883,27.271908194144363,-1.0
366,-33.58831018683533,26.941811294766957,-1.0
367,-35.536455186283426,26.29767247916731,-1.0
368,-38.871646979999,25.338445249691578,-1.0
369,-39.05778659917704,24.121397758737555,-1.0
370,-41.48390417090796,22.53550088961274,-1.0
371,-45.6334134445019,21.33605966886339,-1.0
372,-51.51855681656361,20.223658889208874,-1.0
373,-56.60518447901038,19.046643161600038,-1.0
374,-58.6849978077742,17.773392155697426,-1.0
375,-63.22292812424433,16.87510375430177,-1.0
376,-70.40258531625122,16.849845836661782,-1.0
377,-77.7180484849053,17.64639565582413,-1.0
378,-87.1587430794948,19.096493196909908,-1.0
379,-96.5440122309056,21.359132991632823,-1.0
380,-109.22214609942472,24.580385574861232,-1.0
381,-119.41887591084024,28.187891454853894,-1.0
382,-130.30831474272904,31.89651747664722,-1.0
383,-140.3234815597801,35.209707663876515,-1.0
384,-149.97553028032803,38.347640380398005,-1.0
385,-156.5831245046119,41.05131368612911,-1.0
386,-163.0216315570295,43.46556081740019,-1.0
387,-166.58157375086148,45.210650949709134,-1.0
388,-175.8287045414985,46.902424085751214,-1.0
389,-182.41268483311063,48.044608450488845,-1.0
390,-196.0630377587164,49.34390310243577,-1.0
391,-210.64065893750768,50.92894145074992,-1.0
392,-221.95196337250155,52.552135861393566,-1.0
393,-238.0657126051648,54.54356850562364,-1.0
394,-249.31280293418885,56.090103440661395,-1.0
395,-261.0563517618565,57.36684518187886,-1.0
396,-268.93539334418944,58.19440347633262,-1.0
397,-281.8318617287583,59.040374172534236,-1.0
398,-292.98558465757606,59.890151807333524,-1.0
399,-305.2399069304837,60.82217456759495,-1.0
400,-315.21600788715585,61.89669122643421,-1.0
401,-325.62007226065805,62.95315199296439,-1.0
402,-342.9687944885093,64.65896193031428,-1.0
403,-359.8760861941563,66.83485814084837,-1.0
404,-372.5135781807491,68.98603231513319,-1.0
405,-385.9140040470172,70.9151554188677,-1.0
406,-400.7889633215853,72.6858135498605,-1.0
407,-409.0759120836512,73.39806101783611,-1.0
408,-437.7656447477676,75.33233449959327,-1.0
409,-429.6469508940419,74.80142082103329,-1.0
410,-427.76332762667545,73.2940691466552,-1.0
411,-431.91254744080777,71.50638693496937,-1.0
412,-439.26480308645336,69.43764451312681,-1.0
413,-447.2624755300111,67.61341165274783,-1.0
414,-457.4819676808704,65.79774671347894,-1.0
415,-471.6903022990887,64.34131980246507,-1.0
416,-488.2490037630162,63.05868021083321,-1.0
417,-499.2568382621726,61.95202894697504,-1.0
418,-511.9762007401922,61.01121992224535,-1.0
419,-530.262184096056,60.846254048994616,-1.0
420,-542.4243235386768,60.6325759617825,-1.0
421,-555.3763057851781,60.466532782758016,-1.0
422,-558.8330958890067,60.1709727473828,-1.0
423,-571.4247993062712,60.630894066107416,-1.0
424,-585.1322872415249,61.55831942858181,-1.0
425,-601.6030983936932,63.248523925941804,-1.0
426,-633.9479515521319,67.32360242207919,-1.0
427,-655.5405327336113,71.91269849840138,-1.0
428,-691.3822265704845,79.72808484594158,-1.0
429,-724.8259682155856,87.76709547184102,-1.0
430,-758.6430440397247,96.03849221780489,-1.0
431,-785.1345890317527,103.82734036936763,-1.0
432,-831.108210553531,113.30721312082963,-1.0
433,-857.3112189326337,121.92361456998029,-1.0
434,-878.032975685806,129.2661946775717,-1.0
435,-896.3417707905277,135.4782521886797,-1.0
436,-913.9293751925466,140.76725296488272,-1.0
437,-943.2372301985318,145.82620028077386,-1.0
438,-959.18023448221,149.50419343832226,-1.0
439,-969.1739502660917,151.81361315348553,-1.0
440,-1002.1157673965988,154.20892410581823,-1.0
441,-1038.8534103330644,156.89406950210193,-1.0
442,-1076.955867299102,158.9924823319879,-1.0
443,-1113.4059780377745,160.80714003693546,-1.0
444,-1152.3438403438818,162.4261771313859,-1.0
445,-1190.1409808403828,163.75666871832098,-1.0
446,-1207.6797299332936,164.28876808677498,-1.0
447,-1258.4549151410693,166.14374001751762,0.0
448,-1290.017124159088,168.6510288944321,0.0
449,-1325.990957940313,172.00126648751677,0.0
450,-1359.7953333245343,175.963494576335,0.0
451,-1384.8438357567527,179.08146476821977,0.0
452,-1397.8211662328272,182.03040450761148,0.0
453,-1404.0611348879556,183.0135916190947,0.0
454,-1417.96379604856,182.45083889646247,0.0
455,-1447.7323972089994,181.35592718445625,0.0
456,-1445.262648971692,177.242719433456,0.0
457,-1451.921031648751,171.96968955424404,1.0
458,-1469.5856318991327,165.1058397875998,1.0
459,-1461.2959126802596,154.19139021202207,1.0
460,-1442.9557760742046,141.10152098759022,1.0
461,-1419.6709205987188,126.55745145194027,1.0
462,-1403.717847194545,111.57504196164703,1.0
463,-1395.2157375799416,96.61892455049879,1.0
464,-1410.8227265125936,82.78743108191833,1.0
465,-1382.5716655435006,69.81921008196255,1.0
466,-1357.5048124553705,56.031710196486,1.0
467,-1344.3841156105104,47.55381494288371,1.0
468,-1319.290275765671,44.30900627329336,1.0
469,-1315.5000637946196,45.30850981124981,1.0
470,-1296.2498551256533,50.342486574278546,1.0
471,-1282.2160063481565,56.63599908713351,1.0
472,-1247.7289438368111,65.28695751669798,0.0
473,-1231.5627631647642,73.60892621745589,0.0
474,-1208.9061601821245,81.88739777402799,0.0
475,-1182.7461477947936,89.19811840320308,0.0
476,-1196.8422740603569,92.9581893085248,0.0
477,-1212.6511177778414,93.33223274172101,0.0
478,-1211.473670888034,90.68768162082675,0.0
479,-1205.3428821877262,87.11879140942013,0.0
480,-1205.6692580448753,83.17669741893747,0.0
481,-1215.716614037118,79.0355473320269,0.0
482,-1267.6301652645848,73.61422068582678,0.0
483,-1277.5492127802945,67.94233285465451,1.0
484,-1285.084610427351,59.36749804199983,1.0
485,-1285.285717375493,52.59646588559186,1.0
486,-1286.8893114197656,47.66667136907146,1.0
487,-1280.8401964353948,43.23205256677135,1.0
488,-1293.3830709774115,41.420755796786494,1.0
489,-1292.681438068864,39.788139376494605,1.0
490,-1269.412515885102,38.51900990752948,1.0
491,-1275.4948621813237,38.223607345030636,1.0
492,-1272.9292024156407,38.673936260158456,1.0
493,-1263.048050442365,38.614490334208426,1.0
494,-1255.796154883714,37.42665280114379,1.0
495,-1247.3572312019053,33.75912555651709,1.0
496,-1237.895785681928,31.183187423371173,1.0
497,-1232.878833933569,29.969871703115736,1.0
498,-1215.8663806052257,29.624147893839325,1.0
499,-1208.1725337495943,29.363337490377116,1.0
500,-1211.2338870408746,28.85862923365052,1.0
501,-1183.7018789438368,32.07979921951288,1.0
502,-1172.491956657292,37.10510677824925,1.0
503,-1158.0497015880312,42.12412336227187,1.0
504,-1139.7349814933184,47.32094526570888,1.0
505,-1136.4614519934012,51.225663902123884,1.0
506,-1135.8355200926817,53.73688592333992,1.0
507,-1127.0286930436737,56.15081289702041,1.0
508,-1120.159237248229,57.01621070170288,1.0
509,-1160.486106545543,54.25530655346972,1.0
510,-1114.2782522725588,55.07353020184595,1.0
511,-1107.1027227798688,54.74044304540074,1.0
512,-1095.7587362067236,54.098256631114715,1.0
513,-1087.1665319946214,53.52413302815478,1.0
514,-1079.505564721484,52.705675534962765,1.0
515,-1110.9386088237925,49.32798877245336,1.0
516,-1107.6912069843274,45.82626738590587,1.0
517,-1101.3391608710117,41.851296701533414,1.0
518,-1100.8709198756144,38.44532491178408,1.0
519,-1086.419658338011,35.41943416205476,1.0
520,-1064.306890343176,32.06643082904913,1.0
521,-1048.1395009999603,32.10126462093547,1.0
522,-1038.1532806688074,32.97205543860572,1.0
523,-1036.7590551660765,34.02675808600781,1.0
524,-1032.4746671843727,35.82424616887469,1.0
525,-1002.3066009743684,39.891225557754375,1.0
526,-989.3830740596802,43.86073043137264,1.0
527,-1004.60418283486,45.538106817053546,1.0
528,-1011.9807578773932,46.235154699616,1.0
529,-992.2322021532532,43.960862325971114,1.0
530,-986.9761386687323,44.979484752460884,1.0
531,-983.9999005935498,45.77572044519655,1.0
532,-983.8169307168096,46.47365109364695,1.0
533,-973.202999719504,47.67385801505391,1.0
534,-963.7790849209932,49.21028752987122,1.0
535,-928.7976567817524,50.4695739394875,1.0
536,-926.333015964492,50.52923236701999,1.0
537,-909.432715185572,51.048318550661456,1.0
538,-911.6387350914129,49.505724897225235,1.0
539,-912.5027426732008,47.60696684280221,1.0
540,-915.7691833103112,46.15441771169591,1.0
541,-910.0967134028286,45.36771158369116,1.0
542,-922.1558648891992,43.67520887067254,1.0
543,-914.1998204416592,41.61330017742564,1.0
544,-903.8762535178134,39.509742498278605,1.0
545,-907.2060135999252,38.89952714916604,1.0
546,-887.823789778098,39.77686713512776,1.0
547,-880.2196513178278,39.279969036338066,1.0
548,-872.366457623147,37.487736456270504,1.0
549,-863.5398299473634,37.16436429709455,1.0
550,-862.8392525232401,36.252291937098725,1.0
551,-858.1711864039537,34.84550193665877,1.0
552,-858.923802144832,32.07467508452704,1.0
553,-856.4708881130916,29.351867738204906,1.0
554,-848.2830163501601,27.06520323104909,1.0
555,-831.1835772409823,28.91916983803468,1.0
556,-826.8429175619586,30.432482907453384,0.0
557,-826.3396119594297,32.20772557126702,0.0
558,-813.5742605115031,34.2975862915993,0.0
559,-805.8018453170137,36.178055725311175,0.0
560,-805.0580539629801,36.99079266008006,0.0
561,-794.6836562687162,38.19827044485061,-1.0
562,-789.7809184593824,37.77647798646549,-1.0
563,-799.9812722970267,36.21878664063291,-1.0
564,-793.5884206137943,35.10525745644759,-1.0
565,-802.8070174293525,32.08219669719642,-1.0
566,-790.8702159800341,30.80718996890101,-1.0
567,-792.7109397296126,29.338974407207488,-1.0
568,-787.1002828315889,28.220285083003045,-1.0
569,-783.7813467150957,27.431742840149763,-1.0
570,-788.948889166846,25.779771233595888,-1.0
571,-823.5730473302142,23.64340284110487,1.0
572,-852.8423869592972,23.02587752139912,1.0
573,-855.5491104068503,22.93018719874881,1.0
574,-852.8651715918668,23.344970578258174,1.0
575,-853.690709271809,24.867355035331666,1.0
576,-847.9086267442048,25.9507924339362,1.0
577,-815.9577900259633,25.774686136092622,1.0
578,-768.4946617040229,27.58804383500185,1.0
579,-773.7131390538428,28.771116497763288,1.0
580,-795.6594142252944,28.910072421560447,1.0
581,-752.8582068306587,31.35092392985201,1.0
582,-766.6946367517597,32.39243177504451,1.0
583,-765.4679527106045,33.57063484957711,1.0
584,-768.4471769056792,34.4117905934558,1.0
585,-765.6566501164757,35.355499386544594,1.0
586,-768.7363171231788,36.00143343714685,1.0
587,-746.7792581605929,37.843822985732096,1.0
588,-723.7041405994422,41.19965891164132,1.0
589,-710.2489758243108,45.205103385312505,1.0
590,-694.4728359404788,49.991448755874636,1.0
591,-696.0310860506811,52.88534802943202,1.0
592,-696.3180835571255,52.93136982026261,1.0
593,-683.7215422161472,52.42176650529447,1.0
594,-664.6662256273277,52.21362805145523,1.0
595,-633.1578494066933,53.10057162109772,1.0
596,-639.6203914430951,51.6273593443153,1.0
597,-640.418046584383,51.438019459008736,1.0
598,-620.6634189098038,55.014805191106916,1.0
599,-624.6490931246904,56.76167533254592,1.0
600,-614.1295301394468,56.50285427535922,1.0
601,-613.9687044519364,58.02656079762212,1.0
602,-595.4290858024998,59.03285633431317,1.0
603,-585.072308693442,59.598581656940695,1.0
604,-565.2128700266801,60.0248670732216,1.0
605,-559.8277358361188,59.34328958793618,1.0
606,-544.7548543416415,57.6292738261283,1.0
607,-551.0041985566734,55.60110441683802,1.0
608,-544.5819316681868,54.614430100812186,1.0
609,-527.2730637206236,54.713443012474706,1.0
610,-497.8223318608593,57.24366214581734,1.0
611,-497.3525425101648,57.835623373466724,1.0
612,-498.3473000325951,56.505213795909725,1.0
613,-477.5072671441378,56.37327336891736,1.0
614,-440.2317725688104,59.772795113641855,1.0
615,-437.9866274256887,63.618826004255986,1.0
616,-432.8896973026757,65.70027266744603,1.0
617,-429.6776123819655,66.22821286029081,1.0
618,-431.6582703500831,66.53289221953467,1.0
619,-430.3526305632389,65.15225820058625,1.0
620,-412.4509290338454,64.40205832650882,1.0
621,-400.7993190891699,62.806900237315254,1.0
622,-391.9334259345525,61.81737382516969,1.0
623,-387.7445776939724,60.371612297716084,1.0
624,-390.58545814758,58.93965928925986,1.0
625,-385.7046713015648,56.9017179062767,1.0
626,-382.81901214560463,55.02817642534578,1.0
627,-384.1506525499146,51.000828688825194,1.0
628,-383.6872919154508,45.922288963401655,1.0
629,-381.60921783318406,41.16239909191581,1.0
630,-375.400563904654,38.59228485510645,1.0
631,-371.898614985342,34.981415787916504,1.0
632,-356.0481902668212,30.550894928902668,1.0
633,-341.4002284586058,28.463129521229348,1.0
634,-338.9130867399186,29.44768141821318,0.0
635,-316.39888597539226,31.979827170148226,0.0
636,-316.02381079429523,33.65315999167612,0.0
637,-299.1571347148923,36.16839849232528,-1.0
638,-296.30996960155124,37.43985077811566,-1.0
639,-310.5883593675356,36.36454437823192,0.0
640,-306.62110276323165,36.21095851342816,-1.0
641,-317.4258570236403,35.5620065471396,0.0
642,-335.77983473473176,34.41839377681277,0.0
643,-337.52422622431004,33.24837319205244,0.0
644,-341.6474167553596,31.584759619073854,1.0
645,-344.4420988215666,30.02319236790004,1.0
646,-338.5792699373976,28.436975757788883,1.0
647,-346.2131940372953,26.514815538096254,1.0
648,-349.12012467467514,24.40802739481127,1.0
649,-355.114116590317,22.445549335792286,1.0
650,-361.74973478652834,21.323218585378932,1.0
651,-361.7958694416064,20.482444992936447,1.0
652,-355.470082379115,20.449394167140976,1.0
653,-354.19761772252025,20.90431164301456,1.0
654,-355.6202739339021,21.431683231231094,1.0
655,-348.70335186696656,21.17264788696215,1.0
656,-336.48654034904223,20.612803563930413,1.0
657,-341.2855027292276,18.521046157788735,1.0
658,-335.27374546433305,15.518942224280194,1.0
659,-332.767934429327,13.886697372173428,1.0
660,-324.98855135865847,11.822744214119187,1.0
661,-305.9889365026942,13.340152830570812,1.0
662,-298.7029028168088,16.595483326516938,1.0
663,-290.9903558757987,20.052295260983882,1.0
664,-276.6775546767643,24.387461962217287,1.0
665,-255.2295922858521,30.177399170009732,1.0
666,-200.42167825885696,41.93363825453519,1.0
667,-185.5337352679251,51.762606305813435,1.0
668,-166.22053960225782,60.99362074381912,1.0
669,-140.44925176849824,70.29016527496474,1.0
670,-129.05638996481375,77.76899366214747,1.0
671,-105.1796713254508,85.20910312260676,1.0
672,-81.69469537011469,92.74519375450093,1.0
673,-61.20301234978689,99.67704761463702,1.0
674,-33.682497511299886,106.40653148173965,1.0
675,-11.739429446391313,112.70078270725888,1.0
676,-0.1099813358462427,117.916546152666,1.0
677,13.015634524653109,121.17159789464644,1.0
678,26.637489534836803,123.1640268071663,1.0
679,39.64013791179468,123.5096856673953,1.0
680,55.55077357116491,122.72826037750046,1.0
681,72.5784376653446,121.7883027857693,1.0
682,87.46076598250018,119.46282795810488,1.0
683,104.070082590831,115.71926567804302,1.0
684,121.33897798715844,111.06234471788785,1.0
685,137.76988146191698,106.1012258808074,1.0
686,146.88523272662692,103.90965693072333,1.0
687,165.60880564441803,101.52660950448575,1.0
688,190.19380530609487,99.85273347031641,1.0
689,200.1162035023114,98.30368454682504,1.0
690,215.6993302751731,96.02398187296244,1.0
691,228.2808100019544,94.004351956425,1.0
692,248.8592364363642,92.98043242397414,1.0
693,258.7383038143988,91.78114643550566,1.0
694,269.90837116066905,91.28845751630335,1.0
695,285.2670784358108,91.42765547173212,1.0
696,289.2874374145347,90.41890590809884,1.0
697,313.6102753094584,90.05998207889745,1.0
698,340.44080293778023,90.57547735272517,1.0
699,355.0755050540695,90.74151699451988,1.0
700,380.66848972070864,91.79978443800226,1.0
701,395.2332006673549,92.76525613257509,1.0
702,410.26348824109857,93.5070419567721,1.0
703,428.899505343119,94.50697143565057,1.0
704,450.7676825029203,96.09169985023708,1.0
705,474.453103512708,98.30056308129406,1.0
706,497.5325287709759,100.34996603437632,1.0
707,516.13958165171,102.56220724942357,1.0
708,536.7911162241446,105.60404241989335,1.0
709,565.4903674639368,108.98559314054809,1.0
710,586.6814677405519,112.3111383878042,1.0
711,597.8177660936121,114.40289479037533,1.0
712,617.6024705517287,116.73976713992772,1.0
713,641.7196094406888,118.81421184903905,1.0
714,664.3145013011047,120.47439149658614,1.0
715,684.2153979608593,121.75121213442259,1.0
716,701.8502009281684,121.37691924023234,1.0
717,722.3476176622635,121.33830374485227,1.0
718,738.4715274802306,121.5263763802571,1.0
719,756.2487441029008,121.05915797345098,1.0
720,777.305803458752,121.17908271711146,1.0
721,790.0001905866793,120.23931468573275,1.0
722,811.1857122061608,118.96123442884291,1.0
723,830.8593259641657,117.5008805087896,1.0
724,837.9889185354941,115.15467266756404,1.0
725,833.4056771188438,111.40299975350665,1.0
726,848.8616001616331,107.86369241545792,1.0
727,851.5808246887373,103.26611313995403,1.0
728,866.3752888187381,98.7330946478742,1.0
729,867.962436533528,94.2704895471276,1.0
730,882.1707157669779,90.1724293515998,1.0
731,893.4957100203623,85.23075509059665,0.0
732,912.876146740718,80.92061009199588,0.0
733,927.9067109099932,77.49707112852062,0.0
734,949.4477480168656,75.49239656689822,0.0
735,940.5039660166576,72.15313093585361,1.0
736,922.8018821154312,67.10253616566678,1.0
737,945.02603974338,63.51895648773832,1.0
738,951.4345349698528,59.96163992453478,1.0
739,983.4413357475396,58.812610094260016,0.0
740,990.7240598643888,58.323160312030076,0.0
741,1000.029308320958,57.91644105012646,0.0
742,1005.957382256846,58.145794792670564,-1.0
743,1011.2201970862418,58.85784662116163,-1.0
744,1008.4054027552844,58.51798644726573,-1.0
745,1011.1047519945078,56.589313542429615,-1.0
746,1013.9086097194432,54.8261183088537,-1.0
747,1020.6571382812476,52.3473720436213,-1.0
748,1018.2924119427388,49.725331892499945,-1.0
749,1007.1705270393916,45.28632707402268,-1.0
750,997.2015404538112,40.6330925392234,-1.0
751,981.3761277428752,35.747274118070685,1.0
752,1004.5785579613372,32.41363171105842,1.0
753,1020.716331083676,30.460794418769083,-1.0
754,1050.188315749711,31.839450524709747,-1.0
755,1049.8393149602953,31.51269285775209,-1.0
756,1051.9984343753652,27.960697585310193,-1.0
757,1056.6921792366809,26.20375628637302,-1.0
758,1046.5454043136551,23.132530424279132,-1.0
759,1045.548936172862,22.623891727536552,-1.0
760,981.8332739071122,23.298588374351947,-1.0
761,922.4683593180096,31.619999230259427,-1.0
762,893.2183626969278,41.785450674663814,-1.0
763,823.4086570704854,58.97969973757437,-1.0
764,798.933535139887,74.11391559660541,-1.0
765,769.9724560791573,88.65067367917801,-1.0
766,773.9977707481271,99.11150808183851,-1.0
767,766.207070079168,107.65316003361445,-1.0
768,767.3224501446113,114.07830163185572,-1.0
769,769.476614015659,119.03644768110492,-1.0
770,776.7088160539481,122.50612180729651,-1.0
771,763.554666336682,126.16121703774031,-1.0
772,762.1682698756537,127.89146511146194,-1.0
773,737.9176269215181,128.83682741215412,-1.0
774,724.0055125034328,126.84243294070359,-1.0
775,707.5541538989352,123.50886731633602,-1.0
776,695.3467510946726,117.97234794975122,-1.0
777,678.1091628476188,109.61635218245947,-1.0
778,652.4377681392639,99.88799446645173,-1.0
779,631.9736365973334,86.17940458062185,-1.0
780,618.4855433829416,76.93815880253182,-1.0
781,602.3785287676176,72.71388155155282,-1.0
782,591.3201174547496,69.55135006511956,-1.0
783,564.1129257347973,73.43045180982273,-1.0
784,558.895097087079,77.23464101603122,-1.0
785,540.7369066277167,82.44973335355839,-1.0
786,528.9763119714137,86.49872747659421,-1.0
787,528.123993545176,89.17595745587661,-1.0
788,516.6401600397625,90.89514653813112,-1.0
789,524.3278207021134,90.0988951454245,-1.0
790,515.6906270491786,87.38412557548519,-1.0
791,529.6142663059888,83.00576438501837,-1.0
792,521.3049893394762,77.09610318358217,-1.0
793,521.1529340398914,71.48202760188975,-1.0
794,507.8978410947707,65.88554831745844,-1.0
795,491.71136007567367,60.81523303228651,-1.0
796,474.7807291603839,55.919316302235686,-1.0
797,465.0300741496152,51.325940542592164,-1.0
798,447.48009807649214,49.00282249285835,-1.0
799,423.8153065126559,49.211033612603735,-1.0
800,391.9400327212646,52.20833931438319,-1.0
801,359.4861225823284,58.0720557862784,-1.0
802,355.02776546798987,62.42155903696315,-1.0
803,346.9829822886094,67.24440216806684,-1.0
804,337.4988824379942,71.240957043966,0.0
805,330.0880669525455,75.13886914884978,0.0
806,319.3063131458213,78.93426572717965,0.0
807,302.1701495679906,82.55724345874296,0.0
808,299.4395339509724,85.36573528348355,0.0
809,298.677218316077,86.20931533175435,0.0
810,293.16085686013105,86.47596666550598,0.0
811,292.1177927837158,84.1351270878067,0.0
812,286.75740640351205,81.00427106391265,0.0
813,279.8223723672644,76.27259437756777,0.0
814,275.72745232695047,70.88218099871534,-1.0
815,268.0417272078719,65.36679707138455,-1.0
816,261.2856160443268,59.80035397209077,-1.0
817,264.17448343059664,52.66992836761313,-1.0
818,266.8646209867186,44.86555097133533,-1.0
819,255.85261445036105,38.17738738777453,-1.0
820,253.97385415382308,33.69459321403038,-1.0
821,248.06209396946872,32.04664160651801,-1.0
822,249.21502175908947,29.698862266981987,-1.0
823,241.9590533901398,27.64857256281203,-1.0
824,239.12812713064665,25.795741480412822,-1.0
825,234.66883038781597,24.089816689965033,-1.0
826,226.38621687984755,23.337267782352207,-1.0
827,216.5113001991168,24.356656832260455,-1.0
828,214.0060168064048,25.036271227761787,-1.0
829,209.87815084681543,25.374107798755592,-1.0
830,202.0551762318135,26.117968955277338,-1.0
831,187.29617810612203,27.55631963772393,-1.0
832,178.6445657563275,29.29379037735006,-1.0
833,167.76472910381963,31.633019585127187,-1.0
834,168.71467605410572,33.05712670577711,-1.0
835,164.1956044286119,34.51457941659157,-1.0
836,161.7521882574266,35.78505619799033,-1.0
837,160.18209299665165,36.20731568678057,-1.0
838,158.2283578211593,35.74533309309492,-1.0
839,157.57334437563915,35.41879849271349,-1.0
840,151.78466522054177,34.89495504462448,-1.0
841,152.13247559210947,34.075773118066785,-1.0
842,153.22084046354024,32.32358118521703,-1.0
843,147.7728862732344,30.765215229623035,-1.0
844,147.68006467591258,28.643322930905697,-1.0
845,142.42712848709672,26.3789599641147,-1.0
846,140.44714822281986,24.205254036507682,-1.0
847,132.79314595417335,22.77365993111631,-1.0
848,129.916710996647,20.92298077822276,-1.0
849,124.07364830201504,19.024192319572798,-1.0
850,114.96081683898178,17.970337447207434,-1.0
851,106.05064824596197,18.755901621350635,-1.0
852,100.65734752123124,20.110866980247675,-1.0
853,96.91372182860115,21.887694478214442,-1.0
854,91.1981577336989,23.449799191334197,-1.0
855,80.50751154323058,25.648478748255428,-1.0
856,71.70949418320535,28.03748693500829,-1.0
857,67.4050643699964,30.03833415383539,-1.0
858,58.76195516286978,32.12530883710748,-1.0
859,49.708162522432815,34.19049113913044,-1.0
860,44.07304419101253,36.185704525495616,-1.0
861,32.705332251065315,38.24885479288538,-1.0
862,28.270604270400653,39.56384878250203,-1.0
863,19.180609217425,41.02679563161295,0.0
864,10.957237016788396,42.106241173138365,0.0
865,4.397506038172537,43.00635518718512,0.0
866,-31.46447245606059,46.33723604021513,0.0
867,-33.58709365686441,48.70986422612319,0.0
868,-34.739378147528214,49.872826835663744,0.0
869,-25.89247224278391,49.435253370186494,0.0
870,-28.29098235596521,48.77077991674491,0.0
871,-31.007172712263483,47.94706568938317,0.0
872,-26.47206396444525,46.2858769497026,0.0
873,-21.42858229111586,43.727803569224164,0.0
874,-15.22614869130831,40.48916192053917,0.0
875,-14.992327753370986,37.3688895961662,0.0
876,-19.0690105995984,34.38777066762075,0.0
877,-17.958958928497708,30.92160082221642,0.0
878,-13.40288818935528,27.39309518636251,0.0
879,-18.298040870792832,24.110517090221258,0.0
880,-23.46353197137678,20.681430320051934,0.0
881,-28.087786290091916,17.891352901392324,1.0
882,-30.084102741292654,14.773316075815288,1.0
883,-19.65238561504937,11.738801038549234,1.0
884,-20.35475521774913,9.04760629960066,1.0
885,-23.658924891513507,6.474361301183985,1.0
886,-22.782021177250087,6.2236166507365285,1.0
887,-25.038660164194496,5.765472232531678,1.0
888,-25.273352345781063,5.1008415443257755,1.0
889,-18.80791414573659,5.1004322632702115,1.0
890,-18.519527633880383,4.948737190498581,1.0
891,-19.65646457232579,4.448191930878254,1.0
892,-20.836915342020177,4.265481926762558,1.0
893,-19.23518171947765,4.277451839376516,1.0
894,-18.18791630138432,4.125824057678099,1.0
895,-15.27364349766124,4.105166088008568,1.0
896,-14.978260362580317,4.297653544194444,1.0
897,-5.628508380662197,5.440626393323327,1.0
898,0.0667775168383286,6.936305433296366,1.0
899,-0.0837922759503726,8.17246541597388,1.0
900,4.62998008360961,9.565812436125356,1.0
901,9.901024575744614,10.936761641488282,1.0
902,26.960748612382204,13.884518565732138,1.0
903,34.8063575522856,17.292700023996826,1.0
904,44.51967735461941,20.880907817345857,1.0
905,59.12311104895903,25.057148842633474,1.0
906,72.53762825725201,29.593706782914925,1.0
907,81.56966435987547,33.68148036369277,1.0
908,91.09059406205978,37.48813168420239,1.0
909,100.37969990210443,41.32553204282033,1.0
910,112.06552836748304,45.11789822008227,1.0
911,129.6905551352885,49.29639489887198,1.0
912,139.318067049758,52.85786109105802,1.0
913,148.18849843555543,55.87696643291703,1.0
914,162.44016754332273,58.79123562621081,1.0
915,177.47035633988298,61.689971964677326,1.0
916,185.5007560364049,63.63415707104835,1.0
917,196.3584712889196,65.54148867680726,0.0
918,221.140868263073,68.36553397261137,0.0
919,228.9621338357528,69.90566267313423,0.0
920,236.39338346554672,70.49383129000019,0.0
921,246.38326949228383,70.3717621806185,0.0
922,252.86258860035804,70.29047312572492,0.0
923,258.50831524393755,69.45210438639099,0.0
924,261.0984223490676,67.81946217323308,0.0
925,264.10056192658686,65.95384456505445,0.0
926,260.680410032742,63.44418599549645,0.0
927,260.2260597860119,60.207969131220295,0.0
928,266.81007516633935,56.71408223208741,0.0
929,272.7938949055788,52.880016852822145,0.0
930,274.02578204160983,48.674242953278466,0.0
931,277.9659334356026,45.00441439289776,0.0
932,280.7367337309616,41.01196387886122,0.0
933,282.8474424153258,36.53730253472986,0.0
934,279.94594713007245,32.00608965015534,0.0
935,285.8696886479072,28.159894644666295,-1.0
936,284.74714775595726,23.726789449290823,-1.0
937,286.434918096727,19.203982749863574,-1.0
938,290.57898431926174,17.19536056637927,-1.0
939,289.59132723666335,15.260955545823634,-1.0
940,291.8829403145764,13.670214679785712,-1.0
941,289.1491090560383,12.517185428546634,-1.0
942,291.711624691652,11.806541710846888,-1.0
943,291.0801483897062,11.286097813568446,-1.0
944,290.5770666123341,10.72023125530249,-1.0
945,290.6991284589572,10.204694754050669,-1.0
946,302.2736470113082,9.881990062449297,-1.0
947,299.48054098224736,8.745006761784937,-1.0
948,291.88188716315267,7.573992358448234,-1.0
949,283.9197413838715,6.831321540485367,-1.0
950,278.97763927416975,6.381916435684669,-1.0
951,262.30314594249063,8.340701279965105,-1.0
952,249.32940665279185,11.847782476563921,-1.0
953,241.67012818145025,15.406397071509229,-1.0
954,233.13770333034427,19.103337585269088,-1.0
955,233.90955027216177,21.78861860295624,-1.0
956,227.7161667218529,24.512620432784807,-1.0
957,226.09329831217457,26.748281835880803,-1.0
958,212.92956244352308,29.523015593043016,-1.0
959,206.35808973438395,32.20014957168125,-1.0
960,196.0285473830956,34.96460861063634,-1.0
961,180.09591074977786,38.49803610140645,-1.0
962,175.56586130726274,41.25229611635961,-1.0
963,172.12638903783397,43.34291117820647,-1.0
964,170.57573106026922,44.66018640769598,-1.0
965,161.77708503191394,45.754739077826045,-1.0
966,160.08663397435274,45.024796468810045,-1.0
967,154.8931673369258,43.72082845177761,-1.0
968,142.189447759695,42.84544153953283,-1.0
969,139.64448061079415,41.60371467141225,-1.0
970,131.32580872407237,40.164326449891654,-1.0
971,125.96501173729868,39.505983616945535,-1.0
972,120.46831176154872,39.32540082898347,-1.0
973,115.8784984148389,39.10740710248628,-1.0
974,108.49401915434098,39.17550545535182,-1.0
975,103.21202280727051,38.516390037329174,-1.0
976,103.9442345129587,37.251965855931736,-1.0
977,104.19997011213636,34.976105512332964,-1.0
978,105.819729220849,32.85441124491993,-1.0
979,107.79283077657593,30.28999314163041,-1.0
980,111.30611287687718,27.709679747385525,-1.0
981,106.92290096104364,26.19936264736367,-1.0
982,105.46234302082614,24.577906861508094,-1.0
983,92.78172314151116,23.38803469283133,-1.0
984,89.09140428000559,21.826073997747223,-1.0
985,79.53702217251312,21.192123761049274,-1.0
986,70.92671844211864,20.67998626350843,-1.0
987,65.98601516332695,20.298712683890756,-1.0
988,58.38425844617621,21.18451422935594,-1.0
989,49.39598028509897,22.400885626127316,-1.0
990,39.78952439095394,24.45691856781116,-1.0
991,27.474924481053137,27.279529938371493,-1.0
992,25.875475639547943,29.524413497708608,-1.0
993,16.72754574722248,32.038907791094594,-1.0
994,12.272872102029652,34.45582467082046,-1.0
995,2.9156605286384547,37.15011551224556,-1.0
996,1.6523406897835855,39.05408635574158,-1.0
997,-5.328879057334092,40.72214947845346,-1.0
998,-5.61972010377454,41.486028703456284,-1.0
999,-13.843074217456971,41.89320687319724,-1.0
1000,-19.74204765470654,41.48410903453066,-1.0
1001,-23.142959219073248,40.63238285205515,-1.0
1002,-22.285176122455027,38.725677584847446,-1.0
1003,-29.508578135173,37.44959444214913,-1.0
1004,-33.66237662812506,35.72699673225878,-1.0
1005,-43.18215699985333,34.55899116531078,-1.0
1006,-41.95876587737399,33.05609766988956,-1.0
1007,-47.910911390761925,31.424538456597446,-1.0
1008,-50.047028413298335,29.6560102033855,-1.0
1009,-56.90743595047064,28.32273034726083,-1.0
1010,-63.82333596796087,27.562588466137907,-1.0
1011,-75.29487642235662,28.114113083387966,-1.0
1012,-71.89833868194742,27.545781447674813,-1.0
1013,-82.16041148918987,27.86791381188198,-1.0
1014,-89.64317547287828,28.375950382976914,-1.0
1015,-104.88614919382252,30.25723150745953,-1.0
1016,-114.16308089332593,32.09517743735738,-1.0
1017,-127.0153932743842,34.662378620052024,-1.0
1018,-125.81098209403667,35.8952835876413,-1.0
1019,-129.7637257322234,37.07602728829589,-1.0
1020,-140.2895999045173,38.64486474663672,-1.0
1021,-142.7061593916302,39.652352344428174,-1.0
1022,-154.4456471286692,40.59122696491661,-1.0
1023,-160.77411294166782,41.53438859413314,-1.0
1024,-168.11063883141168,42.32891250533839,-1.0
1025,-176.49906519418013,43.46863892545323,-1.0
1026,-181.25166344624407,43.790832557584494,-1.0
1027,-175.18067981853292,43.049406947769214,-1.0
1028,-183.62673999679623,42.05206923046966,-1.0
1029,-192.6028790226173,41.2201824743277,-1.0
1030,-191.48299119387104,39.80455306977735,-1.0
1031,-188.06107254334668,38.20354648070711,-1.0
1032,-195.24686858132665,35.649068360121106,-1.0
1033,-195.6522770336113,33.01909448476013,-1.0
1034,-202.58076316374675,30.478074476241122,-1.0
1035,-210.23631697642517,29.066375314759075,-1.0
1036,-216.31670734804743,28.109292248712478,-1.0
1037,-219.01821052346776,27.73365889682105,-1.0
1038,-226.33152293762512,26.97459996746125,-1.0
1039,-227.0329034848216,25.70298379206672,-1.0
1040,-207.59781820841968,23.52824702217028,-1.0
1041,-206.95970132925723,20.86003688005592,-1.0
1042,-217.50308618348456,19.28043660057689,-1.0
1043,-232.40366082175893,18.82430592227317,-1.0
1044,-246.76929249756012,19.8495446951664,-1.0
1045,-265.5615254303056,22.95644416920438,-1.0
1046,-273.5473029165447,26.127574448193897,-1.0
1047,-281.1432769167477,28.54069586718535,-1.0
1048,-290.5997034407582,31.44202841257376,-1.0
1049,-291.3649175860352,33.85909031507873,-1.0
1050,-304.2383249398544,36.51885853432943,-1.0
1051,-322.9441044204413,39.72596403197567,-1.0
1052,-335.14048734899205,43.281773278878426,-1.0
1053,-338.7461086152372,45.81341753945096,-1.0
1054,-352.91375458513915,48.85357921200604,-1.0
1055,-374.6607077775694,53.10089345944588,-1.0
1056,-393.6158051054059,57.97261445336189,-1.0
1057,-395.6772963746096,61.47945176236947,-1.0
1058,-430.158759187034,67.13657427550535,-1.0
1059,-482.0180855719968,76.25642924706453,-1.0
1060,-495.5688935828347,82.40929570006269,-1.0
1061,-507.07517926079447,86.69442224802673,-1.0
1062,-520.3874256163836,90.26017371200363,-1.0
1063,-536.268248053623,93.73909105760333,-1.0
1064,-572.4427574312216,98.99411707778562,-1.0
1065,-591.720297509429,104.44233813881885,-1.0
1066,-601.865346616535,108.4976530751441,-1.0
1067,-627.9174507249502,112.61384556945951,-1.0
1068,-642.8364982728945,115.80286629686898,-1.0
1069,-643.9595134657351,116.27773266536344,-1.0
1070,-656.5979396344997,115.97452623480453,-1.0
1071,-660.4518690439406,114.7634706226383,-1.0
1072,-683.9732476833183,113.61143507934862,-1.0
1073,-701.7175376556315,111.1834308689255,-1.0
1074,-718.4270859286278,108.19158305395428,-1.0
1075,-738.8952483168508,105.64648624955561,-1.0
1076,-759.1603194356672,103.28373770189914,-1.0
1077,-779.2986404173591,99.203786224416,-1.0
1078,-777.7577966953417,95.00838326078942,-1.0
1079,-765.0640147079095,92.06968183012987,-1.0
1080,-770.4778801882405,88.39464139755465,-1.0
1081,-794.2773363180528,85.02693192061753,-1.0
1082,-796.2282195689802,80.50793361821701,-1.0
1083,-799.2534405062703,75.21382896625938,-1.0
1084,-809.467746074516,71.97855264659655,-1.0
1085,-833.8224573118946,70.32224394593665,-1.0
1086,-845.2244727879493,68.36215782959201,-1.0
1087,-865.9740465613241,68.50019155836509,1.0
1088,-889.3860897991117,69.96297404936662,1.0
1089,-894.707589255344,69.69727237968938,1.0
1090,-896.070545590852,68.48217790785179,1.0
1091,-906.9183746198482,66.2762086982152,1.0
1092,-936.3642058467364,66.78611477487979,1.0
1093,-951.2900001370568,68.02159056477657,1.0
1094,-906.0680796438346,65.2279263949063,1.0
1095,-891.8901040509157,62.166437541133995,1.0
1096,-896.4065389572261,59.9080745073246,1.0
1097,-892.99855834109,58.18607027787673,1.0
1098,-900.8289011203344,55.942431954899355,1.0
1099,-888.4053597228444,51.28251470782798,1.0
1100,-926.8150916898926,47.35080471782093,1.0
1101,-872.6792587635493,43.289826052342974,1.0
1102,-865.6583600430981,38.76214101608471,1.0
1103,-821.4574590108482,36.472197174875795,1.0
1104,-866.8946378269184,32.26163281396281,1.0
1105,-821.082899738467,33.4798491630099,1.0
1106,-745.1404426140275,45.39092532300152,1.0
1107,-778.8580880732553,50.846794028321696,1.0
1108,-703.6382188832995,63.85946078426809,-1.0
1109,-790.7577028605576,65.79023980358663,1.0
1110,-808.7139929853803,66.37709464120385,1.0
1111,-726.740536678853,71.50896653335504,0.0
1112,-697.8895181527514,76.0256414953632,0.0
1113,-658.9919156633314,80.9763759404613,-1.0
1114,-656.3375986932383,86.56969210626387,-1.0
1115,-654.418531540566,91.00643427587684,-1.0
1116,-724.1520122709057,89.41352670907591,0.0
1117,-694.2547413748789,88.4168254676291,0.0
1118,-685.857981371055,86.01269932246272,0.0
1119,-673.4348524857182,83.76594072375548,-1.0
1120,-699.5198768185348,74.68150985840107,0.0
1121,-727.838646052714,68.66624407839724,0.0
1122,-738.6107831018733,61.98967279670424,0.0
1123,-781.7702421853317,59.62366062716888,1.0
1124,-763.9038753263152,51.18752118751815,1.0
1125,-770.1252322602816,47.36211643360988,1.0
1126,-779.029418559114,48.742552015869826,1.0
1127,-776.3638826798978,48.60248923847889,1.0
1128,-796.4030404285708,50.77249548362547,1.0
1129,-787.740157797781,50.58738922812188,1.0
1130,-790.6559923075113,49.25408539746618,1.0
1131,-806.9590273877444,52.22002498126639,1.0
1132,-773.7707293782453,52.27507838885169,1.0
1133,-749.8780417841449,48.982973313273234,1.0
1134,-764.5099404102996,44.878771077421526,1.0
1135,-748.5662265359904,39.24516270742083,1.0
1136,-749.217787780129,38.716901501845484,1.0
1137,-749.6438942239502,36.19874607975432,1.0
1138,-741.4195778305238,32.5005398920811,1.0
1139,-699.540820624662,29.26927056409315,1.0
1140,-703.1790840338731,28.88167706975866,1.0
1141,-700.5364826203579,31.04392120069999,1.0
1142,-679.7906571637578,35.50247978991339,1.0
1143,-690.9093911480745,37.72785330101636,1.0
1144,-669.918128475542,41.69479636350974,1.0
1145,-662.6529040210435,45.25107270484962,1.0
1146,-657.1025305429216,47.9929417463768,1.0
1147,-647.4688305093861,50.71445339257553,1.0
1148,-647.9280661496958,51.11591683891801,1.0
1149,-642.808846280499,51.438965429807034,1.0
1150,-617.038727125607,52.430436300388116,1.0
1151,-629.7871898977849,49.18932505118294,1.0
1152,-628.1988204652548,47.87256489089352,1.0
1153,-615.0175147090641,48.34256321206295,1.0
1154,-592.3611610335834,48.25298634811606,1.0
1155,-586.9615517458741,48.578046707914815,1.0
1156,-567.9193806243632,49.06141548405777,1.0
1157,-559.5228908640458,48.481353991612835,1.0
1158,-590.7795986363303,44.586043980618555,1.0
1159,-595.3189711478258,43.266813890218856,1.0
1160,-578.4888789275424,41.771011735382125,1.0
1161,-574.9090303618152,39.6868939480437,1.0
1162,-528.3081609850432,42.38885295892155,1.0
1163,-536.2417549827315,41.755720978758326,1.0
1164,-543.5291806612582,41.20296805049849,1.0
1165,-562.881989726933,39.22542253229768,1.0
1166,-576.899316183333,36.56570240182022,1.0
1167,-572.2844645110177,34.259602499812274,1.0
1168,-583.5553068972838,31.152752669370052,1.0
1169,-551.4069275074713,28.70100618005381,1.0
1170,-530.2650894780622,29.291535243792946,1.0
1171,-499.9649526599324,30.905645106825453,1.0
1172,-501.7984092981683,31.03069787043009,1.0
1173,-494.6220477913453,31.954462079935663,1.0
1174,-476.1261515560077,35.449032092759396,1.0
1175,-459.01544134592666,39.81558759293354,1.0
1176,-451.66414425611873,44.39236947813479,1.0
1177,-422.44339495168856,51.040471555184325,1.0
1178,-399.2217824113792,56.965289799852165,1.0
1179,-369.595887992069,63.63375141185908,1.0
1180,-344.93306575221504,71.47822531978103,1.0
1181,-336.5850984053492,77.74524985497298,1.0
1182,-322.3479692932574,85.27131688785104,1.0
1183,-296.72538517123684,92.95247772183836,1.0
1184,-290.31575864664114,98.72884743602451,1.0
1185,-279.3853841824187,102.27877140867209,1.0
1186,-259.3038809474981,104.20807340588797,1.0
1187,-232.5503313907477,106.10693173274618,1.0
1188,-194.88131943929704,107.28722270254568,1.0
1189,-175.7362555091721,109.60170461461966,1.0
1190,-157.6465251286425,112.00927195069737,0.0
1191,-134.8584068689113,115.67283117324428,0.0
1192,-114.41587531596248,117.80291441070689,0.0
1193,-100.67131269088776,118.35135575559418,0.0
1194,-88.52993199517886,118.1621566941174,0.0
1195,-75.71992387608418,117.23510776247029,0.0
1196,-68.1337146736613,114.2509844015733,0.0
1197,-62.55483704394004,111.17630026066774,0.0
1198,-56.23771370043892,107.69600910143065,0.0
1199,-46.847080021551164,104.78055229915914,0.0
1200,-27.820400593603324,102.78876703835955,0.0
1201,-35.77480840725343,98.43998464843564,0.0
1202,-25.37441323207264,93.51153714027556,0.0
1203,-24.65195634182965,88.58628088515083,0.0
1204,-24.565657169822373,81.76937116078936,0.0
1205,-14.367651442724592,73.84220241768926,0.0
1206,-12.899558896739734,65.21960338026523,0.0
1207,-7.311121798535794,57.10834322945861,0.0
1208,-1.0072626902875754,51.40199869464515,0.0
1209,8.676322532154416,46.36177181157279,-1.0
1210,4.926496521937736,41.10070666610768,-1.0
1211,-9.181021038002314,35.994960021202154,-1.0
1212,-5.848279582887415,32.00819387849972,-1.0
1213,-2.526122186940597,28.534331122868856,-1.0
1214,-8.980122378137992,25.10683233025768,-1.0
1215,-9.94732674648884,22.230226959182286,-1.0
1216,-4.790570272548337,19.595999444995872,-1.0
1217,-6.719155448843196,16.73611342444342,-1.0
1218,-8.153938962519248,13.777653852897679,-1.0
1219,-13.699492552205813,11.278914114196104,-1.0
1220,-19.59967584642789,10.79216970632785,-1.0
1221,-28.034788436647432,9.967670584033721,-1.0
1222,-25.50024579572448,9.977453701583435,-1.0
1223,-37.08164195972512,11.203444067278223,-1.0
1224,-36.12334590787668,12.177766396803134,-1.0
1225,-42.34831566225313,13.9530324116453,-1.0
1226,-36.87453007322313,14.91300330048532,-1.0
1227,-57.67266873683076,17.63715514015751,-1.0
1228,-75.64605955133277,21.535448922582876,1.0
1229,-81.54546563885293,24.31568064294095,1.0
1230,-85.95555161971839,26.746581605340833,1.0
1231,-84.89703600094197,28.941301324263776,1.0
1232,-12.489088027978257,28.6427395898109,-1.0
1233,-25.54956202581792,27.763363365092417,1.0
1234,-29.607625808459545,27.118389014641735,1.0
1235,-39.04530202481197,26.41214269185285,1.0
1236,-41.91719378103312,25.267158769545432,1.0
1237,-50.96605890800697,24.166054100295913,1.0
1238,-55.10167577072269,22.994387224283848,1.0
1239,-46.30547903623392,21.86231538579241,1.0
1240,-50.468504027958375,21.001867660060775,1.0
1241,-62.27317794520496,20.75515245728118,1.0
1242,-55.24157468262706,20.046089706834778,1.0
1243,-50.10031681591278,19.802264942901743,1.0
1244,-41.65380950991107,19.621283147383636,1.0
1245,-19.212763240829982,20.82105056162323,1.0
1246,4.852808493593841,24.057858481861846,1.0
1247,17.307515395280006,27.997377126510305,1.0
1248,34.062072590407524,31.992955762639575,1.0
1249,42.87130444204706,35.18210274764362,1.0
1250,41.85796728536042,36.55870314718349,1.0
1251,66.53788637653867,39.33709137690385,1.0
1252,70.4777021835892,44.10377695287884,1.0
1253,77.27392766435287,48.51698401596681,1.0
1254,80.03926707184206,52.16330237386504,1.0
1255,117.60697487974032,58.031464924507596,1.0
1256,125.52127083215464,62.93209741778422,1.0
1257,135.03715753489945,66.71238226573189,1.0
1258,139.1122134484019,69.04581899147668,1.0
1259,137.8746638813121,70.41030921224362,1.0
1260,137.7780007285858,70.18119985038899,1.0
1261,141.99862531697426,67.80788707624453,1.0
1262,168.89902829930412,66.22808773772347,1.0
1263,192.12796819494903,64.97481020548845,1.0
1264,171.94145405634467,60.73330952348671,1.0
1265,179.89835148557978,57.39170561433419,1.0
1266,184.1465938196358,55.01827150933427,1.0
1267,198.4063337714952,53.29541577130297,1.0
1268,197.18197109360813,51.55471681804647,1.0
1269,213.7306420376408,50.443861142886185,1.0
1270,240.01138458855485,49.84245422645717,1.0
1271,261.23761748591187,51.905104830349345,1.0
1272,280.0593603440854,54.29688191419767,1.0
1273,290.0882703867637,56.19588392269689,1.0
1274,284.0914977151268,55.683131931884674,1.0
1275,297.2367041775431,57.86355179867033,1.0
1276,330.43055827724714,62.18194632590302,1.0
1277,321.0332673983337,64.39702271088991,1.0
1278,341.1139909592144,67.09731417373547,1.0
1279,342.3228557642134,68.13541910703526,1.0
1280,357.02402453855865,68.68079361090989,1.0
1281,356.4523439351778,67.72343034176198,1.0
1282,380.6735843045213,69.20817691071424,1.0
1283,394.951970410294,71.85809334493086,1.0
1284,406.88089555651766,72.27606957449979,1.0
1285,417.1422843878259,72.23124284320262,1.0
1286,439.1149795731895,72.33256686275601,1.0
1287,463.4355739418786,73.6390492843674,1.0
1288,470.3919403301632,72.9023251375905,1.0
1289,491.2262224153925,73.13631490924463,1.0
1290,517.5309259213021,75.80130461867459,1.0
1291,550.3472634774632,80.93552647635886,1.0
1292,584.1471197315788,88.11620526083793,1.0
1293,599.4147007525661,94.40227901665531,1.0
1294,621.3693007511904,99.35872268557029,1.0
1295,635.081025402215,103.49617482902475,1.0
1296,631.9318444486555,106.91101540674298,1.0
1297,626.6357770663319,106.92833843908774,1.0
1298,635.5127786873859,106.86948764429977,1.0
1299,659.6785528951077,106.39760461416472,1.0
1300,678.2925127241679,106.0281701446934,1.0
1301,687.449110808426,103.64614860436859,1.0
1302,715.9503608872938,102.85479048486269,1.0
1303,720.9289215777851,100.91265456031618,1.0
1304,749.7936940207934,99.49722654835082,1.0
1305,763.511170161521,97.06713367749029,1.0
1306,788.4547690695522,95.72514495620526,1.0
1307,838.3897612033825,98.16477609266643,1.0
1308,849.7855943718023,98.63193129512855,1.0
1309,944.04357996545,107.65331842483715,1.0
1310,956.7755517554432,115.1770367116486,1.0
1311,936.5002107146591,118.97789973325709,1.0
1312,1005.5846568516552,128.50473818748318,1.0
1313,1133.005663121328,148.87856091386257,1.0
1314,1302.4276996062256,184.55622958684742,1.0
1315,1394.3378371582796,220.60374860530908,0.0
1316,1505.8160652103536,258.268736333869,0.0
1317,1544.3472449488304,287.96278736656797,0.0
1318,1570.624199361842,310.8385628921443,0.0
1319,1616.2164020713008,330.73064210506465,0.0
1320,1647.313420163474,346.3184749151658,0.0
1321,1668.902860047339,356.6177078768942,0.0
1322,1692.477952201912,363.3516778503477,0.0
1323,1704.149940182312,364.27581020356354,0.0
1324,1698.3940822739614,360.1068149345455,0.0
1325,1693.7061440699797,350.08364990883894,0.0
1326,1655.365930340533,333.48676482500184,0.0
1327,1602.675002324566,312.7613888797419,0.0
1328,1609.0295499420893,286.6698070736198,0.0
1329,1563.9718481301877,262.23013613190835,0.0
1330,1569.9359462002694,232.61519417821995,0.0
1331,1571.1829811786358,190.31768160172504,0.0
1332,1545.2189428625388,143.41507992065118,-1.0
1333,1538.62581502646,101.84664959800133,-1.0
1334,1509.8427521080068,79.75027978704851,-1.0
1335,1505.268039450946,68.05168252321702,-1.0
1336,1497.23322277416,68.70513872043381,-1.0
1337,1475.189045686878,73.25511536013815,-1.0
1338,1449.4379619143035,80.21281819755399,-1.0
1339,1409.433981074128,89.5365295898117,-1.0
1340,1374.0677088915668,99.1181769883586,-1.0
1341,1376.2869208652155,104.67935228047145,0.0
1342,1370.002615040769,106.7301603218913,0.0
1343,1380.446865926171,104.3996956880506,-1.0
1344,1366.307453637382,100.8422258428745,0.0
1345,1365.348445966725,94.73179079120706,-1.0
1346,1373.846473826569,89.10600275328486,-1.0
1347,1328.162948877513,89.16853623830808,-1.0
1348,1305.59001770166,88.09572992811177,0.0
1349,1317.0406207982,87.66545091233445,-1.0
1350,1309.530155117289,85.31708444543379,-1.0
1351,1290.0745352698182,81.91026888051444,0.0
1352,1264.5476017659375,80.53672121017064,0.0
1353,1260.548338631058,77.53219111712438,0.0
1354,1252.8703751852174,75.52264163090503,0.0
1355,1242.9326220215878,72.3294346475788,-1.0
1356,1238.7588011846506,67.66244178821462,-1.0
1357,1241.8386418511675,62.604017981098046,-1.0
1358,1238.3529850176983,58.319194697613206,-1.0
1359,1227.0797290579003,57.06883205041935,-1.0
1360,1221.4493670183692,57.71373009488163,-1.0
1361,1221.2700828499592,57.13073853173604,-1.0
1362,1225.8880263855058,55.68546285989476,-1.0
1363,1230.3263021678447,51.93455744654765,-1.0
1364,1248.147945683862,47.677547338515296,-1.0
1365,1214.2630497845105,43.599984869884395,-1.0
1366,1180.108877674634,38.85232301593797,1.0
1367,1221.0214954722187,35.14383085893398,-1.0
1368,1243.2578493767603,32.384359956148536,-1.0
1369,1214.6271618320284,28.12089919456049,-1.0
1370,1224.9087960764627,22.883310938988586,-1.0
1371,1202.9791694983278,19.97618930141517,-1.0
1372,1182.4527762176135,21.07222596397233,-1.0
1373,1171.7551475924724,22.835340740825142,-1.0
1374,1154.415596826355,26.237615133660764,-1.0
1375,1108.5424091095344,35.053160472802674,-1.0
1376,1097.7395026016954,42.481061465618495,-1.0
1377,1082.0659157762093,49.36170429671492,-1.0
1378,1040.697262418552,59.1527861177393,-1.0
1379,1011.8586311712672,69.83172453174078,-1.0
1380,1004.5230879005296,78.52476995617147,-1.0
1381,998.7151331105488,85.4518136993137,-1.0
1382,988.1080473891204,91.11802656471328,-1.0
1383,960.4710308435368,96.98933810763506,-1.0
1384,924.9930317358268,102.59390695417964,-1.0
1385,915.8380399865482,108.38058704207903,-1.0
1386,878.3180353100058,116.80210995353919,-1.0
1387,889.6503345610049,119.42224185508566,-1.0
1388,869.2383557423836,119.28984667630402,-1.0
1389,898.220212009127,116.7158939591104,-1.0
1390,899.1258033387078,110.70115257949148,-1.0
1391,888.0341415162989,104.6361363360903,-1.0
1392,849.8838967044636,100.14976566896082,-1.0
1393,836.2971621566201,94.56364112362412,-1.0
1394,790.8754683665733,91.0805607062414,-1.0
1395,744.9298025327845,93.32906989971988,-1.0
1396,713.0159366024819,96.20994168417624,-1.0
1397,693.761159624022,98.64778194799932,-1.0
1398,632.6809334997889,107.58969442578481,-1.0
1399,573.0843135735206,120.9265328712391,-1.0
1400,521.5138627421944,135.29222059097842,-1.0
1401,509.0769110350954,145.78121105695573,-1.0
1402,509.5449550398222,152.21596700002715,-1.0
1403,470.6837962144491,159.99469237370215,-1.0
1404,442.5358972794901,168.4392797693431,-1.0
1405,408.335223720524,176.42333747102347,-1.0
1406,383.2698816785746,184.75826255074665,-1.0
1407,363.286390572011,190.16127395269731,0.0
1408,353.6829933730177,193.76857995136675,0.0
1409,362.4747552042168,190.88782431500036,0.0
1410,348.0021115429988,184.7037406728966,-1.0
1411,330.7713082009076,175.98911407809868,-1.0
1412,308.61578754386665,167.54798368384888,-1.0
1413,284.29269467445187,156.93380594601788,0.0
1414,251.6393811663242,148.09151143294153,0.0
1415,222.25526687152308,141.168179449162,0.0
1416,196.2618660656039,134.57317279123828,0.0
1417,200.72917634847815,124.29189314269267,0.0
1418,192.2692231363513,116.62389638963778,0.0
1419,160.1743461788118,113.73027428381029,0.0
1420,244.6058214354661,107.26588562530095,-1.0
1421,195.62895652471337,102.05414165823392,-1.0
1422,174.07187156029863,95.1154272353834,-1.0
1423,141.49527370631154,91.4679924423798,-1.0
1424,122.94352069191292,89.1378379948774,-1.0
1425,112.27810617185388,88.17684582368372,-1.0
1426,98.18034744772422,88.10621283640803,-1.0
1427,104.93176824901298,86.95900426164914,-1.0
1428,85.93025313566852,85.9426091588944,0.0
1429,85.07474334661958,81.79384470816986,0.0
1430,65.78265905412798,77.89835437276722,0.0
1431,64.08042264494736,73.2176117520982,0.0
1432,56.86681754131462,68.83885512209461,0.0
1433,68.88126642266889,63.88481625972027,-1.0
1434,44.08717867290761,62.00214764361616,0.0
1435,40.56466553531561,61.36252349443701,0.0
1436,29.34282764742602,62.18264027403288,0.0
1437,23.981162035751368,61.82588177955396,0.0
1438,25.864698735566208,60.729860491652374,0.0
1439,4.352601282334717,62.208055186825604,0.0
1440,11.244389697298516,52.73849426050409,0.0
1441,16.14624088817618,46.53520037333759,0.0
1442,12.321589016292364,41.004550164127586,0.0
1443,-12.40369488796432,39.45918179154601,1.0
1444,-28.05420779909184,39.820653754902,1.0
1445,-34.30598195133621,40.36369752404303,1.0
1446,-30.26875772051278,40.5269147403374,1.0
1447,-31.63799669530647,39.01968137019882,1.0
1448,-19.59727646924091,37.434233086123484,1.0
1449,-13.52136206607679,34.756540779603355,1.0
1450,-6.888651759306072,32.88170111742644,1.0
1451,-6.968913425773167,30.610775184818635,1.0
1452,-18.692363001668696,28.806906278245144,1.0
1453,-14.527218149990064,24.60898014837871,1.0
1454,-27.638475219943643,22.94746841815311,1.0
1455,-26.778390039385958,20.909084527420603,1.0
1456,-29.32178965140406,19.554087483628177,1.0
1457,-29.58662453198008,18.2302021013376,1.0
1458,0.8088430441938499,16.161418847023345,1.0
1459,2.469347497436843,16.05234907053052,1.0
1460,-7.4150936759662045,14.993184462070243,1.0
1461,11.03784316172414,14.463562706000982,1.0
1462,40.984617671134856,18.28555510071311,-1.0
1463,49.71121368949889,23.204866833706,-1.0
1464,59.37268051927322,27.636568163051603,-1.0
1465,46.24041581187885,29.216142481498153,1.0
1466,30.40893191314672,29.343105938420166,1.0
1467,7.544880308709935,28.38215641989681,1.0
1468,18.53214684651448,28.107336827847288,1.0
1469,18.1701271581303,27.943278720235373,1.0
1470,38.0360433249914,28.659878452930027,1.0
1471,44.95582846785817,29.558896768968566,1.0
1472,54.7045341496663,30.263470177111504,1.0
1473,64.14967265002042,31.39954822914691,1.0
1474,60.6315030265348,30.79757361609199,1.0
1475,64.80098726119593,29.841995221797315,1.0
1476,72.31149208957436,28.30425893827015,1.0
1477,57.739848538666365,24.75256672784234,1.0
1478,69.54030115947216,24.264975684809894,-1.0
1479,33.005781840689906,22.67475379573946,1.0
1480,46.89520534426265,19.511728409246924,1.0
1481,47.05550767316993,17.85881767168124,1.0
1482,55.39270278756112,17.926157326993696,1.0
1483,115.86342337265194,23.649750571747,-1.0
1484,90.49009585993758,25.24973715418538,-1.0
1485,98.75965997825438,27.287318271539966,-1.0
1486,93.24103766755228,27.981954870099507,-1.0
1487,81.46297610351587,25.822127709402363,-1.0
1488,92.82035045933424,24.665455843920586,-1.0
1489,79.3322515136374,22.224311104917735,-1.0
1490,77.74161074741028,21.148587055870262,-1.0
1491,91.12299283074152,20.782407789825836,-1.0
1492,98.126170201548,21.10720583677726,-1.0
1493,95.61070306651608,21.462684812589217,-1.0
1494,88.2107442767799,21.30209741791832,-1.0
1495,103.70853966439996,21.853089736952878,-1.0
1496,81.42672259534629,21.79196635176425,-1.0
1497,85.89891235699974,21.187696038044095,-1.0
1498,65.17395043248496,21.33705450646373,-1.0
1499,46.61493638157117,19.891723281892308,-1.0
1500,27.128868967048675,22.084653494692233,1.0
1501,28.198640612263944,23.92509963584151,1.0
1502,14.97645659047066,27.531622138342787,1.0
1503,33.959462432141095,27.66227219803623,1.0
1504,21.758972897633384,29.663573540371527,1.0
1505,13.484746776980272,31.42816639697947,1.0
1506,33.39516119310417,31.546776002142924,1.0
1507,34.17658990270445,31.86122383378926,1.0
1508,54.38473671823442,30.964801180169108,1.0
1509,58.56556052449434,30.583122475676955,1.0
1510,99.2605420198662,31.684631425920614,1.0
1511,82.85326582010418,31.291574885846472,1.0
1512,91.84715356867343,30.900502975282812,1.0
1513,90.7040398484662,30.60450386364958,1.0
1514,88.08963132589167,30.5981783503246,1.0
1515,94.68689252889146,29.944990372587096,1.0
1516,103.6881710171216,31.27217423467812,1.0
1517,113.72783636131273,33.12252321502328,1.0
1518,162.42796289091683,40.30741147695951,0.0
1519,164.35823090266797,45.75760440021266,0.0
1520,176.71549577859184,50.28249289842064,0.0
1521,168.92417541325398,52.724394703078644,0.0
1522,184.53069369746703,54.45874661784471,-1.0
1523,166.6219469576189,54.89257563185773,-1.0
1524,152.88166731266313,52.82082996337956,-1.0
1525,152.1349910142398,48.885719426705094,-1.0
1526,145.1654639064079,45.49338774756346,-1.0
1527,132.9035625288352,40.89624003158186,-1.0
1528,137.7584019658271,37.51190126566812,-1.0
1529,139.65819023229614,33.76237438126115,-1.0
1530,152.80537884964588,33.108942736722206,-1.0
1531,162.27050077246457,31.218384136808325,-1.0
1532,138.2436096678008,29.179927469490583,-1.0
1533,163.65007003577938,26.98406830026506,-1.0
1534,165.1262345573458,23.72498967771847,-1.0
1535,135.39955163615627,20.331224106902127,-1.0
1536,112.49282032051934,19.324404834655564,-1.0
1537,119.54010803318556,18.76378035930303,-1.0
1538,125.84405070588969,19.432204935269976,-1.0
1539,120.2735381836834,20.185739305841977,-1.0
1540,118.17076941342918,19.992520275489625,-1.0
1541,103.429753630697,21.14966075178501,-1.0
1542,92.09188855662389,21.338096484469887,1.0
1543,63.29730424010921,25.787849332775806,1.0
1544,80.86084377992518,27.630692201994602,1.0
1545,98.32809010674958,27.781879364110623,1.0
1546,98.47771537738264,27.99130627186843,1.0
1547,126.75115604228957,27.910790443075886,-1.0
1548,124.0089263451224,27.689427819935204,-1.0
1549,82.41577287610295,28.71160851178752,1.0
1550,88.08378205846486,28.366815444542425,1.0
1551,93.0023603787073,26.584782930412274,1.0
1552,86.81987704513449,26.44771120528535,1.0
1553,114.7159514074508,23.288645609733454,1.0
1554,118.36981687611808,19.17901218163223,1.0
1555,152.08365850193707,20.855032093367623,1.0
1556,169.83096343143205,25.274250628218656,1.0
1557,195.53866117569905,31.832961683861758,1.0
1558,213.74704925611744,39.01343511056263,1.0
1559,230.6116649350308,46.56845372935868,1.0
1560,272.22767212542715,57.31122594559624,1.0
1561,312.2350062043266,69.82406582574468,1.0
1562,347.7423479486645,82.67926622965187,1.0
1563,388.7673037476849,95.09737722426418,1.0
1564,411.6131497618268,106.86094577616291,1.0
1565,428.1665566719655,117.49746375977563,1.0
1566,491.01133209412944,131.15217370648458,1.0
1567,527.5860379953704,145.59924235244395,1.0
1568,565.4071869874625,159.49487954113553,1.0
1569,615.6318504152595,171.56522902228122,1.0
1570,652.6792688019034,182.4938636841601,1.0
1571,677.7074647649432,190.95645037523448,1.0
1572,720.22451750565,197.65834621101757,1.0
1573,754.663888367269,204.09633208539438,1.0
1574,799.3022587572232,209.21580601408016,1.0
1575,837.2506659402678,214.5260378545739,1.0
1576,881.0631584439484,219.19850478756803,1.0
1577,957.522041962946,226.63266481205713,1.0
1578,997.1355224517922,232.3102298134256,1.0
1579,1027.9242811089264,235.16619597980417,1.0
1580,1023.147086023164,234.42915891526832,1.0
1581,1082.633768150839,235.69448369033324,1.0
1582,1099.9925606082206,234.97142975117978,1.0
1583,1119.6843942788423,233.16049996589268,1.0
1584,1121.0593449511666,227.49999719860244,1.0
1585,1131.6726840557385,218.08383933724542,1.0
1586,1143.5611214285773,209.5394913933837,1.0
1587,1162.9583415335092,200.1686945246493,1.0
1588,1188.7005513654842,190.58297848561944,1.0
1589,1231.0570957434709,183.34706188102828,1.0
1590,1244.272908724576,175.21728906259995,1.0
1591,1286.9515583568718,167.16716352689158,1.0
1592,1290.576855868122,158.04811912027574,1.0
1593,1314.3248108235612,148.72400416785013,1.0
1594,1339.5882181693023,140.6460047263873,1.0
1595,1350.2010900702269,132.10348350473424,1.0
1596,1355.0221698996324,123.61518428760976,1.0
1597,1346.3560558966662,118.34049903511271,1.0
1598,1351.1323410840905,113.91936506858785,1.0
1599,1411.448741211395,113.84093769824536,1.0
1600,1485.5665640173684,116.603607793844,0.0
1601,1599.0646994228637,132.96219613719273,0.0
1602,1614.8252264119471,145.7706823138954,0.0
1603,1587.0126383238912,151.92828135866424,0.0
1604,1538.1868451923813,150.68440300799728,0.0
1605,1544.181163559316,147.62622502411241,0.0
1606,1512.880148737744,140.85290439607914,0.0
1607,1438.0474329623676,130.82433983827855,0.0
1608,1469.8760246930365,121.53422621367862,0.0
1609,1459.8818323622634,113.77730245806238,0.0
1610,1435.3511460139462,105.33823703373676,0.0
1611,1468.1085175913672,99.4224358039244,0.0
1612,1514.881839368312,93.49134453570427,0.0
1613,1472.70291036733,87.29035945937568,0.0
1614,1507.1010576401552,82.56069780159535,0.0
1615,1523.5328139449964,77.95046117113301,0.0
1616,1575.4067024873616,74.5967586276495,0.0
1617,1576.8629510754706,68.32716422487252,0.0
1618,1562.5770184543314,59.11753308013302,0.0
1619,1584.621237494447,55.7583824820092,-1.0
1620,1580.6809795852744,56.402205730343745,-1.0
1621,1561.241698171442,54.50646083372185,0.0
1622,1576.656234124163,51.85090163733044,-1.0
1623,1538.8276258669075,49.87466344014423,0.0
1624,1517.400737419967,49.73775108648756,0.0
1625,1538.566361827003,49.61596127826477,0.0
1626,1546.7940875221616,49.91112347251215,0.0
1627,1577.9179406238702,47.186264987738106,-1.0
1628,1575.785483580971,46.07860287061738,-1.0
1629,1591.379648783886,44.17663816835502,-1.0
1630,1575.2613201288646,37.00913562821091,-1.0
1631,1573.089337301842,32.16193434232157,-1.0
1632,1578.309403231891,31.261404131730387,-1.0
1633,1583.0214535446044,24.69725889292894,-1.0
1634,1564.844884601703,21.01071228008167,-1.0
1635,1549.854915580057,18.995071275130645,-1.0
1636,1565.5129667542028,18.87814399364824,-1.0
1637,1547.5203163396122,19.124823517250196,-1.0
1638,1491.2568422754916,25.18874027037386,1.0
1639,1486.2455068053127,29.54660332322671,1.0
1640,1498.1534043538368,31.610254650961977,1.0
1641,1490.829740780397,34.31804741598486,1.0
1642,1493.3848028302732,35.727008054484884,1.0
1643,1521.231868940778,36.08110676679797,-1.0
1644,1488.7302009699656,37.69832140529038,1.0
1645,1500.8649920073397,38.7995031606014,1.0
1646,1532.5989699442127,38.79850279839807,-1.0
1647,1558.3313209188743,38.011364739122705,-1.0
1648,1536.092681844245,36.973796648840754,-1.0
1649,1525.9232229325078,34.669281097944555,-1.0
1650,1486.913841447915,34.636626091916504,1.0
1651,1480.9924833129526,34.53743166775609,1.0
1652,1466.5016324230255,34.337500315103014,1.0
1653,1490.5613885964096,31.272385840272186,1.0
1654,1506.0632445231718,28.89620903582309,1.0
1655,1514.6681035415093,27.43231063576193,1.0
1656,1541.4725875030188,25.272904027383714,-1.0
1657,1496.6041539993946,23.581431613936875,1.0
1658,1500.0439408934335,23.385669259702755,1.0
1659,1484.1843037521303,23.48077779501328,1.0
1660,1515.5962907459011,23.509357746021028,1.0
1661,1552.2285759966564,25.28615380111215,1.0
1662,1558.905277228986,27.237122134616953,1.0
1663,1584.4595082430794,31.575801261171534,1.0
1664,1606.091766923136,36.71182838419317,-1.0
1665,1594.3355685203169,39.71261589615446,1.0
1666,1582.06145768723,41.59933602035492,1.0
1667,1588.9922291250966,43.26485062139789,1.0
1668,1632.985753764934,48.958441466084054,-1.0
1669,1634.5154334782546,53.64055898875023,-1.0
1670,1661.122729484017,58.348928373957655,-1.0
1671,1591.933069196454,56.732414874803446,-1.0
1672,1549.7059105219255,52.80301406099356,-1.0
1673,1542.2166390141974,50.474430448878074,-1.0
1674,1513.8169360293496,50.05091176680857,1.0
1675,1486.558447988284,51.82211025467257,1.0
1676,1506.5037196185117,53.08626968308241,1.0
1677,1464.6176628155545,55.496642551376745,1.0
1678,1469.1874961622384,57.56948368021369,1.0
1679,1527.298188170941,55.50909932246536,1.0
1680,1518.2522988251794,55.40499810165766,1.0
1681,1524.4181784523591,55.9117817774921,1.0
1682,1560.4769814651008,55.9158545688765,0.0
1683,1558.175986896185,55.54358525935628,0.0
1684,1540.5302926849754,54.33220072275303,1.0
1685,1529.811806454201,53.62115542763072,1.0
1686,1556.0905846489686,53.09430134595163,1.0
1687,1594.0997450685418,53.314378432141815,0.0
1688,1559.0788200981588,49.550727209107535,1.0
1689,1611.6611063258345,47.58831401110745,-1.0
1690,1621.3067422471709,43.01170596339982,-1.0
1691,1633.584697639791,46.462902775838444,-1.0
1692,1617.2876908369142,49.317763530639674,-1.0
1693,1603.8451207963794,50.91900289681461,-1.0
1694,1595.6743606502264,51.16118208890818,0.0
1695,1571.6309805058413,48.74508775909678,1.0
1696,1590.0123607215698,47.65022152962636,0.0
1697,1545.7425183201117,42.01198563114468,1.0
1698,1576.4385003633786,35.2500194726438,1.0
1699,1581.1936999119223,33.69714179187249,-1.0
1700,1578.2605803600325,30.99139443402817,-1.0
1701,1565.617076972535,28.553107569930194,1.0
1702,1563.171821765386,28.464705856083846,1.0
1703,1525.5253196848166,30.61672652738109,1.0
1704,1539.7259252248411,30.66906014845375,1.0
1705,1572.2380756707942,28.555903292000753,1.0
1706,1648.6095721572665,31.772841438041937,-1.0
1707,1635.5623178158758,33.70967110658764,-1.0
1708,1642.61679499279,35.23397002532493,-1.0
1709,1645.1487440001029,37.01873018394615,-1.0
1710,1622.9657220305262,37.08809272507663,-1.0
1711,1617.1462977743809,36.30931307027058,-1.0
1712,1600.2366024704777,35.87998286716194,-1.0
1713,1589.6435423687908,35.75411912957228,-1.0
1714,1599.0529793466246,35.78852477586578,-1.0
1715,1589.6255312831454,35.51361157027913,-1.0
1716,1613.220268014105,35.84259776078103,-1.0
1717,1628.170812235357,34.89926098956492,-1.0
1718,1628.793310734501,35.26047425960962,-1.0
1719,1618.7618966680498,35.24433989126881,-1.0
1720,1605.7409666200558,34.83607863755409,-1.0
1721,1574.742685006417,34.383299055645985,-1.0
1722,1543.1176319589013,35.86738855983005,-1.0
1723,1530.7302950500343,35.29740223555567,-1.0
1724,1537.75325408207,35.48370188836435,-1.0
1725,1542.7836785266354,37.35435700795497,-1.0
1726,1479.2526305989236,44.44915585469088,-1.0
1727,1473.7200708513733,50.47335450719069,-1.0
1728,1454.117863563445,56.25189859604862,-1.0
1729,1432.07568433457,62.08879568585638,-1.0
1730,1430.6386581877948,67.17452747926563,-1.0
1731,1416.7831137194655,72.09515139224985,0.0
1732,1411.134333635664,76.649824460076,0.0
1733,1443.6258870725044,78.1105540357668,-1.0
1734,1447.0880799121574,78.1947211800612,-1.0
1735,1456.415570195543,77.63168550184726,-1.0
1736,1429.2166151173606,76.07096749281273,0.0
1737,1375.1890999544437,75.40797325148834,0.0
1738,1409.4150740480354,70.17268630287458,-1.0
1739,1403.0173606324174,64.14191590238221,-1.0
1740,1398.1274765547842,57.43781745261217,-1.0
1741,1413.614510091302,51.397544428578556,-1.0
1742,1418.8529665503042,47.052752298929086,-1.0
1743,1418.591248866639,42.81175633459278,-1.0
1744,1420.3369610489094,36.17564385182719,-1.0
1745,1373.62755224073,28.231723982568575,-1.0
1746,1354.8750372362729,29.383539881577,-1.0
1747,1359.221297722126,29.319894190910258,-1.0
1748,1384.6931482155494,28.325629944567016,-1.0
1749,1335.382259942871,32.3012271525215,-1.0
1750,1323.837131233704,36.40569384107351,-1.0
1751,1360.3257584738649,37.18789388086026,-1.0
1752,1372.6534590839638,37.40366802517067,-1.0
1753,1348.4787567255323,36.92862065788025,-1.0
1754,1341.160421251887,35.91459711981297,-1.0
1755,1351.8660238783968,32.38536087184745,-1.0
1756,1351.4834347272051,30.743230946688726,-1.0
1757,1347.6763247893812,31.378048891933084,-1.0
1758,1297.7843426160762,34.579704505854615,-1.0
1759,1302.9430167614023,36.54916361189759,-1.0
1760,1204.8184217027003,50.05274543742031,1.0
1761,1225.204817504988,55.678368572113655,-1.0
1762,1285.573619798325,54.29361230468036,-1.0
1763,1268.4972563942597,52.92765796133941,-1.0
1764,1253.25225918962,51.16197564571813,-1.0
1765,1268.66465117822,50.98865207159059,-1.0
1766,1253.3829704125642,52.05172557131414,-1.0
1767,1250.7632756728,52.50391468221505,-1.0
1768,1246.1114510593966,50.745663084450314,-1.0
1769,1228.776311492451,52.350986544795255,-1.0
1770,1243.1233589676756,53.04942803143978,-1.0
1771,1217.9861970947773,52.682762445155014,-1.0
1772,1169.6179255805089,54.04415574227206,-1.0
1773,1128.2075453484372,59.94472718299409,-1.0
1774,1115.2763228120812,65.25825288404462,0.0
1775,1115.1353644138096,67.35002595741379,-1.0
1776,1143.0473660029477,65.06973993224743,-1.0
1777,1142.5167180465596,61.32212884642924,-1.0
1778,1111.573484544048,62.6971524993054,-1.0
1779,1129.0405910188676,60.977870122271796,-1.0
1780,1064.640928122931,68.0449061265005,-1.0
1781,1048.5417703104954,74.78022061336634,-1.0
1782,1091.1759479041589,73.531814169663,-1.0
1783,1093.2340355191864,72.16673903339777,-1.0
1784,1109.5432774482151,70.11617281014108,-1.0
1785,1094.677479275029,66.42725257182819,-1.0
1786,1093.163527235838,62.84472422556217,-1.0
1787,1094.5453233609492,58.120529352112236,-1.0
1788,1092.8063006006007,52.3820705767391,-1.0
1789,1092.8946167448526,46.923025430770636,-1.0
1790,1069.4454450257238,38.08657119408343,-1.0
1791,1060.5684666091042,30.238792202510357,-1.0
1792,1059.5383210170896,27.35206536624338,-1.0
1793,1027.5573530845863,30.481031298766077,-1.0
1794,1023.9996383401092,33.56055432769146,
1795,966.2487986047296,42.51533675045927,
1796,932.0461079014448,51.41045091803207,
1797,929.9602416305802,57.24529360996171,
1798,924.2925750465812,63.241091875907905,
1799,910.3900714123748,67.5889005034109,
1800,879.5485020639096,76.03246711796878,
1801,859.2152265267298,84.84008794977343,
1802,845.1423509970989,91.58283062428319,
1803,829.7181401673387,97.43480282731682,
1804,812.4467782487469,101.57441973241681,
1805,799.3690541556875,105.40477196644447,
1806,795.5915246334944,107.36686784351765,
1807,813.6702825941203,105.86056001668031,
1808,794.2465515644523,103.64526703640082,
1809,790.5859337283086,99.25328838308246,
1810,782.8500805420288,95.0402612944555,
1811,773.9710468448595,89.71962038949927,
1812,776.2616300360858,81.45149540345987,
1813,766.0099880773146,74.39092130413016,
