index,Unnamed: 0,Standard_dev,label
0,0,5.916079783099616,1.0
1,1,5.916079783099616,1.0
2,2,5.916079783099616,1.0
3,3,5.916079783099616,1.0
4,4,5.916079783099616,1.0
5,5,5.916079783099616,1.0
6,6,5.916079783099616,1.0
7,7,5.916079783099616,1.0
8,8,5.916079783099616,1.0
9,9,5.916079783099616,1.0
10,10,5.916079783099616,1.0
11,11,5.916079783099616,1.0
12,12,5.916079783099616,1.0
13,13,5.916079783099616,1.0
14,14,5.916079783099616,1.0
15,15,5.916079783099616,1.0
16,16,5.916079783099616,1.0
17,17,5.916079783099616,1.0
18,18,5.916079783099616,1.0
19,19,5.916079783099616,1.0
20,20,5.916079783099616,1.0
21,21,5.916079783099616,1.0
22,22,5.916079783099616,1.0
23,23,5.916079783099616,1.0
24,24,5.916079783099616,1.0
25,25,5.916079783099616,1.0
26,26,5.916079783099616,1.0
27,27,5.916079783099616,1.0
28,28,5.916079783099616,1.0
29,29,5.916079783099616,1.0
30,30,5.916079783099616,1.0
31,31,5.916079783099616,1.0
32,32,5.916079783099616,1.0
33,33,5.916079783099616,1.0
34,34,5.916079783099616,1.0
35,35,5.916079783099616,1.0
36,36,5.916079783099616,1.0
37,37,5.916079783099616,1.0
38,38,5.916079783099616,1.0
39,39,5.916079783099616,1.0
40,40,5.916079783099616,1.0
41,41,5.916079783099616,1.0
42,42,5.916079783099616,1.0
43,43,5.916079783099616,1.0
44,44,5.916079783099616,1.0
45,45,5.916079783099616,1.0
46,46,5.916079783099616,1.0
47,47,5.916079783099616,1.0
48,48,5.916079783099616,1.0
49,49,5.916079783099616,1.0
50,50,5.916079783099616,1.0
51,51,5.916079783099616,1.0
52,52,5.916079783099616,1.0
53,53,5.916079783099616,1.0
54,54,5.916079783099616,1.0
55,55,5.916079783099616,1.0
56,56,5.916079783099616,1.0
57,57,5.916079783099616,1.0
58,58,5.916079783099616,1.0
59,59,5.916079783099616,1.0
60,60,5.916079783099616,1.0
61,61,5.916079783099616,1.0
62,62,5.916079783099616,1.0
63,63,5.916079783099616,1.0
64,64,5.916079783099616,1.0
65,65,5.916079783099616,1.0
66,66,5.916079783099616,1.0
67,67,5.916079783099616,1.0
68,68,5.916079783099616,1.0
69,69,5.916079783099616,1.0
70,70,5.916079783099616,1.0
71,71,5.916079783099616,1.0
72,72,5.916079783099616,1.0
73,73,5.916079783099616,1.0
74,74,5.916079783099616,1.0
75,75,5.916079783099616,1.0
76,76,5.916079783099616,1.0
77,77,5.916079783099616,1.0
78,78,5.916079783099616,1.0
79,79,5.916079783099616,1.0
80,80,5.916079783099616,1.0
81,81,5.916079783099616,1.0
82,82,5.916079783099616,1.0
83,83,5.916079783099616,1.0
84,84,5.916079783099616,1.0
85,85,5.916079783099616,1.0
86,86,5.916079783099616,1.0
87,87,5.916079783099616,1.0
88,88,5.916079783099616,1.0
89,89,5.916079783099616,1.0
90,90,5.916079783099616,1.0
91,91,5.916079783099616,1.0
92,92,5.916079783099616,1.0
93,93,5.916079783099616,1.0
94,94,5.916079783099616,1.0
95,95,5.916079783099616,1.0
96,96,5.916079783099616,1.0
97,97,5.916079783099616,1.0
98,98,5.916079783099616,1.0
99,99,5.916079783099616,1.0
100,100,5.916079783099616,1.0
101,101,5.916079783099616,1.0
102,102,5.916079783099616,1.0
103,103,5.916079783099616,1.0
104,104,5.916079783099616,1.0
105,105,5.916079783099616,1.0
106,106,5.916079783099616,1.0
107,107,5.916079783099616,1.0
108,108,5.916079783099616,1.0
109,109,5.916079783099616,1.0
110,110,5.916079783099616,1.0
111,111,5.916079783099616,1.0
112,112,5.916079783099616,1.0
113,113,5.916079783099616,1.0
114,114,5.916079783099616,1.0
115,115,5.916079783099616,1.0
116,116,5.916079783099616,1.0
117,117,5.916079783099616,1.0
118,118,5.916079783099616,1.0
119,119,5.916079783099616,1.0
120,120,5.916079783099616,1.0
121,121,5.916079783099616,1.0
122,122,5.916079783099616,1.0
123,123,5.916079783099616,1.0
124,124,5.916079783099616,1.0
125,125,5.916079783099616,1.0
126,126,5.916079783099616,1.0
127,127,5.916079783099616,1.0
128,128,5.916079783099616,1.0
129,129,5.916079783099616,1.0
130,130,5.916079783099616,1.0
131,131,5.916079783099616,1.0
132,132,5.916079783099616,1.0
133,133,5.916079783099616,1.0
134,134,5.916079783099616,1.0
135,135,5.916079783099616,1.0
136,136,5.916079783099616,1.0
137,137,5.916079783099616,1.0
138,138,5.916079783099616,1.0
139,139,5.916079783099616,1.0
140,140,5.916079783099616,1.0
141,141,5.916079783099616,1.0
142,142,5.916079783099616,1.0
143,143,5.916079783099616,1.0
144,144,5.916079783099616,1.0
145,145,5.916079783099616,1.0
146,146,5.916079783099616,1.0
147,147,5.916079783099616,1.0
148,148,5.916079783099616,1.0
149,149,5.916079783099616,1.0
150,150,5.916079783099616,1.0
151,151,5.916079783099616,1.0
152,152,5.916079783099616,1.0
153,153,5.916079783099616,1.0
154,154,5.916079783099616,1.0
155,155,5.916079783099616,1.0
156,156,5.916079783099616,1.0
157,157,5.916079783099616,1.0
158,158,5.916079783099616,1.0
159,159,5.916079783099616,1.0
160,160,5.916079783099616,1.0
161,161,5.916079783099616,1.0
162,162,5.916079783099616,1.0
163,163,5.916079783099616,1.0
164,164,5.916079783099616,1.0
165,165,5.916079783099616,1.0
166,166,5.916079783099616,1.0
167,167,5.916079783099616,1.0
168,168,5.916079783099616,1.0
169,169,5.916079783099616,1.0
170,170,5.916079783099616,1.0
171,171,5.916079783099616,1.0
172,172,5.916079783099616,1.0
173,173,5.916079783099616,1.0
174,174,5.916079783099616,1.0
175,175,5.916079783099616,1.0
176,176,5.916079783099616,1.0
177,177,5.916079783099616,1.0
178,178,5.916079783099616,1.0
179,179,5.916079783099616,1.0
180,180,5.916079783099616,1.0
181,181,5.916079783099616,1.0
182,182,5.916079783099616,1.0
183,183,5.916079783099616,1.0
184,184,5.916079783099616,1.0
185,185,5.916079783099616,1.0
186,186,5.916079783099616,1.0
187,187,5.916079783099616,1.0
188,188,5.916079783099616,1.0
189,189,5.916079783099616,1.0
190,190,5.916079783099616,1.0
191,191,5.916079783099616,1.0
192,192,5.916079783099616,1.0
193,193,5.916079783099616,1.0
194,194,5.916079783099616,1.0
195,195,5.916079783099616,1.0
196,196,5.916079783099616,1.0
197,197,5.916079783099616,1.0
198,198,5.916079783099616,1.0
199,199,5.916079783099616,1.0
200,200,5.916079783099616,1.0
201,201,5.916079783099616,1.0
202,202,5.916079783099616,1.0
203,203,5.916079783099616,1.0
204,204,5.916079783099616,1.0
205,205,5.916079783099616,1.0
206,206,5.916079783099616,1.0
207,207,5.916079783099616,1.0
208,208,5.916079783099616,1.0
209,209,5.916079783099616,1.0
210,210,5.916079783099616,1.0
211,211,5.916079783099616,1.0
212,212,5.916079783099616,1.0
213,213,5.916079783099616,1.0
214,214,5.916079783099616,1.0
215,215,5.916079783099616,1.0
216,216,5.916079783099616,1.0
217,217,5.916079783099616,1.0
218,218,5.916079783099616,1.0
219,219,5.916079783099616,1.0
220,220,5.916079783099616,1.0
221,221,5.916079783099616,1.0
222,222,5.916079783099616,1.0
223,223,5.916079783099616,1.0
224,224,5.916079783099616,1.0
225,225,5.916079783099616,1.0
226,226,5.916079783099616,1.0
227,227,5.916079783099616,1.0
228,228,5.916079783099616,1.0
229,229,5.916079783099616,1.0
230,230,5.916079783099616,1.0
231,231,5.916079783099616,1.0
232,232,5.916079783099616,1.0
233,233,5.916079783099616,1.0
234,234,5.916079783099616,1.0
235,235,5.916079783099616,1.0
236,236,5.916079783099616,1.0
237,237,5.916079783099616,1.0
238,238,5.916079783099616,1.0
239,239,5.916079783099616,1.0
240,240,5.916079783099616,1.0
241,241,5.916079783099616,1.0
242,242,5.916079783099616,1.0
243,243,5.916079783099616,1.0
244,244,5.916079783099616,1.0
245,245,5.916079783099616,1.0
246,246,5.916079783099616,1.0
247,247,5.916079783099616,1.0
248,248,5.916079783099616,1.0
249,249,5.916079783099616,1.0
250,250,5.916079783099616,1.0
251,251,5.916079783099616,1.0
252,252,5.916079783099616,1.0
253,253,5.916079783099616,1.0
254,254,5.916079783099616,1.0
255,255,5.916079783099616,1.0
256,256,5.916079783099616,1.0
257,257,5.916079783099616,1.0
258,258,5.916079783099616,1.0
259,259,5.916079783099616,1.0
260,260,5.916079783099616,1.0
261,261,5.916079783099616,1.0
262,262,5.916079783099616,1.0
263,263,5.916079783099616,1.0
264,264,5.916079783099616,1.0
265,265,5.916079783099616,1.0
266,266,5.916079783099616,1.0
267,267,5.916079783099616,1.0
268,268,5.916079783099616,1.0
269,269,5.916079783099616,1.0
270,270,5.916079783099616,1.0
271,271,5.916079783099616,1.0
272,272,5.916079783099616,1.0
273,273,5.916079783099616,1.0
274,274,5.916079783099616,1.0
275,275,5.916079783099616,1.0
276,276,5.916079783099616,1.0
277,277,5.916079783099616,1.0
278,278,5.916079783099616,1.0
279,279,5.916079783099616,1.0
280,280,5.916079783099616,1.0
281,281,5.916079783099616,1.0
282,282,5.916079783099616,1.0
283,283,5.916079783099616,1.0
284,284,5.916079783099616,1.0
285,285,5.916079783099616,1.0
286,286,5.916079783099616,1.0
287,287,5.916079783099616,1.0
288,288,5.916079783099616,1.0
289,289,5.916079783099616,1.0
290,290,5.916079783099616,1.0
291,291,5.916079783099616,1.0
292,292,5.916079783099616,1.0
293,293,5.916079783099616,1.0
294,294,5.916079783099616,1.0
295,295,5.916079783099616,1.0
296,296,5.916079783099616,1.0
297,297,5.916079783099616,1.0
298,298,5.916079783099616,1.0
299,299,5.916079783099616,1.0
300,300,5.916079783099616,1.0
301,301,5.916079783099616,1.0
302,302,5.916079783099616,1.0
303,303,5.916079783099616,1.0
304,304,5.916079783099616,1.0
305,305,5.916079783099616,1.0
306,306,5.916079783099616,1.0
307,307,5.916079783099616,1.0
308,308,5.916079783099616,1.0
309,309,5.916079783099616,1.0
310,310,5.916079783099616,1.0
311,311,5.916079783099616,1.0
312,312,5.916079783099616,1.0
313,313,5.916079783099616,1.0
314,314,5.916079783099616,1.0
315,315,5.916079783099616,1.0
316,316,5.916079783099616,1.0
317,317,5.916079783099616,1.0
318,318,5.916079783099616,1.0
319,319,5.916079783099616,1.0
320,320,5.916079783099616,1.0
321,321,5.916079783099616,1.0
322,322,5.916079783099616,1.0
323,323,5.916079783099616,1.0
324,324,5.916079783099616,1.0
325,325,5.916079783099616,1.0
326,326,5.916079783099616,1.0
327,327,5.916079783099616,1.0
328,328,5.916079783099616,1.0
329,329,5.916079783099616,1.0
330,330,5.916079783099616,1.0
331,331,5.916079783099616,1.0
332,332,5.916079783099616,1.0
333,333,5.916079783099616,1.0
334,334,5.916079783099616,1.0
335,335,5.916079783099616,1.0
336,336,5.916079783099616,1.0
337,337,5.916079783099616,1.0
338,338,5.916079783099616,1.0
339,339,5.916079783099616,1.0
340,340,5.916079783099616,1.0
341,341,5.916079783099616,1.0
342,342,5.916079783099616,1.0
343,343,5.916079783099616,1.0
344,344,5.916079783099616,1.0
345,345,5.916079783099616,1.0
346,346,5.916079783099616,1.0
347,347,5.916079783099616,1.0
348,348,5.916079783099616,1.0
349,349,5.916079783099616,1.0
350,350,5.916079783099616,1.0
351,351,5.916079783099616,1.0
352,352,5.916079783099616,1.0
353,353,5.916079783099616,1.0
354,354,5.916079783099616,1.0
355,355,5.916079783099616,1.0
356,356,5.916079783099616,1.0
357,357,5.916079783099616,1.0
358,358,5.916079783099616,1.0
359,359,5.916079783099616,1.0
360,360,5.916079783099616,1.0
361,361,5.916079783099616,1.0
362,362,5.916079783099616,1.0
363,363,5.916079783099616,1.0
364,364,5.916079783099616,1.0
365,365,5.916079783099616,1.0
366,366,5.916079783099616,1.0
367,367,5.916079783099616,1.0
368,368,5.916079783099616,1.0
369,369,5.916079783099616,1.0
370,370,5.916079783099616,1.0
371,371,5.916079783099616,1.0
372,372,5.916079783099616,1.0
373,373,5.916079783099616,1.0
374,374,5.916079783099616,1.0
375,375,5.916079783099616,1.0
376,376,5.916079783099616,1.0
377,377,5.916079783099616,1.0
378,378,5.916079783099616,1.0
379,379,5.916079783099616,1.0
380,380,5.916079783099616,1.0
381,381,5.916079783099616,1.0
382,382,5.916079783099616,1.0
383,383,5.916079783099616,1.0
384,384,5.916079783099616,1.0
385,385,5.916079783099616,1.0
386,386,5.916079783099616,1.0
387,387,5.916079783099616,1.0
388,388,5.916079783099616,1.0
389,389,5.916079783099616,1.0
390,390,5.916079783099616,1.0
391,391,5.916079783099616,1.0
392,392,5.916079783099616,1.0
393,393,5.916079783099616,1.0
394,394,5.916079783099616,1.0
395,395,5.916079783099616,1.0
396,396,5.916079783099616,1.0
397,397,5.916079783099616,1.0
398,398,5.916079783099616,1.0
399,399,5.916079783099616,1.0
400,400,5.916079783099616,1.0
401,401,5.916079783099616,1.0
402,402,5.916079783099616,1.0
403,403,5.916079783099616,1.0
404,404,5.916079783099616,1.0
405,405,5.916079783099616,1.0
406,406,5.916079783099616,1.0
407,407,5.916079783099616,1.0
408,408,5.916079783099616,1.0
409,409,5.916079783099616,1.0
410,410,5.916079783099616,1.0
411,411,5.916079783099616,1.0
412,412,5.916079783099616,1.0
413,413,5.916079783099616,1.0
414,414,5.916079783099616,1.0
415,415,5.916079783099616,1.0
416,416,5.916079783099616,1.0
417,417,5.916079783099616,1.0
418,418,5.916079783099616,1.0
419,419,5.916079783099616,1.0
420,420,5.916079783099616,1.0
421,421,5.916079783099616,1.0
422,422,5.916079783099616,1.0
423,423,5.916079783099616,1.0
424,424,5.916079783099616,1.0
425,425,5.916079783099616,1.0
426,426,5.916079783099616,1.0
427,427,5.916079783099616,1.0
428,428,5.916079783099616,1.0
429,429,5.916079783099616,1.0
430,430,5.916079783099616,1.0
431,431,5.916079783099616,1.0
432,432,5.916079783099616,1.0
433,433,5.916079783099616,1.0
434,434,5.916079783099616,1.0
435,435,5.916079783099616,1.0
436,436,5.916079783099616,1.0
437,437,5.916079783099616,1.0
438,438,5.916079783099616,1.0
439,439,5.916079783099616,1.0
440,440,5.916079783099616,1.0
441,441,5.916079783099616,1.0
442,442,5.916079783099616,1.0
443,443,5.916079783099616,1.0
444,444,5.916079783099616,1.0
445,445,5.916079783099616,1.0
446,446,5.916079783099616,1.0
447,447,5.916079783099616,1.0
448,448,5.916079783099616,1.0
449,449,5.916079783099616,1.0
450,450,5.916079783099616,1.0
451,451,5.916079783099616,1.0
452,452,5.916079783099616,1.0
453,453,5.916079783099616,1.0
454,454,5.916079783099616,1.0
455,455,5.916079783099616,1.0
456,456,5.916079783099616,1.0
457,457,5.916079783099616,1.0
458,458,5.916079783099616,1.0
459,459,5.916079783099616,1.0
460,460,5.916079783099616,1.0
461,461,5.916079783099616,1.0
462,462,5.916079783099616,1.0
463,463,5.916079783099616,1.0
464,464,5.916079783099616,1.0
465,465,5.916079783099616,1.0
466,466,5.916079783099616,1.0
467,467,5.916079783099616,1.0
468,468,5.916079783099616,1.0
469,469,5.916079783099616,1.0
470,470,5.916079783099616,1.0
471,471,5.916079783099616,1.0
472,472,5.916079783099616,1.0
473,473,5.916079783099616,1.0
474,474,5.916079783099616,1.0
475,475,5.916079783099616,1.0
476,476,5.916079783099616,1.0
477,477,5.916079783099616,1.0
478,478,5.916079783099616,1.0
479,479,5.916079783099616,1.0
480,480,5.916079783099616,1.0
481,481,5.916079783099616,1.0
482,482,5.916079783099616,1.0
483,483,5.916079783099616,1.0
484,484,5.916079783099616,1.0
485,485,5.916079783099616,1.0
486,486,5.916079783099616,1.0
487,487,5.916079783099616,1.0
488,488,5.916079783099616,1.0
489,489,5.916079783099616,1.0
490,490,5.916079783099616,1.0
491,491,5.916079783099616,1.0
492,492,5.916079783099616,1.0
493,493,5.916079783099616,1.0
494,494,5.916079783099616,1.0
495,495,5.916079783099616,1.0
496,496,5.916079783099616,1.0
497,497,5.916079783099616,1.0
498,498,5.916079783099616,1.0
499,499,5.916079783099616,1.0
500,500,5.916079783099616,1.0
501,501,5.916079783099616,1.0
502,502,5.916079783099616,1.0
503,503,5.916079783099616,1.0
504,504,5.916079783099616,1.0
505,505,5.916079783099616,1.0
506,506,5.916079783099616,1.0
507,507,5.916079783099616,1.0
508,508,5.916079783099616,1.0
509,509,5.916079783099616,1.0
510,510,5.916079783099616,1.0
511,511,5.916079783099616,1.0
512,512,5.916079783099616,1.0
513,513,5.916079783099616,1.0
514,514,5.916079783099616,1.0
515,515,5.916079783099616,1.0
516,516,5.916079783099616,1.0
517,517,5.916079783099616,1.0
518,518,5.916079783099616,1.0
519,519,5.916079783099616,1.0
520,520,5.916079783099616,1.0
521,521,5.916079783099616,1.0
522,522,5.916079783099616,1.0
523,523,5.916079783099616,1.0
524,524,5.916079783099616,1.0
525,525,5.916079783099616,1.0
526,526,5.916079783099616,1.0
527,527,5.916079783099616,1.0
528,528,5.916079783099616,1.0
529,529,5.916079783099616,1.0
530,530,5.916079783099616,1.0
531,531,5.916079783099616,1.0
532,532,5.916079783099616,1.0
533,533,5.916079783099616,1.0
534,534,5.916079783099616,1.0
535,535,5.916079783099616,1.0
536,536,5.916079783099616,1.0
537,537,5.916079783099616,1.0
538,538,5.916079783099616,1.0
539,539,5.916079783099616,1.0
540,540,5.916079783099616,1.0
541,541,5.916079783099616,1.0
542,542,5.916079783099616,1.0
543,543,5.916079783099616,1.0
544,544,5.916079783099616,1.0
545,545,5.916079783099616,1.0
546,546,5.916079783099616,1.0
547,547,5.916079783099616,1.0
548,548,5.916079783099616,1.0
549,549,5.916079783099616,1.0
550,550,5.916079783099616,1.0
551,551,5.916079783099616,1.0
552,552,5.916079783099616,1.0
553,553,5.916079783099616,1.0
554,554,5.916079783099616,1.0
555,555,5.916079783099616,1.0
556,556,5.916079783099616,1.0
557,557,5.916079783099616,1.0
558,558,5.916079783099616,1.0
559,559,5.916079783099616,1.0
560,560,5.916079783099616,1.0
561,561,5.916079783099616,1.0
562,562,5.916079783099616,1.0
563,563,5.916079783099616,1.0
564,564,5.916079783099616,1.0
565,565,5.916079783099616,1.0
566,566,5.916079783099616,1.0
567,567,5.916079783099616,1.0
568,568,5.916079783099616,1.0
569,569,5.916079783099616,1.0
570,570,5.916079783099616,1.0
571,571,5.916079783099616,1.0
572,572,5.916079783099616,1.0
573,573,5.916079783099616,1.0
574,574,5.916079783099616,1.0
575,575,5.916079783099616,1.0
576,576,5.916079783099616,1.0
577,577,5.916079783099616,1.0
578,578,5.916079783099616,1.0
579,579,5.916079783099616,1.0
580,580,5.916079783099616,1.0
581,581,5.916079783099616,1.0
582,582,5.916079783099616,1.0
583,583,5.916079783099616,1.0
584,584,5.916079783099616,1.0
585,585,5.916079783099616,1.0
586,586,5.916079783099616,1.0
587,587,5.916079783099616,1.0
588,588,5.916079783099616,1.0
589,589,5.916079783099616,1.0
590,590,5.916079783099616,1.0
591,591,5.916079783099616,1.0
592,592,5.916079783099616,1.0
593,593,5.916079783099616,1.0
594,594,5.916079783099616,1.0
595,595,5.916079783099616,1.0
596,596,5.916079783099616,1.0
597,597,5.916079783099616,1.0
598,598,5.916079783099616,1.0
599,599,5.916079783099616,1.0
600,600,5.916079783099616,1.0
601,601,5.916079783099616,1.0
602,602,5.916079783099616,1.0
603,603,5.916079783099616,1.0
604,604,5.916079783099616,1.0
605,605,5.916079783099616,1.0
606,606,5.916079783099616,1.0
607,607,5.916079783099616,1.0
608,608,5.916079783099616,1.0
609,609,5.916079783099616,1.0
610,610,5.916079783099616,1.0
611,611,5.916079783099616,1.0
612,612,5.916079783099616,1.0
613,613,5.916079783099616,1.0
614,614,5.916079783099616,1.0
615,615,5.916079783099616,1.0
616,616,5.916079783099616,1.0
617,617,5.916079783099616,1.0
618,618,5.916079783099616,1.0
619,619,5.916079783099616,1.0
620,620,5.916079783099616,1.0
621,621,5.916079783099616,1.0
622,622,5.916079783099616,1.0
623,623,5.916079783099616,1.0
624,624,5.916079783099616,1.0
625,625,5.916079783099616,1.0
626,626,5.916079783099616,1.0
627,627,5.916079783099616,1.0
628,628,5.916079783099616,1.0
629,629,5.916079783099616,1.0
630,630,5.916079783099616,1.0
631,631,5.916079783099616,1.0
632,632,5.916079783099616,1.0
633,633,5.916079783099616,1.0
634,634,5.916079783099616,1.0
635,635,5.916079783099616,1.0
636,636,5.916079783099616,1.0
637,637,5.916079783099616,1.0
638,638,5.916079783099616,1.0
639,639,5.916079783099616,1.0
640,640,5.916079783099616,1.0
641,641,5.916079783099616,1.0
642,642,5.916079783099616,1.0
643,643,5.916079783099616,1.0
644,644,5.916079783099616,1.0
645,645,5.916079783099616,1.0
646,646,5.916079783099616,1.0
647,647,5.916079783099616,1.0
648,648,5.916079783099616,1.0
649,649,5.916079783099616,1.0
650,650,5.916079783099616,1.0
651,651,5.916079783099616,1.0
652,652,5.916079783099616,1.0
653,653,5.916079783099616,1.0
654,654,5.916079783099616,1.0
655,655,5.916079783099616,1.0
656,656,5.916079783099616,1.0
657,657,5.916079783099616,1.0
658,658,5.916079783099616,1.0
659,659,5.916079783099616,1.0
660,660,5.916079783099616,1.0
661,661,5.916079783099616,1.0
662,662,5.916079783099616,1.0
663,663,5.916079783099616,1.0
664,664,5.916079783099616,1.0
665,665,5.916079783099616,1.0
666,666,5.916079783099616,1.0
667,667,5.916079783099616,1.0
668,668,5.916079783099616,1.0
669,669,5.916079783099616,1.0
670,670,5.916079783099616,1.0
671,671,5.916079783099616,1.0
672,672,5.916079783099616,1.0
673,673,5.916079783099616,1.0
674,674,5.916079783099616,1.0
675,675,5.916079783099616,1.0
676,676,5.916079783099616,1.0
677,677,5.916079783099616,1.0
678,678,5.916079783099616,1.0
679,679,5.916079783099616,1.0
680,680,5.916079783099616,1.0
681,681,5.916079783099616,1.0
682,682,5.916079783099616,1.0
683,683,5.916079783099616,1.0
684,684,5.916079783099616,1.0
685,685,5.916079783099616,1.0
686,686,5.916079783099616,1.0
687,687,5.916079783099616,1.0
688,688,5.916079783099616,1.0
689,689,5.916079783099616,1.0
690,690,5.916079783099616,1.0
691,691,5.916079783099616,1.0
692,692,5.916079783099616,1.0
693,693,5.916079783099616,1.0
694,694,5.916079783099616,1.0
695,695,5.916079783099616,1.0
696,696,5.916079783099616,1.0
697,697,5.916079783099616,1.0
698,698,5.916079783099616,1.0
699,699,5.916079783099616,1.0
700,700,5.916079783099616,1.0
701,701,5.916079783099616,1.0
702,702,5.916079783099616,1.0
703,703,5.916079783099616,1.0
704,704,5.916079783099616,1.0
705,705,5.916079783099616,1.0
706,706,5.916079783099616,1.0
707,707,5.916079783099616,1.0
708,708,5.916079783099616,1.0
709,709,5.916079783099616,1.0
710,710,5.916079783099616,1.0
711,711,5.916079783099616,1.0
712,712,5.916079783099616,1.0
713,713,5.916079783099616,1.0
714,714,5.916079783099616,1.0
715,715,5.916079783099616,1.0
716,716,5.916079783099616,1.0
717,717,5.916079783099616,1.0
718,718,5.916079783099616,1.0
719,719,5.916079783099616,1.0
720,720,5.916079783099616,1.0
721,721,5.916079783099616,1.0
722,722,5.916079783099616,1.0
723,723,5.916079783099616,1.0
724,724,5.916079783099616,1.0
725,725,5.916079783099616,1.0
726,726,5.916079783099616,1.0
727,727,5.916079783099616,1.0
728,728,5.916079783099616,1.0
729,729,5.916079783099616,1.0
730,730,5.916079783099616,1.0
731,731,5.916079783099616,1.0
732,732,5.916079783099616,1.0
733,733,5.916079783099616,1.0
734,734,5.916079783099616,1.0
735,735,5.916079783099616,1.0
736,736,5.916079783099616,1.0
737,737,5.916079783099616,1.0
738,738,5.916079783099616,1.0
739,739,5.916079783099616,1.0
740,740,5.916079783099616,1.0
741,741,5.916079783099616,1.0
742,742,5.916079783099616,1.0
743,743,5.916079783099616,1.0
744,744,5.916079783099616,1.0
745,745,5.916079783099616,1.0
746,746,5.916079783099616,1.0
747,747,5.916079783099616,1.0
748,748,5.916079783099616,1.0
749,749,5.916079783099616,1.0
750,750,5.916079783099616,1.0
751,751,5.916079783099616,1.0
752,752,5.916079783099616,1.0
753,753,5.916079783099616,1.0
754,754,5.916079783099616,1.0
755,755,5.916079783099616,1.0
756,756,5.916079783099616,1.0
757,757,5.916079783099616,1.0
758,758,5.916079783099616,1.0
759,759,5.916079783099616,1.0
760,760,5.916079783099616,1.0
761,761,5.916079783099616,1.0
762,762,5.916079783099616,1.0
763,763,5.916079783099616,1.0
764,764,5.916079783099616,1.0
765,765,5.916079783099616,1.0
766,766,5.916079783099616,1.0
767,767,5.916079783099616,1.0
768,768,5.916079783099616,1.0
769,769,5.916079783099616,1.0
770,770,5.916079783099616,1.0
771,771,5.916079783099616,1.0
772,772,5.916079783099616,1.0
773,773,5.916079783099616,1.0
774,774,5.916079783099616,1.0
775,775,5.916079783099616,1.0
776,776,5.916079783099616,1.0
777,777,5.916079783099616,1.0
778,778,5.916079783099616,1.0
779,779,5.916079783099616,1.0
780,780,5.916079783099616,1.0
781,781,5.916079783099616,1.0
782,782,5.916079783099616,1.0
783,783,5.916079783099616,1.0
784,784,5.916079783099616,1.0
785,785,5.916079783099616,1.0
786,786,5.916079783099616,1.0
787,787,5.916079783099616,1.0
788,788,5.916079783099616,1.0
789,789,5.916079783099616,1.0
790,790,5.916079783099616,1.0
791,791,5.916079783099616,1.0
792,792,5.916079783099616,1.0
793,793,5.916079783099616,1.0
794,794,5.916079783099616,1.0
795,795,5.916079783099616,1.0
796,796,5.916079783099616,1.0
797,797,5.916079783099616,1.0
798,798,5.916079783099616,1.0
799,799,5.916079783099616,1.0
800,800,5.916079783099616,1.0
801,801,5.916079783099616,1.0
802,802,5.916079783099616,1.0
803,803,5.916079783099616,1.0
804,804,5.916079783099616,1.0
805,805,5.916079783099616,1.0
806,806,5.916079783099616,1.0
807,807,5.916079783099616,1.0
808,808,5.916079783099616,1.0
809,809,5.916079783099616,1.0
810,810,5.916079783099616,1.0
811,811,5.916079783099616,1.0
812,812,5.916079783099616,1.0
813,813,5.916079783099616,1.0
814,814,5.916079783099616,1.0
815,815,5.916079783099616,1.0
816,816,5.916079783099616,1.0
817,817,5.916079783099616,1.0
818,818,5.916079783099616,1.0
819,819,5.916079783099616,1.0
820,820,5.916079783099616,1.0
821,821,5.916079783099616,1.0
822,822,5.916079783099616,1.0
823,823,5.916079783099616,1.0
824,824,5.916079783099616,1.0
825,825,5.916079783099616,1.0
826,826,5.916079783099616,1.0
827,827,5.916079783099616,1.0
828,828,5.916079783099616,1.0
829,829,5.916079783099616,1.0
830,830,5.916079783099616,1.0
831,831,5.916079783099616,1.0
832,832,5.916079783099616,1.0
833,833,5.916079783099616,1.0
834,834,5.916079783099616,1.0
835,835,5.916079783099616,1.0
836,836,5.916079783099616,1.0
837,837,5.916079783099616,1.0
838,838,5.916079783099616,1.0
839,839,5.916079783099616,1.0
840,840,5.916079783099616,1.0
841,841,5.916079783099616,1.0
842,842,5.916079783099616,1.0
843,843,5.916079783099616,1.0
844,844,5.916079783099616,1.0
845,845,5.916079783099616,1.0
846,846,5.916079783099616,1.0
847,847,5.916079783099616,1.0
848,848,5.916079783099616,1.0
849,849,5.916079783099616,1.0
850,850,5.916079783099616,1.0
851,851,5.916079783099616,1.0
852,852,5.916079783099616,1.0
853,853,5.916079783099616,1.0
854,854,5.916079783099616,1.0
855,855,5.916079783099616,1.0
856,856,5.916079783099616,1.0
857,857,5.916079783099616,1.0
858,858,5.916079783099616,1.0
859,859,5.916079783099616,1.0
860,860,5.916079783099616,1.0
861,861,5.916079783099616,1.0
862,862,5.916079783099616,1.0
863,863,5.916079783099616,1.0
864,864,5.916079783099616,1.0
865,865,5.916079783099616,1.0
866,866,5.916079783099616,1.0
867,867,5.916079783099616,1.0
868,868,5.916079783099616,1.0
869,869,5.916079783099616,1.0
870,870,5.916079783099616,1.0
871,871,5.916079783099616,1.0
872,872,5.916079783099616,1.0
873,873,5.916079783099616,1.0
874,874,5.916079783099616,1.0
875,875,5.916079783099616,1.0
876,876,5.916079783099616,1.0
877,877,5.916079783099616,1.0
878,878,5.916079783099616,1.0
879,879,5.916079783099616,1.0
880,880,5.916079783099616,1.0
881,881,5.916079783099616,1.0
882,882,5.916079783099616,1.0
883,883,5.916079783099616,1.0
884,884,5.916079783099616,1.0
885,885,5.916079783099616,1.0
886,886,5.916079783099616,1.0
887,887,5.916079783099616,1.0
888,888,5.916079783099616,1.0
889,889,5.916079783099616,1.0
890,890,5.916079783099616,1.0
891,891,5.916079783099616,1.0
892,892,5.916079783099616,1.0
893,893,5.916079783099616,1.0
894,894,5.916079783099616,1.0
895,895,5.916079783099616,1.0
896,896,5.916079783099616,1.0
897,897,5.916079783099616,1.0
898,898,5.916079783099616,1.0
899,899,5.916079783099616,1.0
900,900,5.916079783099616,1.0
901,901,5.916079783099616,1.0
902,902,5.916079783099616,1.0
903,903,5.916079783099616,1.0
904,904,5.916079783099616,1.0
905,905,5.916079783099616,1.0
906,906,5.916079783099616,1.0
907,907,5.916079783099616,1.0
908,908,5.916079783099616,1.0
909,909,5.916079783099616,1.0
910,910,5.916079783099616,1.0
911,911,5.916079783099616,1.0
912,912,5.916079783099616,1.0
913,913,5.916079783099616,1.0
914,914,5.916079783099616,1.0
915,915,5.916079783099616,1.0
916,916,5.916079783099616,1.0
917,917,5.916079783099616,1.0
918,918,5.916079783099616,1.0
919,919,5.916079783099616,1.0
920,920,5.916079783099616,1.0
921,921,5.916079783099616,1.0
922,922,5.916079783099616,1.0
923,923,5.916079783099616,1.0
924,924,5.916079783099616,1.0
925,925,5.916079783099616,1.0
926,926,5.916079783099616,1.0
927,927,5.916079783099616,1.0
928,928,5.916079783099616,1.0
929,929,5.916079783099616,1.0
930,930,5.916079783099616,1.0
931,931,5.916079783099616,1.0
932,932,5.916079783099616,1.0
933,933,5.916079783099616,1.0
934,934,5.916079783099616,1.0
935,935,5.916079783099616,1.0
936,936,5.916079783099616,1.0
937,937,5.916079783099616,1.0
938,938,5.916079783099616,1.0
939,939,5.916079783099616,1.0
940,940,5.916079783099616,1.0
941,941,5.916079783099616,1.0
942,942,5.916079783099616,1.0
943,943,5.916079783099616,1.0
944,944,5.916079783099616,1.0
945,945,5.916079783099616,1.0
946,946,5.916079783099616,1.0
947,947,5.916079783099616,1.0
948,948,5.916079783099616,1.0
949,949,5.916079783099616,1.0
950,950,5.916079783099616,1.0
951,951,5.916079783099616,1.0
952,952,5.916079783099616,1.0
953,953,5.916079783099616,1.0
954,954,5.916079783099616,1.0
955,955,5.916079783099616,1.0
956,956,5.916079783099616,1.0
957,957,5.916079783099616,1.0
958,958,5.916079783099616,1.0
959,959,5.916079783099616,1.0
960,960,5.916079783099616,1.0
961,961,5.916079783099616,1.0
962,962,5.916079783099616,1.0
963,963,5.916079783099616,1.0
964,964,5.916079783099616,1.0
965,965,5.916079783099616,1.0
966,966,5.916079783099616,1.0
967,967,5.916079783099616,1.0
968,968,5.916079783099616,1.0
969,969,5.916079783099616,1.0
970,970,5.916079783099616,1.0
971,971,5.916079783099616,1.0
972,972,5.916079783099616,1.0
973,973,5.916079783099616,1.0
974,974,5.916079783099616,1.0
975,975,5.916079783099616,1.0
976,976,5.916079783099616,1.0
977,977,5.916079783099616,1.0
978,978,5.916079783099616,1.0
979,979,5.916079783099616,1.0
980,980,5.916079783099616,1.0
981,981,5.916079783099616,1.0
982,982,5.916079783099616,1.0
983,983,5.916079783099616,1.0
984,984,5.916079783099616,1.0
985,985,5.916079783099616,1.0
986,986,5.916079783099616,1.0
987,987,5.916079783099616,1.0
988,988,5.916079783099616,1.0
989,989,5.916079783099616,1.0
990,990,5.916079783099616,1.0
991,991,5.916079783099616,1.0
992,992,5.916079783099616,1.0
993,993,5.916079783099616,1.0
994,994,5.916079783099616,1.0
995,995,5.916079783099616,1.0
996,996,5.916079783099616,1.0
997,997,5.916079783099616,1.0
998,998,5.916079783099616,1.0
999,999,5.916079783099616,1.0
1000,1000,5.916079783099616,1.0
1001,1001,5.916079783099616,1.0
1002,1002,5.916079783099616,1.0
1003,1003,5.916079783099616,1.0
1004,1004,5.916079783099616,1.0
1005,1005,5.916079783099616,1.0
1006,1006,5.916079783099616,1.0
1007,1007,5.916079783099616,1.0
1008,1008,5.916079783099616,1.0
1009,1009,5.916079783099616,1.0
1010,1010,5.916079783099616,1.0
1011,1011,5.916079783099616,1.0
1012,1012,5.916079783099616,1.0
1013,1013,5.916079783099616,1.0
1014,1014,5.916079783099616,1.0
1015,1015,5.916079783099616,1.0
1016,1016,5.916079783099616,1.0
1017,1017,5.916079783099616,1.0
1018,1018,5.916079783099616,1.0
1019,1019,5.916079783099616,1.0
1020,1020,5.916079783099616,1.0
1021,1021,5.916079783099616,1.0
1022,1022,5.916079783099616,1.0
1023,1023,5.916079783099616,1.0
1024,1024,5.916079783099616,1.0
1025,1025,5.916079783099616,1.0
1026,1026,5.916079783099616,1.0
1027,1027,5.916079783099616,1.0
1028,1028,5.916079783099616,1.0
1029,1029,5.916079783099616,1.0
1030,1030,5.916079783099616,1.0
1031,1031,5.916079783099616,1.0
1032,1032,5.916079783099616,1.0
1033,1033,5.916079783099616,1.0
1034,1034,5.916079783099616,1.0
1035,1035,5.916079783099616,1.0
1036,1036,5.916079783099616,1.0
1037,1037,5.916079783099616,1.0
1038,1038,5.916079783099616,1.0
1039,1039,5.916079783099616,1.0
1040,1040,5.916079783099616,1.0
1041,1041,5.916079783099616,1.0
1042,1042,5.916079783099616,1.0
1043,1043,5.916079783099616,1.0
1044,1044,5.916079783099616,1.0
1045,1045,5.916079783099616,1.0
1046,1046,5.916079783099616,1.0
1047,1047,5.916079783099616,1.0
1048,1048,5.916079783099616,1.0
1049,1049,5.916079783099616,1.0
1050,1050,5.916079783099616,1.0
1051,1051,5.916079783099616,1.0
1052,1052,5.916079783099616,1.0
1053,1053,5.916079783099616,1.0
1054,1054,5.916079783099616,1.0
1055,1055,5.916079783099616,1.0
1056,1056,5.916079783099616,1.0
1057,1057,5.916079783099616,1.0
1058,1058,5.916079783099616,1.0
1059,1059,5.916079783099616,1.0
1060,1060,5.916079783099616,1.0
1061,1061,5.916079783099616,1.0
1062,1062,5.916079783099616,1.0
1063,1063,5.916079783099616,1.0
1064,1064,5.916079783099616,1.0
1065,1065,5.916079783099616,1.0
1066,1066,5.916079783099616,1.0
1067,1067,5.916079783099616,1.0
1068,1068,5.916079783099616,1.0
1069,1069,5.916079783099616,1.0
1070,1070,5.916079783099616,1.0
1071,1071,5.916079783099616,1.0
1072,1072,5.916079783099616,1.0
1073,1073,5.916079783099616,1.0
1074,1074,5.916079783099616,1.0
1075,1075,5.916079783099616,1.0
1076,1076,5.916079783099616,1.0
1077,1077,5.916079783099616,1.0
1078,1078,5.916079783099616,1.0
1079,1079,5.916079783099616,1.0
1080,1080,5.916079783099616,1.0
1081,1081,5.916079783099616,1.0
1082,1082,5.916079783099616,1.0
1083,1083,5.916079783099616,1.0
1084,1084,5.916079783099616,1.0
1085,1085,5.916079783099616,1.0
1086,1086,5.916079783099616,1.0
1087,1087,5.916079783099616,1.0
1088,1088,5.916079783099616,1.0
1089,1089,5.916079783099616,1.0
1090,1090,5.916079783099616,1.0
1091,1091,5.916079783099616,1.0
1092,1092,5.916079783099616,1.0
1093,1093,5.916079783099616,1.0
1094,1094,5.916079783099616,1.0
1095,1095,5.916079783099616,1.0
1096,1096,5.916079783099616,1.0
1097,1097,5.916079783099616,1.0
1098,1098,5.916079783099616,1.0
1099,1099,5.916079783099616,1.0
1100,1100,5.916079783099616,1.0
1101,1101,5.916079783099616,1.0
1102,1102,5.916079783099616,1.0
1103,1103,5.916079783099616,1.0
1104,1104,5.916079783099616,1.0
1105,1105,5.916079783099616,1.0
1106,1106,5.916079783099616,1.0
1107,1107,5.916079783099616,1.0
1108,1108,5.916079783099616,1.0
1109,1109,5.916079783099616,1.0
1110,1110,5.916079783099616,1.0
1111,1111,5.916079783099616,1.0
1112,1112,5.916079783099616,1.0
1113,1113,5.916079783099616,1.0
1114,1114,5.916079783099616,1.0
1115,1115,5.916079783099616,1.0
1116,1116,5.916079783099616,1.0
1117,1117,5.916079783099616,1.0
1118,1118,5.916079783099616,1.0
1119,1119,5.916079783099616,1.0
1120,1120,5.916079783099616,1.0
1121,1121,5.916079783099616,1.0
1122,1122,5.916079783099616,1.0
1123,1123,5.916079783099616,1.0
1124,1124,5.916079783099616,1.0
1125,1125,5.916079783099616,1.0
1126,1126,5.916079783099616,1.0
1127,1127,5.916079783099616,1.0
1128,1128,5.916079783099616,1.0
1129,1129,5.916079783099616,1.0
1130,1130,5.916079783099616,1.0
1131,1131,5.916079783099616,1.0
1132,1132,5.916079783099616,1.0
1133,1133,5.916079783099616,1.0
1134,1134,5.916079783099616,1.0
1135,1135,5.916079783099616,1.0
1136,1136,5.916079783099616,1.0
1137,1137,5.916079783099616,1.0
1138,1138,5.916079783099616,1.0
1139,1139,5.916079783099616,1.0
1140,1140,5.916079783099616,1.0
1141,1141,5.916079783099616,1.0
1142,1142,5.916079783099616,1.0
1143,1143,5.916079783099616,1.0
1144,1144,5.916079783099616,1.0
1145,1145,5.916079783099616,1.0
1146,1146,5.916079783099616,1.0
1147,1147,5.916079783099616,1.0
1148,1148,5.916079783099616,1.0
1149,1149,5.916079783099616,1.0
1150,1150,5.916079783099616,1.0
1151,1151,5.916079783099616,1.0
1152,1152,5.916079783099616,1.0
1153,1153,5.916079783099616,1.0
1154,1154,5.916079783099616,1.0
1155,1155,5.916079783099616,1.0
1156,1156,5.916079783099616,1.0
1157,1157,5.916079783099616,1.0
1158,1158,5.916079783099616,1.0
1159,1159,5.916079783099616,1.0
1160,1160,5.916079783099616,1.0
1161,1161,5.916079783099616,1.0
1162,1162,5.916079783099616,1.0
1163,1163,5.916079783099616,1.0
1164,1164,5.916079783099616,1.0
1165,1165,5.916079783099616,1.0
1166,1166,5.916079783099616,1.0
1167,1167,5.916079783099616,1.0
1168,1168,5.916079783099616,1.0
1169,1169,5.916079783099616,1.0
1170,1170,5.916079783099616,1.0
1171,1171,5.916079783099616,1.0
1172,1172,5.916079783099616,1.0
1173,1173,5.916079783099616,1.0
1174,1174,5.916079783099616,1.0
1175,1175,5.916079783099616,1.0
1176,1176,5.916079783099616,1.0
1177,1177,5.916079783099616,1.0
1178,1178,5.916079783099616,1.0
1179,1179,5.916079783099616,1.0
1180,1180,5.916079783099616,1.0
1181,1181,5.916079783099616,1.0
1182,1182,5.916079783099616,1.0
1183,1183,5.916079783099616,1.0
1184,1184,5.916079783099616,1.0
1185,1185,5.916079783099616,1.0
1186,1186,5.916079783099616,1.0
1187,1187,5.916079783099616,1.0
1188,1188,5.916079783099616,1.0
1189,1189,5.916079783099616,1.0
1190,1190,5.916079783099616,1.0
1191,1191,5.916079783099616,1.0
1192,1192,5.916079783099616,1.0
1193,1193,5.916079783099616,1.0
1194,1194,5.916079783099616,1.0
1195,1195,5.916079783099616,1.0
1196,1196,5.916079783099616,1.0
1197,1197,5.916079783099616,1.0
1198,1198,5.916079783099616,1.0
1199,1199,5.916079783099616,1.0
1200,1200,5.916079783099616,1.0
1201,1201,5.916079783099616,1.0
1202,1202,5.916079783099616,1.0
1203,1203,5.916079783099616,1.0
1204,1204,5.916079783099616,1.0
1205,1205,5.916079783099616,1.0
1206,1206,5.916079783099616,1.0
1207,1207,5.916079783099616,1.0
1208,1208,5.916079783099616,1.0
1209,1209,5.916079783099616,1.0
1210,1210,5.916079783099616,1.0
1211,1211,5.916079783099616,1.0
1212,1212,5.916079783099616,1.0
1213,1213,5.916079783099616,1.0
1214,1214,5.916079783099616,1.0
1215,1215,5.916079783099616,1.0
1216,1216,5.916079783099616,1.0
1217,1217,5.916079783099616,1.0
1218,1218,5.916079783099616,1.0
1219,1219,5.916079783099616,1.0
1220,1220,5.916079783099616,1.0
1221,1221,5.916079783099616,1.0
1222,1222,5.916079783099616,1.0
1223,1223,5.916079783099616,1.0
1224,1224,5.916079783099616,1.0
1225,1225,5.916079783099616,1.0
1226,1226,5.916079783099616,1.0
1227,1227,5.916079783099616,1.0
1228,1228,5.916079783099616,1.0
1229,1229,5.916079783099616,1.0
1230,1230,5.916079783099616,1.0
1231,1231,5.916079783099616,1.0
1232,1232,5.916079783099616,1.0
1233,1233,5.916079783099616,1.0
1234,1234,5.916079783099616,1.0
1235,1235,5.916079783099616,1.0
1236,1236,5.916079783099616,1.0
1237,1237,5.916079783099616,1.0
1238,1238,5.916079783099616,1.0
1239,1239,5.916079783099616,1.0
1240,1240,5.916079783099616,1.0
1241,1241,5.916079783099616,1.0
1242,1242,5.916079783099616,1.0
1243,1243,5.916079783099616,1.0
1244,1244,5.916079783099616,1.0
1245,1245,5.916079783099616,1.0
1246,1246,5.916079783099616,1.0
1247,1247,5.916079783099616,1.0
1248,1248,5.916079783099616,1.0
1249,1249,5.916079783099616,1.0
1250,1250,5.916079783099616,1.0
1251,1251,5.916079783099616,1.0
1252,1252,5.916079783099616,1.0
1253,1253,5.916079783099616,1.0
1254,1254,5.916079783099616,1.0
1255,1255,5.916079783099616,1.0
1256,1256,5.916079783099616,1.0
1257,1257,5.916079783099616,1.0
1258,1258,5.916079783099616,1.0
1259,1259,5.916079783099616,1.0
1260,1260,5.916079783099616,1.0
1261,1261,5.916079783099616,1.0
1262,1262,5.916079783099616,1.0
1263,1263,5.916079783099616,1.0
1264,1264,5.916079783099616,1.0
1265,1265,5.916079783099616,1.0
1266,1266,5.916079783099616,1.0
1267,1267,5.916079783099616,1.0
1268,1268,5.916079783099616,1.0
1269,1269,5.916079783099616,1.0
1270,1270,5.916079783099616,1.0
1271,1271,5.916079783099616,1.0
1272,1272,5.916079783099616,1.0
1273,1273,5.916079783099616,1.0
1274,1274,5.916079783099616,1.0
1275,1275,5.916079783099616,1.0
1276,1276,5.916079783099616,1.0
1277,1277,5.916079783099616,1.0
1278,1278,5.916079783099616,1.0
1279,1279,5.916079783099616,1.0
1280,1280,5.916079783099616,1.0
1281,1281,5.916079783099616,1.0
1282,1282,5.916079783099616,1.0
1283,1283,5.916079783099616,1.0
1284,1284,5.916079783099616,1.0
1285,1285,5.916079783099616,1.0
1286,1286,5.916079783099616,1.0
1287,1287,5.916079783099616,1.0
1288,1288,5.916079783099616,1.0
1289,1289,5.916079783099616,1.0
1290,1290,5.916079783099616,1.0
1291,1291,5.916079783099616,1.0
1292,1292,5.916079783099616,1.0
1293,1293,5.916079783099616,1.0
1294,1294,5.916079783099616,1.0
1295,1295,5.916079783099616,1.0
1296,1296,5.916079783099616,1.0
1297,1297,5.916079783099616,1.0
1298,1298,5.916079783099616,1.0
1299,1299,5.916079783099616,1.0
1300,1300,5.916079783099616,1.0
1301,1301,5.916079783099616,1.0
1302,1302,5.916079783099616,1.0
1303,1303,5.916079783099616,1.0
1304,1304,5.916079783099616,1.0
1305,1305,5.916079783099616,1.0
1306,1306,5.916079783099616,1.0
1307,1307,5.916079783099616,1.0
1308,1308,5.916079783099616,1.0
1309,1309,5.916079783099616,1.0
1310,1310,5.916079783099616,1.0
1311,1311,5.916079783099616,1.0
1312,1312,5.916079783099616,1.0
1313,1313,5.916079783099616,1.0
1314,1314,5.916079783099616,1.0
1315,1315,5.916079783099616,1.0
1316,1316,5.916079783099616,1.0
1317,1317,5.916079783099616,1.0
1318,1318,5.916079783099616,1.0
1319,1319,5.916079783099616,1.0
1320,1320,5.916079783099616,1.0
1321,1321,5.916079783099616,1.0
1322,1322,5.916079783099616,1.0
1323,1323,5.916079783099616,1.0
1324,1324,5.916079783099616,1.0
1325,1325,5.916079783099616,1.0
1326,1326,5.916079783099616,1.0
1327,1327,5.916079783099616,1.0
1328,1328,5.916079783099616,1.0
1329,1329,5.916079783099616,1.0
1330,1330,5.916079783099616,1.0
1331,1331,5.916079783099616,1.0
1332,1332,5.916079783099616,1.0
1333,1333,5.916079783099616,1.0
1334,1334,5.916079783099616,1.0
1335,1335,5.916079783099616,1.0
1336,1336,5.916079783099616,1.0
1337,1337,5.916079783099616,1.0
1338,1338,5.916079783099616,1.0
1339,1339,5.916079783099616,1.0
1340,1340,5.916079783099616,1.0
1341,1341,5.916079783099616,1.0
1342,1342,5.916079783099616,1.0
1343,1343,5.916079783099616,1.0
1344,1344,5.916079783099616,1.0
1345,1345,5.916079783099616,1.0
1346,1346,5.916079783099616,1.0
1347,1347,5.916079783099616,1.0
1348,1348,5.916079783099616,1.0
1349,1349,5.916079783099616,1.0
1350,1350,5.916079783099616,1.0
1351,1351,5.916079783099616,1.0
1352,1352,5.916079783099616,1.0
1353,1353,5.916079783099616,1.0
1354,1354,5.916079783099616,1.0
1355,1355,5.916079783099616,1.0
1356,1356,5.916079783099616,1.0
1357,1357,5.916079783099616,1.0
1358,1358,5.916079783099616,1.0
1359,1359,5.916079783099616,1.0
1360,1360,5.916079783099616,1.0
1361,1361,5.916079783099616,1.0
1362,1362,5.916079783099616,1.0
1363,1363,5.916079783099616,1.0
1364,1364,5.916079783099616,1.0
1365,1365,5.916079783099616,1.0
1366,1366,5.916079783099616,1.0
1367,1367,5.916079783099616,1.0
1368,1368,5.916079783099616,1.0
1369,1369,5.916079783099616,1.0
1370,1370,5.916079783099616,1.0
1371,1371,5.916079783099616,1.0
1372,1372,5.916079783099616,1.0
1373,1373,5.916079783099616,1.0
1374,1374,5.916079783099616,1.0
1375,1375,5.916079783099616,1.0
1376,1376,5.916079783099616,1.0
1377,1377,5.916079783099616,1.0
1378,1378,5.916079783099616,1.0
1379,1379,5.916079783099616,1.0
1380,1380,5.916079783099616,1.0
1381,1381,5.916079783099616,1.0
1382,1382,5.916079783099616,1.0
1383,1383,5.916079783099616,1.0
1384,1384,5.916079783099616,1.0
1385,1385,5.916079783099616,1.0
1386,1386,5.916079783099616,1.0
1387,1387,5.916079783099616,1.0
1388,1388,5.916079783099616,1.0
1389,1389,5.916079783099616,1.0
1390,1390,5.916079783099616,1.0
1391,1391,5.916079783099616,1.0
1392,1392,5.916079783099616,1.0
1393,1393,5.916079783099616,1.0
1394,1394,5.916079783099616,1.0
1395,1395,5.916079783099616,1.0
1396,1396,5.916079783099616,1.0
1397,1397,5.916079783099616,1.0
1398,1398,5.916079783099616,1.0
1399,1399,5.916079783099616,1.0
1400,1400,5.916079783099616,1.0
1401,1401,5.916079783099616,1.0
1402,1402,5.916079783099616,1.0
1403,1403,5.916079783099616,1.0
1404,1404,5.916079783099616,1.0
1405,1405,5.916079783099616,1.0
1406,1406,5.916079783099616,1.0
1407,1407,5.916079783099616,1.0
1408,1408,5.916079783099616,1.0
1409,1409,5.916079783099616,1.0
1410,1410,5.916079783099616,1.0
1411,1411,5.916079783099616,1.0
1412,1412,5.916079783099616,1.0
1413,1413,5.916079783099616,1.0
1414,1414,5.916079783099616,1.0
1415,1415,5.916079783099616,1.0
1416,1416,5.916079783099616,1.0
1417,1417,5.916079783099616,1.0
1418,1418,5.916079783099616,1.0
1419,1419,5.916079783099616,1.0
1420,1420,5.916079783099616,1.0
1421,1421,5.916079783099616,1.0
1422,1422,5.916079783099616,1.0
1423,1423,5.916079783099616,1.0
1424,1424,5.916079783099616,1.0
1425,1425,5.916079783099616,1.0
1426,1426,5.916079783099616,1.0
1427,1427,5.916079783099616,1.0
1428,1428,5.916079783099616,1.0
1429,1429,5.916079783099616,1.0
1430,1430,5.916079783099616,1.0
1431,1431,5.916079783099616,1.0
1432,1432,5.916079783099616,1.0
1433,1433,5.916079783099616,1.0
1434,1434,5.916079783099616,1.0
1435,1435,5.916079783099616,1.0
1436,1436,5.916079783099616,1.0
1437,1437,5.916079783099616,1.0
1438,1438,5.916079783099616,1.0
1439,1439,5.916079783099616,1.0
1440,1440,5.916079783099616,1.0
1441,1441,5.916079783099616,1.0
1442,1442,5.916079783099616,1.0
1443,1443,5.916079783099616,1.0
1444,1444,5.916079783099616,1.0
1445,1445,5.916079783099616,1.0
1446,1446,5.916079783099616,1.0
1447,1447,5.916079783099616,1.0
1448,1448,5.916079783099616,1.0
1449,1449,5.916079783099616,1.0
1450,1450,5.916079783099616,1.0
1451,1451,5.916079783099616,1.0
1452,1452,5.916079783099616,1.0
1453,1453,5.916079783099616,1.0
1454,1454,5.916079783099616,1.0
1455,1455,5.916079783099616,1.0
1456,1456,5.916079783099616,1.0
1457,1457,5.916079783099616,1.0
1458,1458,5.916079783099616,1.0
1459,1459,5.916079783099616,1.0
1460,1460,5.916079783099616,1.0
1461,1461,5.916079783099616,1.0
1462,1462,5.916079783099616,1.0
1463,1463,5.916079783099616,1.0
1464,1464,5.916079783099616,1.0
1465,1465,5.916079783099616,1.0
1466,1466,5.916079783099616,1.0
1467,1467,5.916079783099616,1.0
1468,1468,5.916079783099616,1.0
1469,1469,5.916079783099616,1.0
1470,1470,5.916079783099616,1.0
1471,1471,5.916079783099616,1.0
1472,1472,5.916079783099616,1.0
1473,1473,5.916079783099616,1.0
1474,1474,5.916079783099616,1.0
1475,1475,5.916079783099616,1.0
1476,1476,5.916079783099616,1.0
1477,1477,5.916079783099616,1.0
1478,1478,5.916079783099616,1.0
1479,1479,5.916079783099616,1.0
1480,1480,5.916079783099616,1.0
1481,1481,5.916079783099616,1.0
1482,1482,5.916079783099616,1.0
1483,1483,5.916079783099616,1.0
1484,1484,5.916079783099616,1.0
1485,1485,5.916079783099616,1.0
1486,1486,5.916079783099616,1.0
1487,1487,5.916079783099616,1.0
1488,1488,5.916079783099616,1.0
1489,1489,5.916079783099616,1.0
1490,1490,5.916079783099616,1.0
1491,1491,5.916079783099616,1.0
1492,1492,5.916079783099616,1.0
1493,1493,5.916079783099616,1.0
1494,1494,5.916079783099616,1.0
1495,1495,5.916079783099616,1.0
1496,1496,5.916079783099616,1.0
1497,1497,5.916079783099616,1.0
1498,1498,5.916079783099616,1.0
1499,1499,5.916079783099616,1.0
1500,1500,5.916079783099616,1.0
1501,1501,5.916079783099616,1.0
1502,1502,5.916079783099616,1.0
1503,1503,5.916079783099616,1.0
1504,1504,5.916079783099616,1.0
1505,1505,5.916079783099616,1.0
1506,1506,5.916079783099616,1.0
1507,1507,5.916079783099616,1.0
1508,1508,5.916079783099616,1.0
1509,1509,5.916079783099616,1.0
1510,1510,5.916079783099616,1.0
1511,1511,5.916079783099616,1.0
1512,1512,5.916079783099616,1.0
1513,1513,5.916079783099616,1.0
1514,1514,5.916079783099616,1.0
1515,1515,5.916079783099616,1.0
1516,1516,5.916079783099616,1.0
1517,1517,5.916079783099616,1.0
1518,1518,5.916079783099616,1.0
1519,1519,5.916079783099616,1.0
1520,1520,5.916079783099616,1.0
1521,1521,5.916079783099616,1.0
1522,1522,5.916079783099616,1.0
1523,1523,5.916079783099616,1.0
1524,1524,5.916079783099616,1.0
1525,1525,5.916079783099616,1.0
1526,1526,5.916079783099616,1.0
1527,1527,5.916079783099616,1.0
1528,1528,5.916079783099616,1.0
1529,1529,5.916079783099616,1.0
1530,1530,5.916079783099616,1.0
1531,1531,5.916079783099616,1.0
1532,1532,5.916079783099616,1.0
1533,1533,5.916079783099616,1.0
1534,1534,5.916079783099616,1.0
1535,1535,5.916079783099616,1.0
1536,1536,5.916079783099616,1.0
1537,1537,5.916079783099616,1.0
1538,1538,5.916079783099616,1.0
1539,1539,5.916079783099616,1.0
1540,1540,5.916079783099616,1.0
1541,1541,5.916079783099616,1.0
1542,1542,5.916079783099616,1.0
1543,1543,5.916079783099616,1.0
1544,1544,5.916079783099616,1.0
1545,1545,5.916079783099616,1.0
1546,1546,5.916079783099616,1.0
1547,1547,5.916079783099616,1.0
1548,1548,5.916079783099616,1.0
1549,1549,5.916079783099616,1.0
1550,1550,5.916079783099616,1.0
1551,1551,5.916079783099616,1.0
1552,1552,5.916079783099616,1.0
1553,1553,5.916079783099616,1.0
1554,1554,5.916079783099616,1.0
1555,1555,5.916079783099616,1.0
1556,1556,5.916079783099616,1.0
1557,1557,5.916079783099616,1.0
1558,1558,5.916079783099616,1.0
1559,1559,5.916079783099616,1.0
1560,1560,5.916079783099616,1.0
1561,1561,5.916079783099616,1.0
1562,1562,5.916079783099616,1.0
1563,1563,5.916079783099616,1.0
1564,1564,5.916079783099616,1.0
1565,1565,5.916079783099616,1.0
1566,1566,5.916079783099616,1.0
1567,1567,5.916079783099616,1.0
1568,1568,5.916079783099616,1.0
1569,1569,5.916079783099616,1.0
1570,1570,5.916079783099616,1.0
1571,1571,5.916079783099616,1.0
1572,1572,5.916079783099616,1.0
1573,1573,5.916079783099616,1.0
1574,1574,5.916079783099616,1.0
1575,1575,5.916079783099616,1.0
1576,1576,5.916079783099616,1.0
1577,1577,5.916079783099616,1.0
1578,1578,5.916079783099616,1.0
1579,1579,5.916079783099616,1.0
1580,1580,5.916079783099616,1.0
1581,1581,5.916079783099616,1.0
1582,1582,5.916079783099616,1.0
1583,1583,5.916079783099616,1.0
1584,1584,5.916079783099616,1.0
1585,1585,5.916079783099616,1.0
1586,1586,5.916079783099616,1.0
1587,1587,5.916079783099616,1.0
1588,1588,5.916079783099616,1.0
1589,1589,5.916079783099616,1.0
1590,1590,5.916079783099616,1.0
1591,1591,5.916079783099616,1.0
1592,1592,5.916079783099616,1.0
1593,1593,5.916079783099616,1.0
1594,1594,5.916079783099616,1.0
1595,1595,5.916079783099616,1.0
1596,1596,5.916079783099616,1.0
1597,1597,5.916079783099616,1.0
1598,1598,5.916079783099616,1.0
1599,1599,5.916079783099616,1.0
1600,1600,5.916079783099616,1.0
1601,1601,5.916079783099616,1.0
1602,1602,5.916079783099616,1.0
1603,1603,5.916079783099616,1.0
1604,1604,5.916079783099616,1.0
1605,1605,5.916079783099616,1.0
1606,1606,5.916079783099616,1.0
1607,1607,5.916079783099616,1.0
1608,1608,5.916079783099616,1.0
1609,1609,5.916079783099616,1.0
1610,1610,5.916079783099616,1.0
1611,1611,5.916079783099616,1.0
1612,1612,5.916079783099616,1.0
1613,1613,5.916079783099616,1.0
1614,1614,5.916079783099616,1.0
1615,1615,5.916079783099616,1.0
1616,1616,5.916079783099616,1.0
1617,1617,5.916079783099616,1.0
1618,1618,5.916079783099616,1.0
1619,1619,5.916079783099616,1.0
1620,1620,5.916079783099616,1.0
1621,1621,5.916079783099616,1.0
1622,1622,5.916079783099616,1.0
1623,1623,5.916079783099616,1.0
1624,1624,5.916079783099616,1.0
1625,1625,5.916079783099616,1.0
1626,1626,5.916079783099616,1.0
1627,1627,5.916079783099616,1.0
1628,1628,5.916079783099616,1.0
1629,1629,5.916079783099616,1.0
1630,1630,5.916079783099616,1.0
1631,1631,5.916079783099616,1.0
1632,1632,5.916079783099616,1.0
1633,1633,5.916079783099616,1.0
1634,1634,5.916079783099616,1.0
1635,1635,5.916079783099616,1.0
1636,1636,5.916079783099616,1.0
1637,1637,5.916079783099616,1.0
1638,1638,5.916079783099616,1.0
1639,1639,5.916079783099616,1.0
1640,1640,5.916079783099616,1.0
1641,1641,5.916079783099616,1.0
1642,1642,5.916079783099616,1.0
1643,1643,5.916079783099616,1.0
1644,1644,5.916079783099616,1.0
1645,1645,5.916079783099616,1.0
1646,1646,5.916079783099616,1.0
1647,1647,5.916079783099616,1.0
1648,1648,5.916079783099616,1.0
1649,1649,5.916079783099616,1.0
1650,1650,5.916079783099616,1.0
1651,1651,5.916079783099616,1.0
1652,1652,5.916079783099616,1.0
1653,1653,5.916079783099616,1.0
1654,1654,5.916079783099616,1.0
1655,1655,5.916079783099616,1.0
1656,1656,5.916079783099616,1.0
1657,1657,5.916079783099616,1.0
1658,1658,5.916079783099616,1.0
1659,1659,5.916079783099616,1.0
1660,1660,5.916079783099616,1.0
1661,1661,5.916079783099616,1.0
1662,1662,5.916079783099616,1.0
1663,1663,5.916079783099616,1.0
1664,1664,5.916079783099616,1.0
1665,1665,5.916079783099616,1.0
1666,1666,5.916079783099616,1.0
1667,1667,5.916079783099616,1.0
1668,1668,5.916079783099616,1.0
1669,1669,5.916079783099616,1.0
1670,1670,5.916079783099616,1.0
1671,1671,5.916079783099616,1.0
1672,1672,5.916079783099616,1.0
1673,1673,5.916079783099616,1.0
1674,1674,5.916079783099616,1.0
1675,1675,5.916079783099616,1.0
1676,1676,5.916079783099616,1.0
1677,1677,5.916079783099616,1.0
1678,1678,5.916079783099616,1.0
1679,1679,5.916079783099616,1.0
1680,1680,5.916079783099616,1.0
1681,1681,5.916079783099616,1.0
1682,1682,5.916079783099616,1.0
1683,1683,5.916079783099616,1.0
1684,1684,5.916079783099616,1.0
1685,1685,5.916079783099616,1.0
1686,1686,5.916079783099616,1.0
1687,1687,5.916079783099616,1.0
1688,1688,5.916079783099616,1.0
1689,1689,5.916079783099616,1.0
1690,1690,5.916079783099616,1.0
1691,1691,5.916079783099616,1.0
1692,1692,5.916079783099616,1.0
1693,1693,5.916079783099616,1.0
1694,1694,5.916079783099616,1.0
1695,1695,5.916079783099616,1.0
1696,1696,5.916079783099616,1.0
1697,1697,5.916079783099616,1.0
1698,1698,5.916079783099616,1.0
1699,1699,5.916079783099616,1.0
1700,1700,5.916079783099616,1.0
1701,1701,5.916079783099616,1.0
1702,1702,5.916079783099616,1.0
1703,1703,5.916079783099616,1.0
1704,1704,5.916079783099616,1.0
1705,1705,5.916079783099616,1.0
1706,1706,5.916079783099616,1.0
1707,1707,5.916079783099616,1.0
1708,1708,5.916079783099616,1.0
1709,1709,5.916079783099616,1.0
1710,1710,5.916079783099616,1.0
1711,1711,5.916079783099616,1.0
1712,1712,5.916079783099616,1.0
1713,1713,5.916079783099616,1.0
1714,1714,5.916079783099616,1.0
1715,1715,5.916079783099616,1.0
1716,1716,5.916079783099616,1.0
1717,1717,5.916079783099616,1.0
1718,1718,5.916079783099616,1.0
1719,1719,5.916079783099616,1.0
1720,1720,5.916079783099616,1.0
1721,1721,5.916079783099616,1.0
1722,1722,5.916079783099616,1.0
1723,1723,5.916079783099616,1.0
1724,1724,5.916079783099616,1.0
1725,1725,5.916079783099616,1.0
1726,1726,5.916079783099616,1.0
1727,1727,5.916079783099616,1.0
1728,1728,5.916079783099616,1.0
1729,1729,5.916079783099616,1.0
1730,1730,5.916079783099616,1.0
1731,1731,5.916079783099616,1.0
1732,1732,5.916079783099616,1.0
1733,1733,5.916079783099616,1.0
1734,1734,5.916079783099616,1.0
1735,1735,5.916079783099616,1.0
1736,1736,5.916079783099616,1.0
1737,1737,5.916079783099616,1.0
1738,1738,5.916079783099616,1.0
1739,1739,5.916079783099616,1.0
1740,1740,5.916079783099616,1.0
1741,1741,5.916079783099616,1.0
1742,1742,5.916079783099616,1.0
1743,1743,5.916079783099616,1.0
1744,1744,5.916079783099616,1.0
1745,1745,5.916079783099616,1.0
1746,1746,5.916079783099616,1.0
1747,1747,5.916079783099616,1.0
1748,1748,5.916079783099616,1.0
1749,1749,5.916079783099616,1.0
1750,1750,5.916079783099616,1.0
1751,1751,5.916079783099616,1.0
1752,1752,5.916079783099616,1.0
1753,1753,5.916079783099616,1.0
1754,1754,5.916079783099616,1.0
1755,1755,5.916079783099616,1.0
1756,1756,5.916079783099616,1.0
1757,1757,5.916079783099616,1.0
1758,1758,5.916079783099616,1.0
1759,1759,5.916079783099616,1.0
1760,1760,5.916079783099616,1.0
1761,1761,5.916079783099616,1.0
1762,1762,5.916079783099616,1.0
1763,1763,5.916079783099616,1.0
1764,1764,5.916079783099616,1.0
1765,1765,5.916079783099616,1.0
1766,1766,5.916079783099616,1.0
1767,1767,5.916079783099616,1.0
1768,1768,5.916079783099616,1.0
1769,1769,5.916079783099616,1.0
1770,1770,5.916079783099616,1.0
1771,1771,5.916079783099616,1.0
1772,1772,5.916079783099616,1.0
1773,1773,5.916079783099616,1.0
1774,1774,5.916079783099616,1.0
1775,1775,5.916079783099616,1.0
1776,1776,5.916079783099616,1.0
1777,1777,5.916079783099616,1.0
1778,1778,5.916079783099616,1.0
1779,1779,5.916079783099616,1.0
1780,1780,5.916079783099616,1.0
1781,1781,5.916079783099616,1.0
1782,1782,5.916079783099616,1.0
1783,1783,5.916079783099616,1.0
1784,1784,5.916079783099616,1.0
1785,1785,5.916079783099616,1.0
1786,1786,5.916079783099616,1.0
1787,1787,5.916079783099616,1.0
1788,1788,5.916079783099616,1.0
1789,1789,5.916079783099616,1.0
1790,1790,5.916079783099616,1.0
1791,1791,5.916079783099616,1.0
1792,1792,5.916079783099616,1.0
1793,1793,5.916079783099616,1.0
1794,1794,5.916079783099616,
1795,1795,5.916079783099616,
1796,1796,5.916079783099616,
1797,1797,5.916079783099616,
1798,1798,5.916079783099616,
1799,1799,5.916079783099616,
1800,1800,5.916079783099616,
1801,1801,5.916079783099616,
1802,1802,5.916079783099616,
1803,1803,5.916079783099616,
1804,1804,5.916079783099616,
1805,1805,5.916079783099616,
1806,1806,5.916079783099616,
1807,1807,5.916079783099616,
1808,1808,5.916079783099616,
1809,1809,5.916079783099616,
1810,1810,5.916079783099616,
1811,1811,5.916079783099616,
1812,1812,5.916079783099616,
1813,1813,5.916079783099616,
